{
  "bootstrap": {
    "spearman_rho_mean": 0.9721583673363422,
    "spearman_rho_std": 0.007878134490043515,
    "jaccard_at_k_mean": 0.6416506563353163,
    "jaccard_at_k_std": 0.10480334808335032,
    "ari_mean": 0.7552546296676446,
    "ari_std": 0.06848101899366711,
    "silhouette_std": 0.02306884754618965,
    "dunn_std": 0.010171500922582236,
    "dbi_std": 0.13722624693164995,
    "B": 12,
    "subsample": 0.8
  },
  "seed_sensitivity": {
    "spearman_rho_mean": 0.9794559227110041,
    "spearman_rho_std": 0.0017608687866722482,
    "trials": 3
  },
  "noise_robustness": {
    "spearman_rho_mean": 0.9730934013063638,
    "spearman_rho_std": 0.007218568214269546,
    "sigma": 0.01,
    "trials": 3
  },
  "k_top": 35,
  "n_samples": 1761,
  "contamination": 0.02
}