{
  "contamination": 0.02,
  "methods": [
    "IF",
    "LOF",
    "AE",
    "PPCA_MAH",
    "COPULA"
  ],
  "thresholds": {
    "IF": 0.5698049004953468,
    "LOF": 1.4091107394745739,
    "AE": 0.3186416129901874,
    "PPCA_MAH": 164.08496155521496,
    "COPULA": 10.945787152000579
  },
  "fused_threshold": 0.9303181818181816,
  "evals": {
    "IF": {
      "silhouette": 0.6550654519692625,
      "dunn": 0.053786246905717046,
      "dbi": 0.9827037204126836
    },
    "LOF": {
      "silhouette": 0.48613103705100547,
      "dunn": 0.02813521213138543,
      "dbi": 2.4241959627003564
    },
    "AE": {
      "silhouette": 0.32048934646538435,
      "dunn": 0.02344520452944335,
      "dbi": 3.0212654602140967
    },
    "PPCA_MAH": {
      "silhouette": 0.6607956475856526,
      "dunn": 0.035144036360884236,
      "dbi": 0.8723277024180744
    },
    "COPULA": {
      "silhouette": 0.651068485014538,
      "dunn": 0.02535575345989264,
      "dbi": 0.9209651360653835
    },
    "FUSED": {
      "silhouette": 0.6213383383077271,
      "dunn": 0.04853049892803817,
      "dbi": 1.2386035084134086
    }
  },
  "weights": {},
  "use_pca": true,
  "use_fa": false,
  "pca_components": 7
}