{
  "bootstrap": {
    "spearman_rho_mean": 0.9872121855092955,
    "spearman_rho_std": 0.004030660737094453,
    "jaccard_at_k_mean": 0.8823529411764706,
    "jaccard_at_k_std": 0.0,
    "ari_mean": 0.9172560380621192,
    "ari_std": 0.05029884406519473,
    "silhouette_std": 0.029529069917604664,
    "dunn_std": 0.012886426571561319,
    "dbi_std": 0.11540072026984317,
    "B": 4,
    "subsample": 0.8
  },
  "seed_sensitivity": {
    "spearman_rho_mean": 0.9995678231061387,
    "spearman_rho_std": 0.0,
    "trials": 1
  },
  "noise_robustness": {
    "spearman_rho_mean": 0.9978276628833262,
    "spearman_rho_std": 0.0,
    "sigma": 0.01,
    "trials": 1
  },
  "k_top": 21,
  "n_samples": 704,
  "contamination": 0.03
}