{
  "contamination": 0.03,
  "methods": [
    "IF",
    "LOF",
    "PPCA_MAH",
    "OCSVM",
    "HDBSCAN",
    "COPULA"
  ],
  "thresholds": {
    "IF": 0.5518144882357018,
    "LOF": 1.5290017852385136,
    "PPCA_MAH": 122.03422683068318,
    "OCSVM": 7.762990740658799e-05,
    "HDBSCAN": 0.5678012327229787,
    "COPULA": 8.570908146056633
  },
  "fused_threshold": 0.959009009009009,
  "evals": {
    "IF": {
      "silhouette": 0.5536799748697773,
      "dunn": 0.04061602399669866,
      "dbi": 1.2633516097407964
    },
    "LOF": {
      "silhouette": 0.536369212785453,
      "dunn": 0.018880077496542694,
      "dbi": 1.5462371389063239
    },
    "PPCA_MAH": {
      "silhouette": 0.5570322079351896,
      "dunn": 0.04703393309996374,
      "dbi": 1.255227849627813
    },
    "OCSVM": {
      "silhouette": 0.44045063461208883,
      "dunn": 0.022424212856614483,
      "dbi": 2.488584042590307
    },
    "HDBSCAN": {
      "silhouette": 0.5652920060938204,
      "dunn": 0.04703393309996374,
      "dbi": 1.3248740350178343
    },
    "COPULA": {
      "silhouette": 0.555498311350058,
      "dunn": 0.06387250003488014,
      "dbi": 1.2366651977894911
    },
    "FUSED": {
      "silhouette": 0.5599408155499477,
      "dunn": 0.04436568622544537,
      "dbi": 1.2534352548661167
    }
  },
  "weights": {},
  "use_pca": true,
  "use_fa": false,
  "pca_components": 7
}