{
  "bootstrap": {
    "spearman_rho_mean": 0.9876143651645701,
    "spearman_rho_std": 0.0035772449095696126,
    "jaccard_at_k_mean": 0.8594771241830065,
    "jaccard_at_k_std": 0.09167817084382704,
    "ari_mean": 0.9088770834358395,
    "ari_std": 0.03163575263103932,
    "silhouette_std": 0.029244787329291023,
    "dunn_std": 0.014460716196387214,
    "dbi_std": 0.19238675713048264,
    "B": 4,
    "subsample": 0.8
  },
  "seed_sensitivity": {
    "spearman_rho_mean": 0.9995202582509545,
    "spearman_rho_std": 0.0,
    "trials": 1
  },
  "noise_robustness": {
    "spearman_rho_mean": 0.9971234327206467,
    "spearman_rho_std": 0.0,
    "sigma": 0.01,
    "trials": 1
  },
  "k_top": 21,
  "n_samples": 704,
  "contamination": 0.03
}