{
  "contamination": 0.06,
  "methods": [
    "IF",
    "LOF",
    "PPCA_MAH",
    "OCSVM",
    "HDBSCAN",
    "COPULA"
  ],
  "thresholds": {
    "IF": 0.5221410697720376,
    "LOF": 1.2699970962847362,
    "PPCA_MAH": 94.98311185671241,
    "OCSVM": 1.0506550730579292e-05,
    "HDBSCAN": 0.3827449640134271,
    "COPULA": 7.136233188959755
  },
  "fused_threshold": 0.8822348484848485,
  "evals": {
    "IF": {
      "silhouette": 0.516345471052677,
      "dunn": 0.02643000990707924,
      "dbi": 2.0391725284680406
    },
    "LOF": {
      "silhouette": 0.3339123005190193,
      "dunn": 0.010395113533678736,
      "dbi": 3.2355967040782447
    },
    "PPCA_MAH": {
      "silhouette": 0.5183370996268386,
      "dunn": 0.012307833423467533,
      "dbi": 1.617568718097567
    },
    "OCSVM": {
      "silhouette": 0.49264187121174624,
      "dunn": 0.013278099796034415,
      "dbi": 2.0318508368497077
    },
    "HDBSCAN": {
      "silhouette": 0.5182136484764488,
      "dunn": 0.016422393907890555,
      "dbi": 1.4205056405297813
    },
    "COPULA": {
      "silhouette": 0.5045032948557248,
      "dunn": 0.013267443066620305,
      "dbi": 1.8347041165938038
    },
    "FUSED": {
      "silhouette": 0.4983093312393788,
      "dunn": 0.016203986436416563,
      "dbi": 1.8049056417266627
    }
  },
  "weights": {},
  "use_pca": true,
  "use_fa": true,
  "pca_components": 7
}