{
  "bootstrap": {
    "spearman_rho_mean": 0.9771697203139474,
    "spearman_rho_std": 0.0031295536290095348,
    "jaccard_at_k_mean": 0.7867756350769666,
    "jaccard_at_k_std": 0.06665673581164816,
    "ari_mean": 0.8520792295944855,
    "ari_std": 0.05581018640763784,
    "silhouette_std": 0.013307014014968881,
    "dunn_std": 0.004576974867325637,
    "dbi_std": 0.10811633634176344,
    "B": 12,
    "subsample": 0.8
  },
  "seed_sensitivity": {
    "spearman_rho_mean": 0.9977590956875257,
    "spearman_rho_std": 0.0005222841012949593,
    "trials": 3
  },
  "noise_robustness": {
    "spearman_rho_mean": 0.9884419713373674,
    "spearman_rho_std": 0.0033952728759964208,
    "sigma": 0.01,
    "trials": 3
  },
  "k_top": 105,
  "n_samples": 1761,
  "contamination": 0.06
}