{
  "contamination": 0.02,
  "methods": [
    "IF",
    "LOF",
    "AE",
    "PPCA_MAH",
    "OCSVM"
  ],
  "thresholds": {
    "IF": 0.6049891386843959,
    "LOF": 1.4325713572448113,
    "AE": 0.004604219916076704,
    "PPCA_MAH": 145.61043810143423,
    "OCSVM": 8.771936772231488e-05
  },
  "fused_threshold": 0.9244545454545451,
  "evals": {
    "IF": {
      "silhouette": 0.5858325520148158,
      "dunn": 0.03336245022843252,
      "dbi": 1.4830337874668977
    },
    "LOF": {
      "silhouette": 0.37279984052852844,
      "dunn": 0.03537305580820238,
      "dbi": 3.836817216768687
    },
    "AE": {
      "silhouette": 0.2630625870526814,
      "dunn": 0.01691134081625223,
      "dbi": 2.472446705606867
    },
    "PPCA_MAH": {
      "silhouette": 0.6014182589371774,
      "dunn": 0.04591449850364698,
      "dbi": 0.9352031548001898
    },
    "OCSVM": {
      "silhouette": 0.42293746405000376,
      "dunn": 0.01672880745187555,
      "dbi": 3.1333286471085477
    },
    "FUSED": {
      "silhouette": 0.519213826841312,
      "dunn": 0.031072723170420057,
      "dbi": 1.8524647123712994
    }
  },
  "weights": {},
  "use_pca": false,
  "use_fa": true,
  "pca_components": 13
}