{
  "bootstrap": {
    "spearman_rho_mean": 0.9647726888860751,
    "spearman_rho_std": 0.00880277127301753,
    "jaccard_at_k_mean": 0.5507761349866612,
    "jaccard_at_k_std": 0.061610839856522194,
    "ari_mean": 0.7024281683276191,
    "ari_std": 0.044141967516045794,
    "silhouette_std": 0.032718425820544114,
    "dunn_std": 0.008002914296105843,
    "dbi_std": 0.2616697094474187,
    "B": 12,
    "subsample": 0.8
  },
  "seed_sensitivity": {
    "spearman_rho_mean": 0.9723907728622443,
    "spearman_rho_std": 0.011300640951187036,
    "trials": 3
  },
  "noise_robustness": {
    "spearman_rho_mean": 0.882873426451093,
    "spearman_rho_std": 0.0017106171324699148,
    "sigma": 0.01,
    "trials": 3
  },
  "k_top": 35,
  "n_samples": 1761,
  "contamination": 0.02
}