{
  "bootstrap": {
    "spearman_rho_mean": 0.9881983965733282,
    "spearman_rho_std": 0.0028528876635116798,
    "jaccard_at_k_mean": 0.8205386171658441,
    "jaccard_at_k_std": 0.04361900633958318,
    "ari_mean": 0.8723810747384082,
    "ari_std": 0.030575919867033396,
    "silhouette_std": 0.010061316808718171,
    "dunn_std": 0.00395662936208831,
    "dbi_std": 0.11737164082116248,
    "B": 12,
    "subsample": 0.8
  },
  "seed_sensitivity": {
    "spearman_rho_mean": 0.993753274050427,
    "spearman_rho_std": 0.00042291804962120243,
    "trials": 3
  },
  "noise_robustness": {
    "spearman_rho_mean": 0.9930131785133834,
    "spearman_rho_std": 0.0007446863441542787,
    "sigma": 0.01,
    "trials": 3
  },
  "k_top": 105,
  "n_samples": 1761,
  "contamination": 0.06
}