{
  "contamination": 0.05,
  "methods": [
    "IF",
    "LOF",
    "AE",
    "PPCA_MAH",
    "HDBSCAN",
    "COPULA"
  ],
  "thresholds": {
    "IF": 0.5286478890771686,
    "LOF": 1.4396470067080334,
    "AE": 0.5027731550794002,
    "PPCA_MAH": 105.0427339178678,
    "HDBSCAN": 0.48839846789955627,
    "COPULA": 7.262276863837576
  },
  "fused_threshold": 0.9096728307254623,
  "evals": {
    "IF": {
      "silhouette": 0.4953601011794701,
      "dunn": 0.018575417022873505,
      "dbi": 1.7803487954455113
    },
    "LOF": {
      "silhouette": 0.4745985798427599,
      "dunn": 0.018199993077845335,
      "dbi": 1.883095118663007
    },
    "AE": {
      "silhouette": 0.38900314460512375,
      "dunn": 0.026957870156118193,
      "dbi": 2.050076063655219
    },
    "PPCA_MAH": {
      "silhouette": 0.4963162703732571,
      "dunn": 0.029934879077704844,
      "dbi": 1.6860255669541717
    },
    "HDBSCAN": {
      "silhouette": 0.5197857545806465,
      "dunn": 0.04436568622544537,
      "dbi": 1.4653259755774637
    },
    "COPULA": {
      "silhouette": 0.49270974065747386,
      "dunn": 0.018498496121144146,
      "dbi": 1.903605860084086
    },
    "FUSED": {
      "silhouette": 0.494265085023266,
      "dunn": 0.018880077496542694,
      "dbi": 1.3856139607955449
    }
  },
  "weights": {},
  "use_pca": true,
  "use_fa": false,
  "pca_components": 7
}