{
  "bootstrap": {
    "spearman_rho_mean": 0.9680725913766755,
    "spearman_rho_std": 0.004593828756800691,
    "jaccard_at_k_mean": 0.6921146953405017,
    "jaccard_at_k_std": 0.11541162982122753,
    "ari_mean": 0.7788717033194983,
    "ari_std": 0.07074110457732277,
    "silhouette_std": 0.022411565412608452,
    "dunn_std": 0.010462834456652487,
    "dbi_std": 0.24702796818814704,
    "B": 4,
    "subsample": 0.8
  },
  "seed_sensitivity": {
    "spearman_rho_mean": 0.9787360985835071,
    "spearman_rho_std": 0.0,
    "trials": 1
  },
  "noise_robustness": {
    "spearman_rho_mean": 0.9860737394166695,
    "spearman_rho_std": 0.0,
    "sigma": 0.01,
    "trials": 1
  },
  "k_top": 35,
  "n_samples": 704,
  "contamination": 0.05
}