{
  "contamination": 0.1,
  "methods": [
    "IF",
    "LOF",
    "AE",
    "PPCA_MAH",
    "OCSVM",
    "HDBSCAN",
    "COPULA"
  ],
  "thresholds": {
    "IF": 0.5046244239466027,
    "LOF": 1.2099591218702697,
    "AE": 0.14868432020601668,
    "PPCA_MAH": 83.5760703881338,
    "OCSVM": 2.8744069815900275e-05,
    "HDBSCAN": 0.4850867672753678,
    "COPULA": 6.114251413369432
  },
  "fused_threshold": 0.8189123376623375,
  "evals": {
    "IF": {
      "silhouette": 0.42898334776120317,
      "dunn": 0.013267443066620305,
      "dbi": 2.742770558305576
    },
    "LOF": {
      "silhouette": 0.19851093163708086,
      "dunn": 0.01036223148903153,
      "dbi": 5.896880184170161
    },
    "AE": {
      "silhouette": 0.204745701798828,
      "dunn": 0.014434217248251176,
      "dbi": 3.9965781827727427
    },
    "PPCA_MAH": {
      "silhouette": 0.41048444523767513,
      "dunn": 0.012157403216142847,
      "dbi": 2.1460041754753982
    },
    "OCSVM": {
      "silhouette": 0.41435424180290664,
      "dunn": 0.008301520120136656,
      "dbi": 2.728487860762776
    },
    "HDBSCAN": {
      "silhouette": 0.46540963781907574,
      "dunn": 0.02050834230534556,
      "dbi": 1.8206586846024069
    },
    "COPULA": {
      "silhouette": 0.42294751069263226,
      "dunn": 0.00776086095418653,
      "dbi": 2.5147634320138343
    },
    "FUSED": {
      "silhouette": 0.4037178881174035,
      "dunn": 0.019695311938311276,
      "dbi": 2.2843540298351246
    }
  },
  "weights": {},
  "use_pca": true,
  "use_fa": true,
  "pca_components": 7
}