{
  "bootstrap": {
    "spearman_rho_mean": 0.9746585047031114,
    "spearman_rho_std": 0.006830814911342682,
    "jaccard_at_k_mean": 0.7679905751515684,
    "jaccard_at_k_std": 0.029766926917338832,
    "ari_mean": 0.83112615239127,
    "ari_std": 0.024293706342789347,
    "silhouette_std": 0.009529388022494992,
    "dunn_std": 0.003120443847894527,
    "dbi_std": 0.13390163231064567,
    "B": 12,
    "subsample": 0.8
  },
  "seed_sensitivity": {
    "spearman_rho_mean": 0.9871573372144814,
    "spearman_rho_std": 0.0012446112936236214,
    "trials": 3
  },
  "noise_robustness": {
    "spearman_rho_mean": 0.9809214372097257,
    "spearman_rho_std": 0.0044645558553199636,
    "sigma": 0.01,
    "trials": 3
  },
  "k_top": 176,
  "n_samples": 1761,
  "contamination": 0.1
}