{
  "contamination": 0.03,
  "methods": [
    "IF",
    "LOF",
    "PPCA_MAH",
    "OCSVM"
  ],
  "thresholds": {
    "IF": 0.5501473035319075,
    "LOF": 1.3677180527802133,
    "PPCA_MAH": 163.99375150012455,
    "OCSVM": 3.5584388771957034e-05
  },
  "fused_threshold": 0.9331818181818181,
  "evals": {
    "IF": {
      "silhouette": 0.6135769422271591,
      "dunn": 0.025497646243604677,
      "dbi": 1.1353469810871846
    },
    "LOF": {
      "silhouette": 0.43259960282463883,
      "dunn": 0.03090887901602921,
      "dbi": 2.4004068637046068
    },
    "PPCA_MAH": {
      "silhouette": 0.619943507695344,
      "dunn": 0.047607136953122985,
      "dbi": 0.806789080858506
    },
    "OCSVM": {
      "silhouette": 0.4844940398638919,
      "dunn": 0.020460358061029287,
      "dbi": 1.9343326690816316
    },
    "FUSED": {
      "silhouette": 0.5905475473865389,
      "dunn": 0.045549999745054116,
      "dbi": 1.2758958425393336
    }
  },
  "weights": {},
  "use_pca": true,
  "use_fa": false,
  "pca_components": 7
}