{
  "contamination": 0.04,
  "methods": [
    "IF",
    "LOF",
    "AE",
    "PPCA_MAH",
    "OCSVM",
    "HDBSCAN",
    "COPULA"
  ],
  "thresholds": {
    "IF": 0.5369117354847177,
    "LOF": 1.4238269614753063,
    "AE": 0.5739035030768048,
    "PPCA_MAH": 110.06252194481392,
    "OCSVM": 3.451137418092982e-05,
    "HDBSCAN": 0.2740088274881746,
    "COPULA": 7.811525334260253
  },
  "fused_threshold": 0.8938020727494412,
  "evals": {
    "IF": {
      "silhouette": 0.5227295624888341,
      "dunn": 0.038310204839555065,
      "dbi": 1.5780881568115368
    },
    "LOF": {
      "silhouette": 0.4524886987242439,
      "dunn": 0.018575417022873505,
      "dbi": 2.1515748375543815
    },
    "AE": {
      "silhouette": 0.4159326309543154,
      "dunn": 0.04681833466575661,
      "dbi": 1.9696068960020348
    },
    "PPCA_MAH": {
      "silhouette": 0.530050382042549,
      "dunn": 0.0342563007203361,
      "dbi": 1.2684079778566424
    },
    "OCSVM": {
      "silhouette": 0.4351779848066597,
      "dunn": 0.022424212856614483,
      "dbi": 2.3318778668427633
    },
    "HDBSCAN": {
      "silhouette": 0.420029416969464,
      "dunn": 0.016518255662292564,
      "dbi": 2.0604395767140375
    },
    "COPULA": {
      "silhouette": 0.5133149964545901,
      "dunn": 0.018498496121144146,
      "dbi": 1.6497459911764305
    },
    "FUSED": {
      "silhouette": 0.514228836201379,
      "dunn": 0.018880077496542694,
      "dbi": 1.3709474120867213
    }
  },
  "weights": {},
  "use_pca": true,
  "use_fa": false,
  "pca_components": 7
}