{
  "bootstrap": {
    "spearman_rho_mean": 0.9606883707260622,
    "spearman_rho_std": 0.00888111883443851,
    "jaccard_at_k_mean": 0.630223595869646,
    "jaccard_at_k_std": 0.0714005274351183,
    "ari_mean": 0.7373153987087443,
    "ari_std": 0.0534093174503166,
    "silhouette_std": 0.013646840894108402,
    "dunn_std": 0.003815632628778605,
    "dbi_std": 0.11242854879018582,
    "B": 12,
    "subsample": 0.8
  },
  "seed_sensitivity": {
    "spearman_rho_mean": 0.9806131603826818,
    "spearman_rho_std": 0.002610691594087852,
    "trials": 3
  },
  "noise_robustness": {
    "spearman_rho_mean": 0.9709103258892434,
    "spearman_rho_std": 0.007220334014357675,
    "sigma": 0.01,
    "trials": 3
  },
  "k_top": 70,
  "n_samples": 1761,
  "contamination": 0.04
}