{
  "bootstrap": {
    "spearman_rho_mean": 0.9790743382931316,
    "spearman_rho_std": 0.0031793167626840866,
    "jaccard_at_k_mean": 0.8691632678284514,
    "jaccard_at_k_std": 0.06937412978093327,
    "ari_mean": 0.9152984995438026,
    "ari_std": 0.03162478011192779,
    "silhouette_std": 0.0092588014130377,
    "dunn_std": 0.008528850334523842,
    "dbi_std": 0.07894021666850211,
    "B": 12,
    "subsample": 0.8
  },
  "seed_sensitivity": {
    "spearman_rho_mean": 0.9991490653709887,
    "spearman_rho_std": 3.383093876138419e-05,
    "trials": 3
  },
  "noise_robustness": {
    "spearman_rho_mean": 0.8666206789638028,
    "spearman_rho_std": 0.003453843090548238,
    "sigma": 0.01,
    "trials": 3
  },
  "k_top": 35,
  "n_samples": 1761,
  "contamination": 0.02
}