{
  "contamination": 0.02,
  "methods": [
    "IF",
    "LOF",
    "PPCA_MAH",
    "OCSVM",
    "HDBSCAN",
    "COPULA"
  ],
  "thresholds": {
    "IF": 0.6113800507270462,
    "LOF": 1.6068209219269358,
    "PPCA_MAH": 139.66493544491192,
    "OCSVM": 8.771936772697782e-05,
    "HDBSCAN": 0.6957079813768624,
    "COPULA": -4.150478023881205
  },
  "fused_threshold": 0.965340909090909,
  "evals": {
    "IF": {
      "silhouette": 0.5967555856303758,
      "dunn": 0.03336245022843254,
      "dbi": 1.2438080777896579
    },
    "LOF": {
      "silhouette": 0.5460725016409016,
      "dunn": 0.03580915854810581,
      "dbi": 1.5920137561550827
    },
    "PPCA_MAH": {
      "silhouette": 0.6005097932531946,
      "dunn": 0.03448434613836716,
      "dbi": 0.9431278633563045
    },
    "OCSVM": {
      "silhouette": 0.42293746405000376,
      "dunn": 0.016728807451875608,
      "dbi": 3.1333286471085495
    },
    "HDBSCAN": {
      "silhouette": 0.5875206123834698,
      "dunn": 0.03448434613836716,
      "dbi": 1.1455581091417653
    },
    "COPULA": {
      "silhouette": 0.5811008847402303,
      "dunn": 0.021011123186361037,
      "dbi": 1.2104605385984168
    },
    "FUSED": {
      "silhouette": 0.5798730087437086,
      "dunn": 0.03448434613836716,
      "dbi": 1.3373251238363117
    }
  },
  "weights": {},
  "use_pca": false,
  "use_fa": true,
  "pca_components": 13
}