{
  "bootstrap": {
    "spearman_rho_mean": 0.970023029108016,
    "spearman_rho_std": 0.0034639350974107396,
    "jaccard_at_k_mean": 0.8425554840620563,
    "jaccard_at_k_std": 0.07606868082695983,
    "ari_mean": 0.9069295474988989,
    "ari_std": 0.05385478164277339,
    "silhouette_std": 0.012398041301912355,
    "dunn_std": 0.00826457849963902,
    "dbi_std": 0.08277942106114568,
    "B": 6,
    "subsample": 0.8
  },
  "seed_sensitivity": {
    "spearman_rho_mean": 0.9986939657642906,
    "spearman_rho_std": 1.1223976887797527e-05,
    "trials": 2
  },
  "noise_robustness": {
    "spearman_rho_mean": 0.9908231740686053,
    "spearman_rho_std": 0.0005147462466634223,
    "sigma": 0.01,
    "trials": 2
  },
  "k_top": 52,
  "n_samples": 1321,
  "contamination": 0.04
}