{
  "contamination": 0.02,
  "methods": [
    "IF",
    "LOF",
    "AE",
    "PPCA_MAH",
    "OCSVM",
    "COPULA"
  ],
  "thresholds": {
    "IF": 0.6019786454092935,
    "LOF": 1.4300605419088024,
    "AE": 0.004604219916076704,
    "PPCA_MAH": 145.61043810143423,
    "OCSVM": 8.771936772231488e-05,
    "COPULA": -4.150478023881205
  },
  "fused_threshold": 0.9345075757575757,
  "evals": {
    "IF": {
      "silhouette": 0.5854560198280276,
      "dunn": 0.023738590778699515,
      "dbi": 1.5089763343174205
    },
    "LOF": {
      "silhouette": 0.4486399396364999,
      "dunn": 0.026273621293247264,
      "dbi": 2.656704220764813
    },
    "AE": {
      "silhouette": 0.2630625870526814,
      "dunn": 0.01691134081625223,
      "dbi": 2.472446705606867
    },
    "PPCA_MAH": {
      "silhouette": 0.6014182589371774,
      "dunn": 0.04591449850364698,
      "dbi": 0.9352031548001898
    },
    "OCSVM": {
      "silhouette": 0.42293746405000376,
      "dunn": 0.01672880745187555,
      "dbi": 3.1333286471085477
    },
    "COPULA": {
      "silhouette": 0.5811008847402305,
      "dunn": 0.0210111231863611,
      "dbi": 1.2104605385984155
    },
    "FUSED": {
      "silhouette": 0.565406272832889,
      "dunn": 0.0344843461383672,
      "dbi": 1.5170671082756906
    }
  },
  "weights": {},
  "use_pca": false,
  "use_fa": true,
  "pca_components": 13
}