{
  "bootstrap": {
    "spearman_rho_mean": 0.9868896898490923,
    "spearman_rho_std": 0.0027779748816643786,
    "jaccard_at_k_mean": 0.9020479238452169,
    "jaccard_at_k_std": 0.045120195638157244,
    "ari_mean": 0.9347832476893658,
    "ari_std": 0.024159850267968096,
    "silhouette_std": 0.009722823175428014,
    "dunn_std": 0.006646452571295315,
    "dbi_std": 0.0952219158178055,
    "B": 12,
    "subsample": 0.8
  },
  "seed_sensitivity": {
    "spearman_rho_mean": 0.9982581561234811,
    "spearman_rho_std": 0.0012717802099122563,
    "trials": 3
  },
  "noise_robustness": {
    "spearman_rho_mean": 0.994531741453004,
    "spearman_rho_std": 0.0018844358973046536,
    "sigma": 0.01,
    "trials": 3
  },
  "k_top": 70,
  "n_samples": 1761,
  "contamination": 0.04
}