{
  "contamination": 0.02,
  "methods": [
    "IF",
    "LOF",
    "PPCA_MAH",
    "OCSVM",
    "HDBSCAN",
    "COPULA"
  ],
  "thresholds": {
    "IF": 0.60613261724849,
    "LOF": 1.647979378463836,
    "PPCA_MAH": 58.745958001533765,
    "OCSVM": 9.645006325310791e-05,
    "HDBSCAN": 0.6291423017046499,
    "COPULA": -6.845300557194623
  },
  "fused_threshold": 0.9663205310573731,
  "evals": {
    "IF": {
      "silhouette": 0.5528643340138705,
      "dunn": 0.0450520983775619,
      "dbi": 1.7167596548785344
    },
    "LOF": {
      "silhouette": 0.5303060905756223,
      "dunn": 0.04730731599448597,
      "dbi": 2.104104559176338
    },
    "PPCA_MAH": {
      "silhouette": 0.5565449972356167,
      "dunn": 0.051981991658982936,
      "dbi": 0.8850211321819506
    },
    "OCSVM": {
      "silhouette": 0.31784382065064415,
      "dunn": 0.02627127454291983,
      "dbi": 3.2400726808360467
    },
    "HDBSCAN": {
      "silhouette": 0.5403670927570179,
      "dunn": 0.04089077856123733,
      "dbi": 1.5589628318055064
    },
    "COPULA": {
      "silhouette": 0.5449862645289941,
      "dunn": 0.0061326036776860665,
      "dbi": 1.3658533312653205
    },
    "FUSED": {
      "silhouette": 0.5521473824610657,
      "dunn": 0.041160818040061616,
      "dbi": 1.3977783721139272
    }
  },
  "weights": {},
  "use_pca": false,
  "use_fa": true,
  "pca_components": 13
}