{
  "bootstrap": {
    "spearman_rho_mean": 0.9741966896177052,
    "spearman_rho_std": 0.0024471862564760917,
    "jaccard_at_k_mean": 0.7980769230769231,
    "jaccard_at_k_std": 0.061065893856595055,
    "ari_mean": 0.8809697616452523,
    "ari_std": 0.05237557388244349,
    "silhouette_std": 0.04493030410139881,
    "dunn_std": 0.008637330665030672,
    "dbi_std": 0.5171280329729199,
    "B": 4,
    "subsample": 0.8
  },
  "seed_sensitivity": {
    "spearman_rho_mean": 0.9989713873072379,
    "spearman_rho_std": 0.0,
    "trials": 1
  },
  "noise_robustness": {
    "spearman_rho_mean": 0.837540001335466,
    "spearman_rho_std": 0.0,
    "sigma": 0.01,
    "trials": 1
  },
  "k_top": 14,
  "n_samples": 704,
  "contamination": 0.02
}