{
  "contamination": 0.04,
  "methods": [
    "IF",
    "LOF",
    "AE",
    "PPCA_MAH",
    "OCSVM"
  ],
  "thresholds": {
    "IF": 0.5664606628867047,
    "LOF": 1.3294306515881453,
    "AE": 0.17783495749196934,
    "PPCA_MAH": 1332.3851056275223,
    "OCSVM": 2.5057068044986252e-05
  },
  "fused_threshold": 0.9025454545454544,
  "evals": {
    "IF": {
      "silhouette": 0.5722110078483464,
      "dunn": 0.02439592696396192,
      "dbi": 1.8781956383570915
    },
    "LOF": {
      "silhouette": 0.37708400258059765,
      "dunn": 0.02842943716477528,
      "dbi": 3.2323359478478095
    },
    "AE": {
      "silhouette": 0.2845999878565556,
      "dunn": 0.026006035026405146,
      "dbi": 3.7220520449451646
    },
    "PPCA_MAH": {
      "silhouette": 0.5747789210588662,
      "dunn": 0.01908478075539944,
      "dbi": 1.2115481616634414
    },
    "OCSVM": {
      "silhouette": 0.5129413544229285,
      "dunn": 0.01908478075539944,
      "dbi": 2.0936838677438896
    },
    "FUSED": {
      "silhouette": 0.533431841886196,
      "dunn": 0.03714333542375583,
      "dbi": 1.7960064961511837
    }
  },
  "weights": {},
  "use_pca": false,
  "use_fa": false,
  "pca_components": null
}