{
  "contamination": 0.02,
  "methods": [
    "IF",
    "LOF",
    "AE",
    "PPCA_MAH",
    "OCSVM",
    "COPULA"
  ],
  "thresholds": {
    "IF": 0.5790684152123923,
    "LOF": 1.4091107394745739,
    "AE": 0.3186416129901874,
    "PPCA_MAH": 164.08496155521496,
    "OCSVM": 0.00011211266385448977,
    "COPULA": 10.945787152000579
  },
  "fused_threshold": 0.933030303030303,
  "evals": {
    "IF": {
      "silhouette": 0.6603801616722801,
      "dunn": 0.02535575345989264,
      "dbi": 0.908290518975182
    },
    "LOF": {
      "silhouette": 0.48613103705100547,
      "dunn": 0.02813521213138543,
      "dbi": 2.4241959627003564
    },
    "AE": {
      "silhouette": 0.32048934646538435,
      "dunn": 0.02344520452944335,
      "dbi": 3.0212654602140967
    },
    "PPCA_MAH": {
      "silhouette": 0.6607956475856526,
      "dunn": 0.035144036360884236,
      "dbi": 0.8723277024180744
    },
    "OCSVM": {
      "silhouette": 0.5063059698471383,
      "dunn": 0.025335403454405134,
      "dbi": 2.049685353204433
    },
    "COPULA": {
      "silhouette": 0.651068485014538,
      "dunn": 0.02535575345989264,
      "dbi": 0.9209651360653835
    },
    "FUSED": {
      "silhouette": 0.6235367794831996,
      "dunn": 0.04365908059285007,
      "dbi": 1.2340204982497274
    }
  },
  "weights": {},
  "use_pca": true,
  "use_fa": true,
  "pca_components": 7
}