{
  "bootstrap": {
    "spearman_rho_mean": 0.980940356538781,
    "spearman_rho_std": 0.004931980501636319,
    "jaccard_at_k_mean": 0.6457565854624678,
    "jaccard_at_k_std": 0.06723747416737315,
    "ari_mean": 0.7656436404625014,
    "ari_std": 0.058660668303461734,
    "silhouette_std": 0.018143607496423037,
    "dunn_std": 0.010668461425161169,
    "dbi_std": 0.10506351093102619,
    "B": 12,
    "subsample": 0.8
  },
  "seed_sensitivity": {
    "spearman_rho_mean": 0.986344347274437,
    "spearman_rho_std": 0.0011526821616286574,
    "trials": 3
  },
  "noise_robustness": {
    "spearman_rho_mean": 0.9810775280722078,
    "spearman_rho_std": 0.0053139152402917455,
    "sigma": 0.01,
    "trials": 3
  },
  "k_top": 35,
  "n_samples": 1761,
  "contamination": 0.02
}