{
  "contamination": 0.1,
  "methods": [
    "IF",
    "LOF",
    "PPCA_MAH",
    "COPULA"
  ],
  "thresholds": {
    "IF": 0.5059570757655791,
    "LOF": 1.2556649857525146,
    "PPCA_MAH": 81.75379303968525,
    "COPULA": 6.114251413369432
  },
  "fused_threshold": 0.8559659090909091,
  "evals": {
    "IF": {
      "silhouette": 0.4378863926981863,
      "dunn": 0.015029295971284122,
      "dbi": 2.8141628549443727
    },
    "LOF": {
      "silhouette": 0.3517317019345898,
      "dunn": 0.015969714814848494,
      "dbi": 2.5860996760902033
    },
    "PPCA_MAH": {
      "silhouette": 0.416041933547653,
      "dunn": 0.012195981805684148,
      "dbi": 1.9316024892175632
    },
    "COPULA": {
      "silhouette": 0.42294751069263226,
      "dunn": 0.00776086095418653,
      "dbi": 2.5147634320138343
    },
    "FUSED": {
      "silhouette": 0.4461232211528946,
      "dunn": 0.015956897850658094,
      "dbi": 2.1257534781046568
    }
  },
  "weights": {},
  "use_pca": true,
  "use_fa": true,
  "pca_components": 7
}