{
  "bootstrap": {
    "spearman_rho_mean": 0.991376569935349,
    "spearman_rho_std": 0.0025489635858880707,
    "jaccard_at_k_mean": 0.8422267740121742,
    "jaccard_at_k_std": 0.04480621622842452,
    "ari_mean": 0.8837866268990721,
    "ari_std": 0.0347497827447161,
    "silhouette_std": 0.010818333798887737,
    "dunn_std": 0.004541414515331221,
    "dbi_std": 0.21992567491766254,
    "B": 12,
    "subsample": 0.8
  },
  "seed_sensitivity": {
    "spearman_rho_mean": 0.993390137489365,
    "spearman_rho_std": 0.0024604638097526503,
    "trials": 3
  },
  "noise_robustness": {
    "spearman_rho_mean": 0.9940158839331211,
    "spearman_rho_std": 0.00011550737903363686,
    "sigma": 0.01,
    "trials": 3
  },
  "k_top": 176,
  "n_samples": 1761,
  "contamination": 0.1
}