{
  "contamination": 0.03,
  "methods": [
    "IF",
    "LOF",
    "AE",
    "PPCA_MAH",
    "COPULA"
  ],
  "thresholds": {
    "IF": 0.5722315982501207,
    "LOF": 1.5672390378006065,
    "AE": 0.02792529190685642,
    "PPCA_MAH": 48.768847750374135,
    "COPULA": -7.232167840379789
  },
  "fused_threshold": 0.9201365576102416,
  "evals": {
    "IF": {
      "silhouette": 0.5132860927933609,
      "dunn": 0.05371054889131535,
      "dbi": 1.8666087547978294
    },
    "LOF": {
      "silhouette": 0.49607234976333864,
      "dunn": 0.04034265814179103,
      "dbi": 2.328684837523796
    },
    "AE": {
      "silhouette": 0.27567600273641796,
      "dunn": 0.02916647645813988,
      "dbi": 2.7618484700392383
    },
    "PPCA_MAH": {
      "silhouette": 0.5256903200353874,
      "dunn": 0.037605136533415545,
      "dbi": 0.9560464130903936
    },
    "COPULA": {
      "silhouette": 0.5006772507398494,
      "dunn": 0.005949858912026055,
      "dbi": 1.6453172029659733
    },
    "FUSED": {
      "silhouette": 0.47638818927060333,
      "dunn": 0.011136813177157699,
      "dbi": 2.001043842416907
    }
  },
  "weights": {},
  "use_pca": false,
  "use_fa": true,
  "pca_components": 13
}