{
  "contamination": 0.03,
  "methods": [
    "IF",
    "LOF",
    "PPCA_MAH",
    "OCSVM"
  ],
  "thresholds": {
    "IF": 0.5811776751889293,
    "LOF": 1.3609687278501101,
    "PPCA_MAH": 1660.884333615127,
    "OCSVM": 9.16979722539681e-05
  },
  "fused_threshold": 0.9324431818181819,
  "evals": {
    "IF": {
      "silhouette": 0.6080202857149881,
      "dunn": 0.04680391773948386,
      "dbi": 1.4698909171167884
    },
    "LOF": {
      "silhouette": 0.4102342351131842,
      "dunn": 0.03417927510842353,
      "dbi": 2.9218557035578723
    },
    "PPCA_MAH": {
      "silhouette": 0.6065620389810368,
      "dunn": 0.02341055054390994,
      "dbi": 1.2322941500132492
    },
    "OCSVM": {
      "silhouette": 0.5318991485182448,
      "dunn": 0.01978439257805597,
      "dbi": 1.7323557778549687
    },
    "FUSED": {
      "silhouette": 0.5862094194289018,
      "dunn": 0.02546605731747789,
      "dbi": 1.6626688672160062
    }
  },
  "weights": {},
  "use_pca": false,
  "use_fa": false,
  "pca_components": null
}