{
  "contamination": 0.1,
  "methods": [
    "IF",
    "LOF",
    "PPCA_MAH",
    "OCSVM"
  ],
  "thresholds": {
    "IF": 0.5008591008687091,
    "LOF": 1.2099591218702697,
    "PPCA_MAH": 81.89198375063353,
    "OCSVM": 2.8744069815900275e-05
  },
  "fused_threshold": 0.8157670454545455,
  "evals": {
    "IF": {
      "silhouette": 0.44273644056051714,
      "dunn": 0.01708219202792265,
      "dbi": 2.4246565794689183
    },
    "LOF": {
      "silhouette": 0.19851093163708086,
      "dunn": 0.01036223148903153,
      "dbi": 5.896880184170161
    },
    "PPCA_MAH": {
      "silhouette": 0.416041933547653,
      "dunn": 0.012195981805684148,
      "dbi": 1.9316024892175632
    },
    "OCSVM": {
      "silhouette": 0.41435424180290664,
      "dunn": 0.008301520120136656,
      "dbi": 2.728487860762776
    },
    "FUSED": {
      "silhouette": 0.39154774233382617,
      "dunn": 0.015956897850658094,
      "dbi": 2.494988051151794
    }
  },
  "weights": {},
  "use_pca": true,
  "use_fa": false,
  "pca_components": 7
}