{
  "contamination": 0.02,
  "methods": [
    "IF",
    "LOF",
    "PPCA_MAH",
    "OCSVM",
    "COPULA"
  ],
  "thresholds": {
    "IF": 0.5724824245853801,
    "LOF": 1.4091107394745739,
    "PPCA_MAH": 190.10429596402932,
    "OCSVM": 0.00011211266385448977,
    "COPULA": 10.945787152000579
  },
  "fused_threshold": 0.9515454545454545,
  "evals": {
    "IF": {
      "silhouette": 0.6523332023932303,
      "dunn": 0.02535575345989264,
      "dbi": 1.0152043242305318
    },
    "LOF": {
      "silhouette": 0.48613103705100547,
      "dunn": 0.02813521213138543,
      "dbi": 2.4241959627003564
    },
    "PPCA_MAH": {
      "silhouette": 0.6638522394654176,
      "dunn": 0.04860102119093928,
      "dbi": 0.8117841558764
    },
    "OCSVM": {
      "silhouette": 0.5063059698471383,
      "dunn": 0.025335403454405134,
      "dbi": 2.049685353204433
    },
    "COPULA": {
      "silhouette": 0.651068485014538,
      "dunn": 0.02535575345989264,
      "dbi": 0.9209651360653835
    },
    "FUSED": {
      "silhouette": 0.6398535890353292,
      "dunn": 0.043797622164598364,
      "dbi": 1.0443361989397972
    }
  },
  "weights": {},
  "use_pca": true,
  "use_fa": false,
  "pca_components": 7
}