{
  "bootstrap": {
    "spearman_rho_mean": 0.972904245784088,
    "spearman_rho_std": 0.010443529787950458,
    "jaccard_at_k_mean": 0.863271948255263,
    "jaccard_at_k_std": 0.10733676764849104,
    "ari_mean": 0.9017290638630198,
    "ari_std": 0.06271093730311249,
    "silhouette_std": 0.010653652919755632,
    "dunn_std": 0.00861492390102397,
    "dbi_std": 0.17191803848771978,
    "B": 12,
    "subsample": 0.8
  },
  "seed_sensitivity": {
    "spearman_rho_mean": 0.997516948606982,
    "spearman_rho_std": 0.0002448581852175538,
    "trials": 3
  },
  "noise_robustness": {
    "spearman_rho_mean": 0.9855305713065162,
    "spearman_rho_std": 0.004198632617718807,
    "sigma": 0.01,
    "trials": 3
  },
  "k_top": 35,
  "n_samples": 1761,
  "contamination": 0.02
}