{
  "contamination": 0.02,
  "methods": [
    "IF",
    "LOF",
    "PPCA_MAH",
    "HDBSCAN",
    "COPULA"
  ],
  "thresholds": {
    "IF": 0.5819281502465358,
    "LOF": 1.4091107394745739,
    "PPCA_MAH": 187.91664234926176,
    "HDBSCAN": 0.6414829003709551,
    "COPULA": 10.945787152000579
  },
  "fused_threshold": 0.9669545454545453,
  "evals": {
    "IF": {
      "silhouette": 0.6564588780856757,
      "dunn": 0.02535575345989264,
      "dbi": 0.9180140891089754
    },
    "LOF": {
      "silhouette": 0.48613103705100547,
      "dunn": 0.02813521213138543,
      "dbi": 2.4241959627003564
    },
    "PPCA_MAH": {
      "silhouette": 0.6638522394654176,
      "dunn": 0.04860102119093928,
      "dbi": 0.8117841558764
    },
    "HDBSCAN": {
      "silhouette": 0.6608233646727995,
      "dunn": 0.025436213833530716,
      "dbi": 0.8630836260453417
    },
    "COPULA": {
      "silhouette": 0.651068485014538,
      "dunn": 0.02535575345989264,
      "dbi": 0.9209651360653835
    },
    "FUSED": {
      "silhouette": 0.6530848758165984,
      "dunn": 0.04531195088569784,
      "dbi": 0.91547784146966
    }
  },
  "weights": {},
  "use_pca": true,
  "use_fa": false,
  "pca_components": 7
}