{
  "bootstrap": {
    "spearman_rho_mean": 0.9735315486994595,
    "spearman_rho_std": 0.0025503873626407064,
    "jaccard_at_k_mean": 0.8945989370905946,
    "jaccard_at_k_std": 0.056351056615174824,
    "ari_mean": 0.939932143595569,
    "ari_std": 0.032821932276259125,
    "silhouette_std": 0.011026342970817112,
    "dunn_std": 0.012897100562869347,
    "dbi_std": 0.06345260906084989,
    "B": 12,
    "subsample": 0.8
  },
  "seed_sensitivity": {
    "spearman_rho_mean": 0.9938428044270569,
    "spearman_rho_std": 0.0008187876136453331,
    "trials": 3
  },
  "noise_robustness": {
    "spearman_rho_mean": 0.9823548873096146,
    "spearman_rho_std": 0.005291643750821723,
    "sigma": 0.01,
    "trials": 3
  },
  "k_top": 35,
  "n_samples": 1761,
  "contamination": 0.02
}