{
  "contamination": 0.02,
  "methods": [
    "IF",
    "LOF",
    "PPCA_MAH",
    "HDBSCAN",
    "COPULA"
  ],
  "thresholds": {
    "IF": 0.5819281502465358,
    "LOF": 1.4091107394745739,
    "PPCA_MAH": 155.91190278610543,
    "HDBSCAN": 0.6414829003709551,
    "COPULA": 10.945787152000579
  },
  "fused_threshold": 0.9647954545454545,
  "evals": {
    "IF": {
      "silhouette": 0.6564588780856757,
      "dunn": 0.02535575345989264,
      "dbi": 0.9180140891089754
    },
    "LOF": {
      "silhouette": 0.48613103705100547,
      "dunn": 0.02813521213138543,
      "dbi": 2.4241959627003564
    },
    "PPCA_MAH": {
      "silhouette": 0.6607956475856526,
      "dunn": 0.035144036360884236,
      "dbi": 0.8723277024180744
    },
    "HDBSCAN": {
      "silhouette": 0.6608233646727995,
      "dunn": 0.025436213833530716,
      "dbi": 0.8630836260453417
    },
    "COPULA": {
      "silhouette": 0.651068485014538,
      "dunn": 0.02535575345989264,
      "dbi": 0.9209651360653835
    },
    "FUSED": {
      "silhouette": 0.655918641321035,
      "dunn": 0.02535575345989264,
      "dbi": 0.9461161239866142
    }
  },
  "weights": {},
  "use_pca": true,
  "use_fa": false,
  "pca_components": 7
}