{
  "bootstrap": {
    "spearman_rho_mean": 0.9775544488955875,
    "spearman_rho_std": 0.0036350282738723504,
    "jaccard_at_k_mean": 0.9103448275862069,
    "jaccard_at_k_std": 0.04935841506571007,
    "ari_mean": 0.9366292241474117,
    "ari_std": 0.029061607036963453,
    "silhouette_std": 0.009763412892099914,
    "dunn_std": 0.01144213660600229,
    "dbi_std": 0.06009780346196167,
    "B": 12,
    "subsample": 0.8
  },
  "seed_sensitivity": {
    "spearman_rho_mean": 0.9977539171513876,
    "spearman_rho_std": 0.0009705190002048735,
    "trials": 3
  },
  "noise_robustness": {
    "spearman_rho_mean": 0.9857137627547491,
    "spearman_rho_std": 0.004879470075703589,
    "sigma": 0.01,
    "trials": 3
  },
  "k_top": 35,
  "n_samples": 1761,
  "contamination": 0.02
}