{
  "bootstrap": {
    "spearman_rho_mean": 0.9780946570252972,
    "spearman_rho_std": 0.0036201315069006325,
    "jaccard_at_k_mean": 0.9049808429118774,
    "jaccard_at_k_std": 0.0503069657078003,
    "ari_mean": 0.9445345266603877,
    "ari_std": 0.03594355813591382,
    "silhouette_std": 0.011368810355180793,
    "dunn_std": 0.011446779415093894,
    "dbi_std": 0.0718069942628253,
    "B": 12,
    "subsample": 0.8
  },
  "seed_sensitivity": {
    "spearman_rho_mean": 0.9982004992902139,
    "spearman_rho_std": 0.00022627180696073505,
    "trials": 3
  },
  "noise_robustness": {
    "spearman_rho_mean": 0.9859127506812962,
    "spearman_rho_std": 0.005129089371711821,
    "sigma": 0.01,
    "trials": 3
  },
  "k_top": 35,
  "n_samples": 1761,
  "contamination": 0.02
}