{
  "bootstrap": {
    "spearman_rho_mean": 0.9757278457723139,
    "spearman_rho_std": 0.0013160650064770558,
    "jaccard_at_k_mean": 0.9053269064392535,
    "jaccard_at_k_std": 0.05613889143439483,
    "ari_mean": 0.9413598270460328,
    "ari_std": 0.02235030081351299,
    "silhouette_std": 0.01065824915536895,
    "dunn_std": 0.013830811202229678,
    "dbi_std": 0.04940220981103998,
    "B": 12,
    "subsample": 0.8
  },
  "seed_sensitivity": {
    "spearman_rho_mean": 0.9980686013841099,
    "spearman_rho_std": 0.00020035743599544124,
    "trials": 3
  },
  "noise_robustness": {
    "spearman_rho_mean": 0.9888629824810987,
    "spearman_rho_std": 0.006002100673437257,
    "sigma": 0.01,
    "trials": 3
  },
  "k_top": 35,
  "n_samples": 1761,
  "contamination": 0.02
}