{
  "bootstrap": {
    "spearman_rho_mean": 0.9779626406707559,
    "spearman_rho_std": 0.003701401289324834,
    "jaccard_at_k_mean": 0.9160919540229885,
    "jaccard_at_k_std": 0.055112515378100455,
    "ari_mean": 0.944270571382028,
    "ari_std": 0.029674899115950032,
    "silhouette_std": 0.01025248211816553,
    "dunn_std": 0.01267250135147096,
    "dbi_std": 0.0692236109312518,
    "B": 12,
    "subsample": 0.8
  },
  "seed_sensitivity": {
    "spearman_rho_mean": 0.9973937526405493,
    "spearman_rho_std": 0.0006847682040261135,
    "trials": 3
  },
  "noise_robustness": {
    "spearman_rho_mean": 0.9851857824343911,
    "spearman_rho_std": 0.005842948999798903,
    "sigma": 0.01,
    "trials": 3
  },
  "k_top": 35,
  "n_samples": 1761,
  "contamination": 0.02
}