{
  "bootstrap": {
    "spearman_rho_mean": 0.995308830602814,
    "spearman_rho_std": 0.001290879718641995,
    "jaccard_at_k_mean": 0.8177743789395625,
    "jaccard_at_k_std": 0.05355709024814237,
    "ari_mean": 0.9044177221822493,
    "ari_std": 0.03487241088213943,
    "silhouette_std": 0.00884847247325632,
    "dunn_std": 0.007422264587234247,
    "dbi_std": 0.07554867521900138,
    "B": 12,
    "subsample": 0.8
  },
  "seed_sensitivity": {
    "spearman_rho_mean": 0.998548174294052,
    "spearman_rho_std": 0.00027284242166534254,
    "trials": 3
  },
  "noise_robustness": {
    "spearman_rho_mean": 0.9983059216588378,
    "spearman_rho_std": 0.00017041082355172466,
    "sigma": 0.01,
    "trials": 3
  },
  "k_top": 35,
  "n_samples": 1761,
  "contamination": 0.02
}