{
  "contamination": 0.03,
  "methods": [
    "IF",
    "LOF",
    "AE",
    "PPCA_MAH",
    "OCSVM",
    "HDBSCAN"
  ],
  "thresholds": {
    "IF": 0.5483529610187239,
    "LOF": 1.3701025025229663,
    "AE": 0.6245458490959294,
    "PPCA_MAH": 122.03422683068318,
    "OCSVM": 7.762990740658799e-05,
    "HDBSCAN": 0.47338710665403105
  },
  "fused_threshold": 0.9090493124703651,
  "evals": {
    "IF": {
      "silhouette": 0.5538279150973501,
      "dunn": 0.04061602399669866,
      "dbi": 1.5607822301667387
    },
    "LOF": {
      "silhouette": 0.41573690225997645,
      "dunn": 0.053698950261734046,
      "dbi": 2.620350066603465
    },
    "AE": {
      "silhouette": 0.43388831871285605,
      "dunn": 0.04868188799704507,
      "dbi": 1.9075608766791632
    },
    "PPCA_MAH": {
      "silhouette": 0.5570322079351896,
      "dunn": 0.04703393309996374,
      "dbi": 1.255227849627813
    },
    "OCSVM": {
      "silhouette": 0.44045063461208883,
      "dunn": 0.022424212856614483,
      "dbi": 2.488584042590307
    },
    "HDBSCAN": {
      "silhouette": 0.5689076637183207,
      "dunn": 0.04759024020402728,
      "dbi": 1.1540429949833308
    },
    "FUSED": {
      "silhouette": 0.5529084946170623,
      "dunn": 0.04436568622544537,
      "dbi": 1.1838478978201674
    }
  },
  "weights": {},
  "use_pca": true,
  "use_fa": false,
  "pca_components": 7
}