{
  "bootstrap": {
    "spearman_rho_mean": 0.9549518615057664,
    "spearman_rho_std": 0.009557141903011554,
    "jaccard_at_k_mean": 0.699721674953873,
    "jaccard_at_k_std": 0.15795482690943274,
    "ari_mean": 0.7584780116240096,
    "ari_std": 0.08014841932598336,
    "silhouette_std": 0.04592227032665913,
    "dunn_std": 0.016809410741465216,
    "dbi_std": 0.44699138909258274,
    "B": 4,
    "subsample": 0.8
  },
  "seed_sensitivity": {
    "spearman_rho_mean": 0.9762576980867042,
    "spearman_rho_std": 0.0,
    "trials": 1
  },
  "noise_robustness": {
    "spearman_rho_mean": 0.9825471866547527,
    "spearman_rho_std": 0.0,
    "sigma": 0.01,
    "trials": 1
  },
  "k_top": 21,
  "n_samples": 704,
  "contamination": 0.03
}