{
  "bootstrap": {
    "spearman_rho_mean": 0.9893716279917969,
    "spearman_rho_std": 0.006019646459889528,
    "jaccard_at_k_mean": 0.7777777777777778,
    "jaccard_at_k_std": 0.0,
    "ari_mean": 0.8307782295614657,
    "ari_std": 0.028558240984846897,
    "silhouette_std": 0.04407358065557058,
    "dunn_std": 0.013959161105760828,
    "dbi_std": 0.3812799402686166,
    "B": 4,
    "subsample": 0.8
  },
  "seed_sensitivity": {
    "spearman_rho_mean": 0.9988579001422311,
    "spearman_rho_std": 0.0,
    "trials": 1
  },
  "noise_robustness": {
    "spearman_rho_mean": 0.9843381241833701,
    "spearman_rho_std": 0.0,
    "sigma": 0.01,
    "trials": 1
  },
  "k_top": 21,
  "n_samples": 704,
  "contamination": 0.03
}