{
  "contamination": 0.03,
  "methods": [
    "IF",
    "LOF",
    "PPCA_MAH",
    "OCSVM"
  ],
  "thresholds": {
    "IF": 0.5923881218709297,
    "LOF": 1.3999437886659925,
    "PPCA_MAH": 1412.028597383235,
    "OCSVM": 9.828800130733817e-05
  },
  "fused_threshold": 0.9320768136557611,
  "evals": {
    "IF": {
      "silhouette": 0.5587010006345907,
      "dunn": 0.04653608156687289,
      "dbi": 2.099933743597875
    },
    "LOF": {
      "silhouette": 0.43091097741544915,
      "dunn": 0.05034284322049256,
      "dbi": 2.931722983578571
    },
    "PPCA_MAH": {
      "silhouette": 0.5601823207479597,
      "dunn": 0.021215705950494775,
      "dbi": 1.2225267247243214
    },
    "OCSVM": {
      "silhouette": 0.42929089339857995,
      "dunn": 0.045841905771245535,
      "dbi": 2.8099275865286613
    },
    "FUSED": {
      "silhouette": 0.5485411848187668,
      "dunn": 0.05703420866418917,
      "dbi": 1.740632974475776
    }
  },
  "weights": {},
  "use_pca": false,
  "use_fa": false,
  "pca_components": null
}