{
  "contamination": 0.03,
  "methods": [
    "IF",
    "LOF",
    "PPCA_MAH",
    "OCSVM"
  ],
  "thresholds": {
    "IF": 0.5923881218709297,
    "LOF": 1.3999437886659925,
    "PPCA_MAH": 1441.0303942728203,
    "OCSVM": 9.828800130733817e-05
  },
  "fused_threshold": 0.9320128022759603,
  "evals": {
    "IF": {
      "silhouette": 0.5587010006345907,
      "dunn": 0.04653608156687289,
      "dbi": 2.099933743597875
    },
    "LOF": {
      "silhouette": 0.43091097741544915,
      "dunn": 0.05034284322049256,
      "dbi": 2.931722983578571
    },
    "PPCA_MAH": {
      "silhouette": 0.5644991691780397,
      "dunn": 0.049403941289462724,
      "dbi": 1.180816226130748
    },
    "OCSVM": {
      "silhouette": 0.42929089339857995,
      "dunn": 0.045841905771245535,
      "dbi": 2.8099275865286613
    },
    "FUSED": {
      "silhouette": 0.552206433862429,
      "dunn": 0.05191639516716484,
      "dbi": 1.7659446419944866
    }
  },
  "weights": {},
  "use_pca": false,
  "use_fa": false,
  "pca_components": null
}