{
  "bootstrap": {
    "spearman_rho_mean": 0.9802930544434036,
    "spearman_rho_std": 0.0048693739441710675,
    "jaccard_at_k_mean": 0.7881211390468014,
    "jaccard_at_k_std": 0.040066236245827704,
    "ari_mean": 0.8437629458043792,
    "ari_std": 0.025856648946910088,
    "silhouette_std": 0.010433251834012475,
    "dunn_std": 0.003054243835687844,
    "dbi_std": 0.14725109221575558,
    "B": 12,
    "subsample": 0.8
  },
  "seed_sensitivity": {
    "spearman_rho_mean": 0.9990849596136265,
    "spearman_rho_std": 0.00018377879997577744,
    "trials": 3
  },
  "noise_robustness": {
    "spearman_rho_mean": 0.9895090744389935,
    "spearman_rho_std": 0.0017843134538706863,
    "sigma": 0.01,
    "trials": 3
  },
  "k_top": 105,
  "n_samples": 1761,
  "contamination": 0.06
}