{
  "contamination": 0.06,
  "methods": [
    "IF",
    "LOF",
    "PPCA_MAH",
    "HDBSCAN",
    "COPULA"
  ],
  "thresholds": {
    "IF": 0.5476410935973235,
    "LOF": 1.3039724118382434,
    "PPCA_MAH": 768.8347505118094,
    "HDBSCAN": 0.47393296859822603,
    "COPULA": 4.410208204164819
  },
  "fused_threshold": 0.8958181818181815,
  "evals": {
    "IF": {
      "silhouette": 0.5263529183591799,
      "dunn": 0.03414086868243689,
      "dbi": 2.060093604176918
    },
    "LOF": {
      "silhouette": 0.41721698569699045,
      "dunn": 0.011320487489984933,
      "dbi": 2.4613680074010444
    },
    "PPCA_MAH": {
      "silhouette": 0.516260246088519,
      "dunn": 0.026448650613792788,
      "dbi": 1.463536842001734
    },
    "HDBSCAN": {
      "silhouette": 0.5338871066644651,
      "dunn": 0.041721745933339854,
      "dbi": 1.3889701857206824
    },
    "COPULA": {
      "silhouette": 0.45035919462139523,
      "dunn": 0.011320487489984933,
      "dbi": 2.9425987626352423
    },
    "FUSED": {
      "silhouette": 0.5046378038954666,
      "dunn": 0.02444532979418565,
      "dbi": 1.900865505744302
    }
  },
  "weights": {},
  "use_pca": false,
  "use_fa": false,
  "pca_components": null
}