{
  "contamination": 0.02,
  "methods": [
    "IF",
    "LOF",
    "PPCA_MAH",
    "HDBSCAN",
    "COPULA"
  ],
  "thresholds": {
    "IF": 0.6087106092355171,
    "LOF": 1.4109198643502339,
    "PPCA_MAH": 2246.217306953997,
    "HDBSCAN": 0.6374007052720507,
    "COPULA": 14.834489688687642
  },
  "fused_threshold": 0.9581136363636362,
  "evals": {
    "IF": {
      "silhouette": 0.6512733556293234,
      "dunn": 0.028755314027886985,
      "dbi": 1.0572935801584362
    },
    "LOF": {
      "silhouette": 0.4815783070248464,
      "dunn": 0.04077577425469534,
      "dbi": 2.594829533296192
    },
    "PPCA_MAH": {
      "silhouette": 0.6377275902777626,
      "dunn": 0.05175870108837764,
      "dbi": 1.196863181322686
    },
    "HDBSCAN": {
      "silhouette": 0.659727817243656,
      "dunn": 0.057509197038712705,
      "dbi": 0.8822134562764132
    },
    "COPULA": {
      "silhouette": 0.6040607565747987,
      "dunn": 0.02450233921159649,
      "dbi": 1.9015004570941376
    },
    "FUSED": {
      "silhouette": 0.6517493530343125,
      "dunn": 0.06293526461906396,
      "dbi": 1.185985723233724
    }
  },
  "weights": {},
  "use_pca": false,
  "use_fa": false,
  "pca_components": null
}