{
  "bootstrap": {
    "spearman_rho_mean": 0.9844684840595456,
    "spearman_rho_std": 0.0033768523274647893,
    "jaccard_at_k_mean": 0.8676181250171493,
    "jaccard_at_k_std": 0.0421698181715064,
    "ari_mean": 0.9174465142638352,
    "ari_std": 0.021377154700737457,
    "silhouette_std": 0.010320715809500402,
    "dunn_std": 0.004833603137726057,
    "dbi_std": 0.10093248617589425,
    "B": 12,
    "subsample": 0.8
  },
  "seed_sensitivity": {
    "spearman_rho_mean": 0.9979527563200126,
    "spearman_rho_std": 0.0014153425194393294,
    "trials": 3
  },
  "noise_robustness": {
    "spearman_rho_mean": 0.9859315711818556,
    "spearman_rho_std": 0.011731128485357404,
    "sigma": 0.01,
    "trials": 3
  },
  "k_top": 70,
  "n_samples": 1761,
  "contamination": 0.04
}