{
  "bootstrap": {
    "spearman_rho_mean": 0.9845268160227563,
    "spearman_rho_std": 0.004269501950493575,
    "jaccard_at_k_mean": 0.8567256336636722,
    "jaccard_at_k_std": 0.026413486225041895,
    "ari_mean": 0.9226090986499745,
    "ari_std": 0.020593030161652696,
    "silhouette_std": 0.009488542674711647,
    "dunn_std": 0.0035873281495649957,
    "dbi_std": 0.09675657099017336,
    "B": 12,
    "subsample": 0.8
  },
  "seed_sensitivity": {
    "spearman_rho_mean": 0.99887907985444,
    "spearman_rho_std": 0.0002450845404090857,
    "trials": 3
  },
  "noise_robustness": {
    "spearman_rho_mean": 0.9936519817753832,
    "spearman_rho_std": 0.0003546691378379086,
    "sigma": 0.01,
    "trials": 3
  },
  "k_top": 70,
  "n_samples": 1761,
  "contamination": 0.04
}