{
  "contamination": 0.04,
  "methods": [
    "IF",
    "LOF",
    "PPCA_MAH",
    "OCSVM",
    "HDBSCAN"
  ],
  "thresholds": {
    "IF": 0.541883987836972,
    "LOF": 1.3828718373562077,
    "PPCA_MAH": 118.77213500857152,
    "OCSVM": 4.401850436881372e-05,
    "HDBSCAN": 0.5878773897634516
  },
  "fused_threshold": 0.9283863636363635,
  "evals": {
    "IF": {
      "silhouette": 0.5739622665097129,
      "dunn": 0.02420866668318014,
      "dbi": 1.4829983456516622
    },
    "LOF": {
      "silhouette": 0.5027869059243161,
      "dunn": 0.020589945654065075,
      "dbi": 1.7774041007142043
    },
    "PPCA_MAH": {
      "silhouette": 0.5927801429889993,
      "dunn": 0.023240028863331635,
      "dbi": 1.0474091396299554
    },
    "OCSVM": {
      "silhouette": 0.5275743703437222,
      "dunn": 0.01596971481484849,
      "dbi": 1.763114696155038
    },
    "HDBSCAN": {
      "silhouette": 0.5914029593222523,
      "dunn": 0.04516861915706895,
      "dbi": 1.1559386205713555
    },
    "FUSED": {
      "silhouette": 0.5666008259555494,
      "dunn": 0.025757636488734262,
      "dbi": 1.4898361495831138
    }
  },
  "weights": {},
  "use_pca": true,
  "use_fa": false,
  "pca_components": 7
}