{
  "bootstrap": {
    "spearman_rho_mean": 0.9842493017965034,
    "spearman_rho_std": 0.0037465430883809794,
    "jaccard_at_k_mean": 0.8625137601049523,
    "jaccard_at_k_std": 0.043619436389402425,
    "ari_mean": 0.9142618933284831,
    "ari_std": 0.02317632896707006,
    "silhouette_std": 0.010453714358263708,
    "dunn_std": 0.004833603137726057,
    "dbi_std": 0.10362381402861649,
    "B": 12,
    "subsample": 0.8
  },
  "seed_sensitivity": {
    "spearman_rho_mean": 0.9974948577273229,
    "spearman_rho_std": 0.0015730060449467328,
    "trials": 3
  },
  "noise_robustness": {
    "spearman_rho_mean": 0.9862392953145989,
    "spearman_rho_std": 0.01173231329678456,
    "sigma": 0.01,
    "trials": 3
  },
  "k_top": 70,
  "n_samples": 1761,
  "contamination": 0.04
}