{
  "bootstrap": {
    "spearman_rho_mean": 0.9639601409612938,
    "spearman_rho_std": 0.006751166508844746,
    "jaccard_at_k_mean": 0.8044871794871795,
    "jaccard_at_k_std": 0.1267140859023769,
    "ari_mean": 0.8008238940889083,
    "ari_std": 0.05564284390218112,
    "silhouette_std": 0.03291987876068927,
    "dunn_std": 0.01308853119245988,
    "dbi_std": 0.21526860690081176,
    "B": 4,
    "subsample": 0.8
  },
  "seed_sensitivity": {
    "spearman_rho_mean": 0.99746548278166,
    "spearman_rho_std": 0.0,
    "trials": 1
  },
  "noise_robustness": {
    "spearman_rho_mean": 0.9746611807539605,
    "spearman_rho_std": 0.0,
    "sigma": 0.01,
    "trials": 1
  },
  "k_top": 14,
  "n_samples": 704,
  "contamination": 0.02
}