{
  "contamination": 0.02,
  "methods": [
    "IF",
    "LOF",
    "PPCA_MAH",
    "OCSVM",
    "HDBSCAN"
  ],
  "thresholds": {
    "IF": 0.6076527437099241,
    "LOF": 1.624156954545381,
    "PPCA_MAH": 2015.0456236540374,
    "OCSVM": 0.00014949239890226906,
    "HDBSCAN": 0.45145670640435226
  },
  "fused_threshold": 0.9677496443812234,
  "evals": {
    "IF": {
      "silhouette": 0.6017097181486794,
      "dunn": 0.05191639516716484,
      "dbi": 1.5660506204272557
    },
    "LOF": {
      "silhouette": 0.5857976637676604,
      "dunn": 0.04422967236715653,
      "dbi": 1.3960751190542449
    },
    "PPCA_MAH": {
      "silhouette": 0.6030123468382474,
      "dunn": 0.04422967236715653,
      "dbi": 1.0064647120488133
    },
    "OCSVM": {
      "silhouette": 0.35405604386051315,
      "dunn": 0.027380078415939122,
      "dbi": 3.6369712241839864
    },
    "HDBSCAN": {
      "silhouette": 0.5942899038312336,
      "dunn": 0.06774757888155378,
      "dbi": 1.1426261279445398
    },
    "FUSED": {
      "silhouette": 0.6151127829307407,
      "dunn": 0.05191639516716484,
      "dbi": 1.077456124032644
    }
  },
  "weights": {},
  "use_pca": false,
  "use_fa": false,
  "pca_components": null
}