{
  "model_id": "fused_if_lof_ae_ocsvm_copula",
  "version": 14,
  "trained_at": "2025-11-26T12:27:41.084135+00:00",
  "mode": "fast",
  "duration_sec": 333.38409090042114,
  "data": {
    "n_samples": 1761,
    "n_features": 13,
    "source": "data/latest_ingested.csv"
  },
  "metrics": {
    "silhouette": 0.653495629168415,
    "dunn": 0.04570186121645613,
    "dbi": 0.9151834249662261
  },
  "stability": {
    "bootstrap_spearman_rho": 0.9779626406707559,
    "bootstrap_jaccard_at_k": 0.9160919540229885,
    "bootstrap_ari": 0.944270571382028,
    "noise_rho": 0.9851857824343911,
    "seed_rho": 0.9973937526405493
  },
  "hyperparams": {
    "contamination": 0.02,
    "use_pca": true,
    "use_fa": false,
    "pca_components": 7
  },
  "files": {
    "scores_csv": "data/processed/anomaly_scores.csv",
    "meta_json": "data/processed/anomaly_scores_meta.json",
    "stability_json": "data/processed/anomaly_scores_stability.json",
    "scaler": "data/processed/anomaly_scores_scaler.joblib",
    "pca": "data/processed/anomaly_scores_pca.joblib",
    "residual_model": "data/processed/anomaly_scores_resid.joblib"
  },
  "meta": {
    "contamination": 0.02,
    "methods": [
      "IF",
      "LOF",
      "PPCA_MAH",
      "HDBSCAN",
      "COPULA"
    ],
    "thresholds": {
      "IF": 0.5812336035516854,
      "LOF": 1.4036915065115474,
      "PPCA_MAH": 187.66670960048086,
      "HDBSCAN": 0.6471743564766489,
      "COPULA": 10.95856511824741
    },
    "fused_threshold": 0.9685227272727271,
    "evals": {
      "IF": {
        "silhouette": 0.6551397937097228,
        "dunn": 0.04555190576231637,
        "dbi": 0.879597801244797
      },
      "LOF": {
        "silhouette": 0.4877766817884393,
        "dunn": 0.028409790408254223,
        "dbi": 2.478238679786492
      },
      "PPCA_MAH": {
        "silhouette": 0.664312367785416,
        "dunn": 0.04747078723533911,
        "dbi": 0.8108607284887538
      },
      "HDBSCAN": {
        "silhouette": 0.6610322804128679,
        "dunn": 0.02574018588795612,
        "dbi": 0.864252850834011
      },
      "COPULA": {
        "silhouette": 0.651342476314481,
        "dunn": 0.02565572803084197,
        "dbi": 0.9221364653791668
      },
      "FUSED": {
        "silhouette": 0.653495629168415,
        "dunn": 0.04570186121645613,
        "dbi": 0.9151834249662261
      }
    },
    "weights": {},
    "use_pca": true,
    "use_fa": false,
    "pca_components": 7,
    "feature_columns": [
      "nb_floor",
      "nb_appart",
      "Total Electricity Consumption (kwH)",
      "lat",
      "long",
      "Area in m^2",
      "year_norm_z",
      "kwh_residual",
      "kwh_resid_abs",
      "kwh_per_m2",
      "kwh_per_appt",
      "kwh_per_floor",
      "resid_per_m2"
    ]
  },
  "is_active": true,
  "activated_at": "2025-11-26T13:30:27.202706+00:00"
}