{
  "model_id": "fused_if_lof_ae_ocsvm_copula",
  "version": 12,
  "trained_at": "2025-11-25T14:02:50.872084+00:00",
  "mode": "moderate",
  "duration_sec": 1296.9779727458954,
  "data": {
    "n_samples": 1761,
    "n_features": 13,
    "source": "data/latest_ingested.csv"
  },
  "metrics": {
    "silhouette": 0.6406053668834292,
    "dunn": 0.034467763838101566,
    "dbi": 1.0832114193463631
  },
  "stability": {
    "bootstrap_spearman_rho": 0.9952572057564465,
    "bootstrap_jaccard_at_k": 0.8327996314648151,
    "bootstrap_ari": 0.9091560326601843,
    "noise_rho": 0.9978187335716808,
    "seed_rho": 0.9986214322699664
  },
  "hyperparams": {
    "contamination": 0.02,
    "use_pca": true,
    "use_fa": false,
    "pca_components": 7
  },
  "files": {
    "scores_csv": "data/processed/anomaly_scores.csv",
    "meta_json": "data/processed/anomaly_scores_meta.json",
    "stability_json": "data/processed/anomaly_scores_stability.json",
    "scaler": "data/processed/anomaly_scores_scaler.joblib",
    "pca": "data/processed/anomaly_scores_pca.joblib",
    "residual_model": "data/processed/anomaly_scores_resid.joblib"
  },
  "meta": {
    "contamination": 0.02,
    "methods": [
      "IF",
      "LOF",
      "PPCA_MAH",
      "OCSVM",
      "COPULA"
    ],
    "thresholds": {
      "IF": 0.5782377355590824,
      "LOF": 1.4036915065115474,
      "PPCA_MAH": 187.66670960048086,
      "OCSVM": 9.236515535997434e-05,
      "COPULA": 10.95856511824741
    },
    "fused_threshold": 0.9519772727272726,
    "evals": {
      "IF": {
        "silhouette": 0.6562277217390599,
        "dunn": 0.04555190576231637,
        "dbi": 0.9764409378171872
      },
      "LOF": {
        "silhouette": 0.4877766817884393,
        "dunn": 0.028409790408254223,
        "dbi": 2.478238679786492
      },
      "PPCA_MAH": {
        "silhouette": 0.664312367785416,
        "dunn": 0.04747078723533911,
        "dbi": 0.8108607284887538
      },
      "OCSVM": {
        "silhouette": 0.46944709729547646,
        "dunn": 0.0157016235718114,
        "dbi": 2.0283842765236106
      },
      "COPULA": {
        "silhouette": 0.651342476314481,
        "dunn": 0.02565572803084197,
        "dbi": 0.9221364653791668
      },
      "FUSED": {
        "silhouette": 0.6406053668834292,
        "dunn": 0.034467763838101566,
        "dbi": 1.0832114193463631
      }
    },
    "weights": {},
    "use_pca": true,
    "use_fa": false,
    "pca_components": 7,
    "feature_columns": [
      "nb_floor",
      "nb_appart",
      "Total Electricity Consumption (kwH)",
      "lat",
      "long",
      "Area in m^2",
      "year_norm_z",
      "kwh_residual",
      "kwh_resid_abs",
      "kwh_per_m2",
      "kwh_per_appt",
      "kwh_per_floor",
      "resid_per_m2"
    ]
  },
  "is_active": true,
  "activated_at": "2025-11-25T14:02:50.886910+00:00"
}