{
  "bootstrap": {
    "spearman_rho_mean": 0.9551904800072212,
    "spearman_rho_std": 0.005590814117152708,
    "jaccard_at_k_mean": 0.46615581098339715,
    "jaccard_at_k_std": 0.039980781206892795,
    "ari_mean": 0.6106097948756651,
    "ari_std": 0.03408568475880708,
    "silhouette_std": 0.020304084197070013,
    "dunn_std": 0.0138429026167246,
    "dbi_std": 0.11583923942140857,
    "B": 6,
    "subsample": 0.8
  },
  "seed_sensitivity": {
    "spearman_rho_mean": 0.9666737862243785,
    "spearman_rho_std": 0.004800743505025795,
    "trials": 2
  },
  "noise_robustness": {
    "spearman_rho_mean": 0.9645702705271431,
    "spearman_rho_std": 0.01851731964794695,
    "sigma": 0.01,
    "trials": 2
  },
  "k_top": 26,
  "n_samples": 1321,
  "contamination": 0.02
}