{
  "contamination": 0.02,
  "methods": [
    "IF",
    "LOF",
    "AE",
    "PPCA_MAH"
  ],
  "thresholds": {
    "IF": 0.5882600966481585,
    "LOF": 1.5249868037883314,
    "AE": 0.3577463044350331,
    "PPCA_MAH": 221.47439723826795
  },
  "fused_threshold": 0.9373484848484847,
  "evals": {
    "IF": {
      "silhouette": 0.6533910035209852,
      "dunn": 0.025497646243604677,
      "dbi": 0.8225039721462345
    },
    "LOF": {
      "silhouette": 0.6093231498889575,
      "dunn": 0.04597089976812143,
      "dbi": 1.138202008449939
    },
    "AE": {
      "silhouette": 0.2576643462536786,
      "dunn": 0.025011055503356885,
      "dbi": 2.7729916072813383
    },
    "PPCA_MAH": {
      "silhouette": 0.6567145509919978,
      "dunn": 0.09513026657585176,
      "dbi": 0.7129310130655019
    },
    "FUSED": {
      "silhouette": 0.6043161241635318,
      "dunn": 0.028652305801743463,
      "dbi": 1.1504023809586552
    }
  },
  "weights": {},
  "use_pca": true,
  "use_fa": false,
  "pca_components": 7
}