{
  "bootstrap": {
    "spearman_rho_mean": 0.9523554642554345,
    "spearman_rho_std": 0.007761752935180029,
    "jaccard_at_k_mean": 0.4876298134362651,
    "jaccard_at_k_std": 0.08808490254193103,
    "ari_mean": 0.637828782369018,
    "ari_std": 0.07267034890962208,
    "silhouette_std": 0.022674416056543942,
    "dunn_std": 0.01090027187030917,
    "dbi_std": 0.11705620446099735,
    "B": 6,
    "subsample": 0.8
  },
  "seed_sensitivity": {
    "spearman_rho_mean": 0.967243641133154,
    "spearman_rho_std": 0.006998642752507611,
    "trials": 2
  },
  "noise_robustness": {
    "spearman_rho_mean": 0.9599141409366063,
    "spearman_rho_std": 0.0162568375097642,
    "sigma": 0.01,
    "trials": 2
  },
  "k_top": 26,
  "n_samples": 1321,
  "contamination": 0.02
}