{
  "contamination": 0.08,
  "methods": [
    "IF",
    "LOF",
    "PPCA_MAH",
    "HDBSCAN",
    "COPULA"
  ],
  "thresholds": {
    "IF": 0.5106926244333214,
    "LOF": 1.25862382480954,
    "PPCA_MAH": 87.66483667612661,
    "HDBSCAN": 0.34024632603045846,
    "COPULA": 6.65932814500379
  },
  "fused_threshold": 0.8666363636363636,
  "evals": {
    "IF": {
      "silhouette": 0.476388733885658,
      "dunn": 0.015029295971284122,
      "dbi": 2.172087243454286
    },
    "LOF": {
      "silhouette": 0.35063835215197564,
      "dunn": 0.011814780059313697,
      "dbi": 2.8188748726496975
    },
    "PPCA_MAH": {
      "silhouette": 0.4606377115475636,
      "dunn": 0.017377236155348356,
      "dbi": 1.7406246916823815
    },
    "HDBSCAN": {
      "silhouette": 0.479096725483947,
      "dunn": 0.016203986436416563,
      "dbi": 1.5884916360166126
    },
    "COPULA": {
      "silhouette": 0.45833590888879716,
      "dunn": 0.00776086095418653,
      "dbi": 2.1894791253771033
    },
    "FUSED": {
      "silhouette": 0.4637583273558526,
      "dunn": 0.02050834230534556,
      "dbi": 1.834756456501559
    }
  },
  "weights": {},
  "use_pca": true,
  "use_fa": false,
  "pca_components": 7
}