{
  "bootstrap": {
    "spearman_rho_mean": 0.9941270426326506,
    "spearman_rho_std": 0.0013984468715330233,
    "jaccard_at_k_mean": 0.81546654462683,
    "jaccard_at_k_std": 0.020549908192782126,
    "ari_mean": 0.8622512749161735,
    "ari_std": 0.015493823834589821,
    "silhouette_std": 0.00548975220364393,
    "dunn_std": 0.002645750627184007,
    "dbi_std": 0.09723490466592984,
    "B": 12,
    "subsample": 0.8
  },
  "seed_sensitivity": {
    "spearman_rho_mean": 0.9982260114662888,
    "spearman_rho_std": 0.00011067185692628762,
    "trials": 3
  },
  "noise_robustness": {
    "spearman_rho_mean": 0.9948106838515968,
    "spearman_rho_std": 0.000334876060722775,
    "sigma": 0.01,
    "trials": 3
  },
  "k_top": 176,
  "n_samples": 1761,
  "contamination": 0.1
}