{
  "contamination": 0.08,
  "methods": [
    "IF",
    "LOF",
    "PPCA_MAH",
    "HDBSCAN"
  ],
  "thresholds": {
    "IF": 0.5258555859376867,
    "LOF": 1.3030467568369668,
    "PPCA_MAH": 42.33294373679784,
    "HDBSCAN": 0.6199948403218416
  },
  "fused_threshold": 0.9057954545454546,
  "evals": {
    "IF": {
      "silhouette": 0.44002567876471915,
      "dunn": 0.020797773974213153,
      "dbi": 2.524853112992966
    },
    "LOF": {
      "silhouette": 0.3716215167545515,
      "dunn": 0.013545328697251153,
      "dbi": 2.52236202342447
    },
    "PPCA_MAH": {
      "silhouette": 0.4456054720394026,
      "dunn": 0.017174873342197628,
      "dbi": 1.8547390482104515
    },
    "HDBSCAN": {
      "silhouette": 0.4390683585642558,
      "dunn": 0.020586259157216347,
      "dbi": 2.2388889632662523
    },
    "FUSED": {
      "silhouette": 0.43422061002811996,
      "dunn": 0.016946190646435117,
      "dbi": 2.3700694170051744
    }
  },
  "weights": {},
  "use_pca": false,
  "use_fa": true,
  "pca_components": 13
}