{
  "bootstrap": {
    "spearman_rho_mean": 0.9945681114992814,
    "spearman_rho_std": 0.0012590675935406966,
    "jaccard_at_k_mean": 0.8675447225548224,
    "jaccard_at_k_std": 0.04081490348167346,
    "ari_mean": 0.9023686251680241,
    "ari_std": 0.022411906802311067,
    "silhouette_std": 0.007257496545509012,
    "dunn_std": 0.004734689617398897,
    "dbi_std": 0.09166579611592256,
    "B": 12,
    "subsample": 0.8
  },
  "seed_sensitivity": {
    "spearman_rho_mean": 0.9988904523309664,
    "spearman_rho_std": 0.00015737430683866589,
    "trials": 3
  },
  "noise_robustness": {
    "spearman_rho_mean": 0.9087621010109442,
    "spearman_rho_std": 0.0046473176425256115,
    "sigma": 0.01,
    "trials": 3
  },
  "k_top": 140,
  "n_samples": 1761,
  "contamination": 0.08
}