{
  "bootstrap": {
    "spearman_rho_mean": 0.9437912881517506,
    "spearman_rho_std": 0.024952322746660715,
    "jaccard_at_k_mean": 0.7912953060011884,
    "jaccard_at_k_std": 0.17211383818239853,
    "ari_mean": 0.8676809301625136,
    "ari_std": 0.1434463796410695,
    "silhouette_std": 0.009824108139392971,
    "dunn_std": 0.005379061923238311,
    "dbi_std": 0.3245510750822498,
    "B": 6,
    "subsample": 0.8
  },
  "seed_sensitivity": {
    "spearman_rho_mean": 0.9935828548300047,
    "spearman_rho_std": 0.000517256034923308,
    "trials": 2
  },
  "noise_robustness": {
    "spearman_rho_mean": 0.9789977291650208,
    "spearman_rho_std": 0.0009625387424099241,
    "sigma": 0.01,
    "trials": 2
  },
  "k_top": 39,
  "n_samples": 1321,
  "contamination": 0.03
}