{
  "contamination": 0.03,
  "methods": [
    "IF",
    "LOF",
    "PPCA_MAH",
    "HDBSCAN"
  ],
  "thresholds": {
    "IF": 0.5501473035319075,
    "LOF": 1.4199829416033276,
    "PPCA_MAH": 164.46680209909684,
    "HDBSCAN": 0.5437842109584327
  },
  "fused_threshold": 0.9406060606060601,
  "evals": {
    "IF": {
      "silhouette": 0.6135769422271591,
      "dunn": 0.025497646243604677,
      "dbi": 1.1353469810871846
    },
    "LOF": {
      "silhouette": 0.5099855030118715,
      "dunn": 0.04528386796817325,
      "dbi": 1.762520818123748
    },
    "PPCA_MAH": {
      "silhouette": 0.6232215002905301,
      "dunn": 0.05648679819567012,
      "dbi": 0.794611777406607
    },
    "HDBSCAN": {
      "silhouette": 0.616745633960715,
      "dunn": 0.034830675791824334,
      "dbi": 0.9335381810951124
    },
    "FUSED": {
      "silhouette": 0.6038407038227767,
      "dunn": 0.04674495085872215,
      "dbi": 1.0319198917069083
    }
  },
  "weights": {},
  "use_pca": true,
  "use_fa": false,
  "pca_components": 7
}