{
  "bootstrap": {
    "spearman_rho_mean": 0.9544806232174761,
    "spearman_rho_std": 0.006062434221486956,
    "jaccard_at_k_mean": 0.8603683897801545,
    "jaccard_at_k_std": 0.026049091166705868,
    "ari_mean": 0.9225064215896418,
    "ari_std": 0.016527332889556618,
    "silhouette_std": 0.009028112982962919,
    "dunn_std": 0.009430291222729452,
    "dbi_std": 0.042382014340982176,
    "B": 6,
    "subsample": 0.8
  },
  "seed_sensitivity": {
    "spearman_rho_mean": 0.9942685806577654,
    "spearman_rho_std": 0.0014201657622037178,
    "trials": 2
  },
  "noise_robustness": {
    "spearman_rho_mean": 0.9841576334350186,
    "spearman_rho_std": 0.0010511463878044025,
    "sigma": 0.01,
    "trials": 2
  },
  "k_top": 39,
  "n_samples": 1321,
  "contamination": 0.03
}