{
  "bootstrap": {
    "spearman_rho_mean": 0.9568476614967717,
    "spearman_rho_std": 0.006322635304632246,
    "jaccard_at_k_mean": 0.8516849163907988,
    "jaccard_at_k_std": 0.041174619266072354,
    "ari_mean": 0.9221394651886765,
    "ari_std": 0.03799205229459105,
    "silhouette_std": 0.009355147192165816,
    "dunn_std": 0.006626767369829459,
    "dbi_std": 0.06374971465445876,
    "B": 6,
    "subsample": 0.8
  },
  "seed_sensitivity": {
    "spearman_rho_mean": 0.9935690697756319,
    "spearman_rho_std": 0.0005227537590883902,
    "trials": 2
  },
  "noise_robustness": {
    "spearman_rho_mean": 0.9789742378807222,
    "spearman_rho_std": 0.0009447030878333429,
    "sigma": 0.01,
    "trials": 2
  },
  "k_top": 39,
  "n_samples": 1321,
  "contamination": 0.03
}