{
  "bootstrap": {
    "spearman_rho_mean": 0.9566019784030609,
    "spearman_rho_std": 0.012277131647702211,
    "jaccard_at_k_mean": 0.6056548364685286,
    "jaccard_at_k_std": 0.09712433039353965,
    "ari_mean": 0.7407694512215363,
    "ari_std": 0.06745574397230475,
    "silhouette_std": 0.025414120776527403,
    "dunn_std": 0.009157757769869058,
    "dbi_std": 0.1536774290168549,
    "B": 12,
    "subsample": 0.8
  },
  "seed_sensitivity": {
    "spearman_rho_mean": 0.9671684877515943,
    "spearman_rho_std": 0.0021562199170035625,
    "trials": 3
  },
  "noise_robustness": {
    "spearman_rho_mean": 0.9567236899307674,
    "spearman_rho_std": 0.010988255429619112,
    "sigma": 0.01,
    "trials": 3
  },
  "k_top": 35,
  "n_samples": 1761,
  "contamination": 0.02
}