{
  "contamination": 0.02,
  "methods": [
    "IF",
    "LOF",
    "AE",
    "PPCA_MAH"
  ],
  "thresholds": {
    "IF": 0.5676668873127487,
    "LOF": 1.4570727548812512,
    "AE": 0.3186416129901874,
    "PPCA_MAH": 164.08496155521496
  },
  "fused_threshold": 0.925681818181818,
  "evals": {
    "IF": {
      "silhouette": 0.6573387741040536,
      "dunn": 0.04516861915706897,
      "dbi": 0.9690829122689855
    },
    "LOF": {
      "silhouette": 0.5669552521146407,
      "dunn": 0.03825798487507858,
      "dbi": 1.6893976585919759
    },
    "AE": {
      "silhouette": 0.32048934646538435,
      "dunn": 0.02344520452944335,
      "dbi": 3.0212654602140967
    },
    "PPCA_MAH": {
      "silhouette": 0.6607956475856526,
      "dunn": 0.035144036360884236,
      "dbi": 0.8723277024180744
    },
    "FUSED": {
      "silhouette": 0.6172211046487783,
      "dunn": 0.045277529723802015,
      "dbi": 1.2787958501990295
    }
  },
  "weights": {},
  "use_pca": true,
  "use_fa": false,
  "pca_components": 7
}