{
  "contamination": 0.03,
  "methods": [
    "IF",
    "LOF",
    "PPCA_MAH",
    "HDBSCAN",
    "COPULA"
  ],
  "thresholds": {
    "IF": 0.5483529610187239,
    "LOF": 1.4467806488897272,
    "PPCA_MAH": 122.03422683068318,
    "HDBSCAN": 0.3011203851778423,
    "COPULA": 8.570908146056633
  },
  "fused_threshold": 0.9199573257467994,
  "evals": {
    "IF": {
      "silhouette": 0.5538279150973501,
      "dunn": 0.04061602399669866,
      "dbi": 1.5607822301667387
    },
    "LOF": {
      "silhouette": 0.4826833414803046,
      "dunn": 0.018880077496542694,
      "dbi": 2.0294444847463904
    },
    "PPCA_MAH": {
      "silhouette": 0.5570322079351896,
      "dunn": 0.04703393309996374,
      "dbi": 1.255227849627813
    },
    "HDBSCAN": {
      "silhouette": 0.480593725658585,
      "dunn": 0.016518255662292564,
      "dbi": 1.7738902606692428
    },
    "COPULA": {
      "silhouette": 0.555498311350058,
      "dunn": 0.06387250003488014,
      "dbi": 1.2366651977894911
    },
    "FUSED": {
      "silhouette": 0.5647826238633736,
      "dunn": 0.04703393309996374,
      "dbi": 1.1771968045052232
    }
  },
  "weights": {},
  "use_pca": true,
  "use_fa": false,
  "pca_components": 7
}