{
  "bootstrap": {
    "spearman_rho_mean": 0.9676118155818447,
    "spearman_rho_std": 0.0027413396658503837,
    "jaccard_at_k_mean": 0.7594771241830065,
    "jaccard_at_k_std": 0.10149045199362966,
    "ari_mean": 0.8033312812552388,
    "ari_std": 0.056977795116340275,
    "silhouette_std": 0.03560950567077445,
    "dunn_std": 0.01118753619256544,
    "dbi_std": 0.08243278050746665,
    "B": 4,
    "subsample": 0.8
  },
  "seed_sensitivity": {
    "spearman_rho_mean": 0.998823455811656,
    "spearman_rho_std": 0.0,
    "trials": 1
  },
  "noise_robustness": {
    "spearman_rho_mean": 0.985388652576144,
    "spearman_rho_std": 0.0,
    "sigma": 0.01,
    "trials": 1
  },
  "k_top": 21,
  "n_samples": 704,
  "contamination": 0.03
}