contamination,use_pca,use_fa,lof_neighbors,if_estimators,if_max_features,use_ae,use_ocsvm,use_copula,use_hdbscan,hdb_min_cluster,stage,silhouette,dunn,dbi,score,time_sec,rho_bootstrap,jacc_topk,rho_seed,rho_noise,out_dir
0.02,1,0,20,200,0.6,0,1,1,0,5,3,0.6420313419690662,0.02565572803084194,1.1305941819422307,0.7333020983856702,43.88,0.9945694252181753,0.8227313457152169,0.9983819711893465,0.9975051886801679,data/tuning_runs_asha/stage3_deep/75ca7e4cc9
0.02,0,1,30,400,0.8,0,0,1,1,30,3,0.5926631792111187,0.04568315622141983,1.1371775738156182,0.714720880626223,45.87,0.9863725210040771,0.9153256704980843,0.9994218017542155,0.8422614122912598,data/tuning_runs_asha/stage3_deep/2a3015fe4b
0.03,1,0,50,400,0.6,0,1,1,1,20,3,0.6046934954150278,0.04181600553060644,1.3649858423838772,0.703403686612238,56.27,0.9859293169515748,0.8837466293205488,0.9991570769808297,0.99022758715134,data/tuning_runs_asha/stage3_deep/52de0ca440
0.03,1,0,30,100,0.8,0,0,0,1,10,3,0.6086486894690836,0.046295189264220174,1.27250665008745,0.7025275157173102,38.73,0.9497160859457933,0.8521858050852522,0.9932785380596895,0.9784749675190367,data/tuning_runs_asha/stage3_deep/88c01e08f8
0.03,1,0,20,100,0.8,0,1,0,0,5,3,0.5925491944672209,0.04181600553060644,1.4589906769687158,0.6893053498274282,32.1,0.9890071630669223,0.8815775486074303,0.9953652579001506,0.9939312363366172,data/tuning_runs_asha/stage3_deep/dfb4565c17
0.02,0,1,50,200,1.0,0,1,1,1,10,3,0.5813215293447449,0.03450799603943223,1.3325387612429584,0.6782506432220414,30.52,0.9790743382931316,0.8691632678284514,0.9991490653709887,0.8666206789638028,data/tuning_runs_asha/stage3_deep/d531c7497b
0.04,1,0,50,300,0.6,0,1,0,1,30,3,0.567035536759261,0.025872203553287107,1.4621498431080842,0.6661735642752851,42.43,0.9845268160227563,0.8567256336636722,0.99887907985444,0.9936519817753832,data/tuning_runs_asha/stage3_deep/6d32ff0e1b
