contamination,use_pca,use_fa,lof_neighbors,if_estimators,if_max_features,use_ae,use_ocsvm,use_copula,use_hdbscan,hdb_min_cluster,stage,silhouette,dunn,dbi,score,time_sec,rho_bootstrap,jacc_topk,rho_seed,rho_noise,out_dir
0.02,1,0,20,200,0.6,0,1,1,0,5,3,0.6412589914885882,0.03474687770808869,1.0933606516004493,0.7434392690094921,30.36,0.9953954570978895,0.8328605858361143,0.998444820593281,0.9979893345468334,data\tuning_runs_asha\stage3_deep\75ca7e4cc9
0.02,0,1,30,400,0.8,0,0,1,1,30,3,0.5910887180589769,0.045914498503647046,1.142057071108362,0.7155736698837514,32.25,0.9855763314681895,0.9268199233716475,0.9993380835663803,0.8426403677246231,data\tuning_runs_asha\stage3_deep\2a3015fe4b
0.03,1,0,30,100,0.8,0,0,0,1,10,3,0.6093722704716705,0.04621722810011338,1.2318476934120743,0.7115656507539886,26.33,0.9498550910798799,0.8774495685457441,0.9905592124727395,0.9772254505345366,data\tuning_runs_asha\stage3_deep\88c01e08f8
0.03,1,0,50,400,0.6,0,1,1,1,20,3,0.6055164354892775,0.04108598675245927,1.3177692396728975,0.7112708038468682,41.24,0.9856507156007419,0.899603721747301,0.9976634424817771,0.9904360434576861,data\tuning_runs_asha\stage3_deep\52de0ca440
0.03,1,0,20,100,0.8,0,1,0,0,5,3,0.5946036611260691,0.04108598675245927,1.4172962696501437,0.6930245157173157,27.17,0.989629503218536,0.881126226879513,0.9951505773724851,0.9946694262079366,data\tuning_runs_asha\stage3_deep\dfb4565c17
0.02,0,1,50,200,1.0,0,1,1,1,10,3,0.5798730087437086,0.03448434613836716,1.3373251238363117,0.6772900572968732,24.27,0.9789454549328488,0.8737656037572612,0.999266677811058,0.857174633318301,data\tuning_runs_asha\stage3_deep\d531c7497b
0.04,1,0,50,300,0.6,0,1,0,1,30,3,0.5666008259555494,0.025757636488734262,1.4898361495831138,0.6625102698431629,34.93,0.9842493017965034,0.8625137601049523,0.9974948577273229,0.9862392953145989,data\tuning_runs_asha\stage3_deep\6d32ff0e1b
