{
  "contamination": 0.06,
  "methods": [
    "IF",
    "LOF",
    "AE",
    "PPCA_MAH",
    "OCSVM"
  ],
  "thresholds": {
    "IF": 0.5274739153014764,
    "LOF": 1.336241044829162,
    "AE": 0.19101174491510847,
    "PPCA_MAH": 96.88734057148959,
    "OCSVM": 1.0506550730579292e-05
  },
  "fused_threshold": 0.8737727272727268,
  "evals": {
    "IF": {
      "silhouette": 0.5186014631827391,
      "dunn": 0.01640921363278368,
      "dbi": 1.9976654368689626
    },
    "LOF": {
      "silhouette": 0.44861310424513634,
      "dunn": 0.02443592007485666,
      "dbi": 2.0452186238011274
    },
    "AE": {
      "silhouette": 0.18605941257499045,
      "dunn": 0.021067717419737314,
      "dbi": 4.576188932256609
    },
    "PPCA_MAH": {
      "silhouette": 0.5095556747862364,
      "dunn": 0.008049974607112716,
      "dbi": 1.7175121937792557
    },
    "OCSVM": {
      "silhouette": 0.49264187121174624,
      "dunn": 0.013278099796034415,
      "dbi": 2.0318508368497077
    },
    "FUSED": {
      "silhouette": 0.48719519135631667,
      "dunn": 0.016422393907890555,
      "dbi": 1.8354505879230267
    }
  },
  "weights": {},
  "use_pca": true,
  "use_fa": false,
  "pca_components": 7
}