{
  "bootstrap": {
    "spearman_rho_mean": 0.974986738484415,
    "spearman_rho_std": 0.00732986844559551,
    "jaccard_at_k_mean": 0.6768902878399182,
    "jaccard_at_k_std": 0.04240371155259932,
    "ari_mean": 0.7726202248959666,
    "ari_std": 0.029571350845134684,
    "silhouette_std": 0.016702436716370533,
    "dunn_std": 0.00669129722846874,
    "dbi_std": 0.14649539620435412,
    "B": 12,
    "subsample": 0.8
  },
  "seed_sensitivity": {
    "spearman_rho_mean": 0.980467555698089,
    "spearman_rho_std": 0.001770097920647121,
    "trials": 3
  },
  "noise_robustness": {
    "spearman_rho_mean": 0.9731051599836323,
    "spearman_rho_std": 0.0073505075996134215,
    "sigma": 0.01,
    "trials": 3
  },
  "k_top": 105,
  "n_samples": 1761,
  "contamination": 0.06
}