{
  "bootstrap": {
    "spearman_rho_mean": 0.9873931422831935,
    "spearman_rho_std": 0.004166129195107582,
    "jaccard_at_k_mean": 0.6790359910158933,
    "jaccard_at_k_std": 0.04354218374359969,
    "ari_mean": 0.7898076524730099,
    "ari_std": 0.02724017207390935,
    "silhouette_std": 0.013072516640840597,
    "dunn_std": 0.004321037966853905,
    "dbi_std": 0.08531068079316415,
    "B": 12,
    "subsample": 0.8
  },
  "seed_sensitivity": {
    "spearman_rho_mean": 0.9886231036362852,
    "spearman_rho_std": 0.0014196659451841348,
    "trials": 3
  },
  "noise_robustness": {
    "spearman_rho_mean": 0.9813631356027575,
    "spearman_rho_std": 0.0038623912820965377,
    "sigma": 0.01,
    "trials": 3
  },
  "k_top": 70,
  "n_samples": 1761,
  "contamination": 0.04
}