{
  "bootstrap": {
    "spearman_rho_mean": 0.9845263142034798,
    "spearman_rho_std": 0.0014018618108392257,
    "jaccard_at_k_mean": 0.704040404040404,
    "jaccard_at_k_std": 0.11022141502711037,
    "ari_mean": 0.8024246306874914,
    "ari_std": 0.0628191580211079,
    "silhouette_std": 0.03209777144742657,
    "dunn_std": 0.014021681992736453,
    "dbi_std": 0.39696488720541884,
    "B": 4,
    "subsample": 0.8
  },
  "seed_sensitivity": {
    "spearman_rho_mean": 0.9920519223106831,
    "spearman_rho_std": 0.0,
    "trials": 1
  },
  "noise_robustness": {
    "spearman_rho_mean": 0.9815393821478535,
    "spearman_rho_std": 0.0,
    "sigma": 0.01,
    "trials": 1
  },
  "k_top": 35,
  "n_samples": 704,
  "contamination": 0.05
}