{
  "contamination": 0.05,
  "methods": [
    "IF",
    "LOF",
    "AE",
    "PPCA_MAH",
    "OCSVM",
    "COPULA"
  ],
  "thresholds": {
    "IF": 0.5569588472947428,
    "LOF": 1.3300843832852622,
    "AE": 0.33077297457880267,
    "PPCA_MAH": 840.0511952891911,
    "OCSVM": 3.052834733485769e-05,
    "COPULA": 4.923806631733219
  },
  "fused_threshold": 0.8878141299193931,
  "evals": {
    "IF": {
      "silhouette": 0.5099040200470476,
      "dunn": 0.04653608156687289,
      "dbi": 2.2990977348415123
    },
    "LOF": {
      "silhouette": 0.3501073779032203,
      "dunn": 0.05034284322049256,
      "dbi": 3.69197845059456
    },
    "AE": {
      "silhouette": 0.3996535414853707,
      "dunn": 0.0387218959543788,
      "dbi": 1.987581781543571
    },
    "PPCA_MAH": {
      "silhouette": 0.4926363208818037,
      "dunn": 0.037628905507702363,
      "dbi": 1.4521564112395193
    },
    "OCSVM": {
      "silhouette": 0.4212777639947241,
      "dunn": 0.02267621160479466,
      "dbi": 2.9764132100022467
    },
    "COPULA": {
      "silhouette": 0.4391438611840685,
      "dunn": 0.027694054097493363,
      "dbi": 3.098075755447942
    },
    "FUSED": {
      "silhouette": 0.45357034631414594,
      "dunn": 0.021215705950494775,
      "dbi": 2.427922415079583
    }
  },
  "weights": {},
  "use_pca": false,
  "use_fa": false,
  "pca_components": null
}