{
  "contamination": 0.06,
  "methods": [
    "IF",
    "LOF",
    "PPCA_MAH",
    "OCSVM",
    "COPULA"
  ],
  "thresholds": {
    "IF": 0.5269391708480944,
    "LOF": 1.3155103878664758,
    "PPCA_MAH": 94.57195325730746,
    "OCSVM": 1.0506550730579292e-05,
    "COPULA": 7.136233188959755
  },
  "fused_threshold": 0.8915227272727272,
  "evals": {
    "IF": {
      "silhouette": 0.5197197094089268,
      "dunn": 0.01955619440715127,
      "dbi": 2.0651117671744434
    },
    "LOF": {
      "silhouette": 0.4382548676447001,
      "dunn": 0.01133018591062536,
      "dbi": 2.1215450064125694
    },
    "PPCA_MAH": {
      "silhouette": 0.5222312482015014,
      "dunn": 0.012346889367022666,
      "dbi": 1.4717795471936768
    },
    "OCSVM": {
      "silhouette": 0.49264187121174624,
      "dunn": 0.013278099796034415,
      "dbi": 2.0318508368497077
    },
    "COPULA": {
      "silhouette": 0.5045032948557248,
      "dunn": 0.013267443066620305,
      "dbi": 1.8347041165938038
    },
    "FUSED": {
      "silhouette": 0.51586087481754,
      "dunn": 0.016422393907890555,
      "dbi": 1.6737021443957671
    }
  },
  "weights": {},
  "use_pca": true,
  "use_fa": true,
  "pca_components": 7
}