{
  "bootstrap": {
    "spearman_rho_mean": 0.9914645315203341,
    "spearman_rho_std": 0.008494368067401859,
    "jaccard_at_k_mean": 0.838679002561637,
    "jaccard_at_k_std": 0.09922089111242986,
    "ari_mean": 0.881041259330325,
    "ari_std": 0.06663080948479884,
    "silhouette_std": 0.008470479167645317,
    "dunn_std": 0.0027217145537356746,
    "dbi_std": 0.22362795581648398,
    "B": 12,
    "subsample": 0.8
  },
  "seed_sensitivity": {
    "spearman_rho_mean": 0.9963502915464743,
    "spearman_rho_std": 0.00017905576770129542,
    "trials": 3
  },
  "noise_robustness": {
    "spearman_rho_mean": 0.9956969716019434,
    "spearman_rho_std": 0.00018057383330561785,
    "sigma": 0.01,
    "trials": 3
  },
  "k_top": 105,
  "n_samples": 1761,
  "contamination": 0.06
}