{
  "contamination": 0.06,
  "methods": [
    "IF",
    "LOF",
    "AE",
    "PPCA_MAH",
    "OCSVM"
  ],
  "thresholds": {
    "IF": 0.5254423938711851,
    "LOF": 1.2677359440115645,
    "AE": 0.19101174491510847,
    "PPCA_MAH": 96.88734057148959,
    "OCSVM": 1.0506550730579292e-05
  },
  "fused_threshold": 0.8487045454545453,
  "evals": {
    "IF": {
      "silhouette": 0.5177201734483341,
      "dunn": 0.01640921363278368,
      "dbi": 1.9369059273896712
    },
    "LOF": {
      "silhouette": 0.21959914771612216,
      "dunn": 0.013150912089919614,
      "dbi": 6.5858863468976585
    },
    "AE": {
      "silhouette": 0.18605941257499045,
      "dunn": 0.021067717419737314,
      "dbi": 4.576188932256609
    },
    "PPCA_MAH": {
      "silhouette": 0.5095556747862364,
      "dunn": 0.008049974607112716,
      "dbi": 1.7175121937792557
    },
    "OCSVM": {
      "silhouette": 0.49264187121174624,
      "dunn": 0.013278099796034415,
      "dbi": 2.0318508368497077
    },
    "FUSED": {
      "silhouette": 0.4364439684190182,
      "dunn": 0.01640921363278368,
      "dbi": 2.408140148076904
    }
  },
  "weights": {},
  "use_pca": true,
  "use_fa": false,
  "pca_components": 7
}