{
  "bootstrap": {
    "spearman_rho_mean": 0.9649171305895706,
    "spearman_rho_std": 0.009009540194239852,
    "jaccard_at_k_mean": 0.589925173376474,
    "jaccard_at_k_std": 0.04482629362277558,
    "ari_mean": 0.6997122499087913,
    "ari_std": 0.03569575199726575,
    "silhouette_std": 0.0172692596369438,
    "dunn_std": 0.003444352263799503,
    "dbi_std": 0.14805166096672137,
    "B": 12,
    "subsample": 0.8
  },
  "seed_sensitivity": {
    "spearman_rho_mean": 0.9770646490747169,
    "spearman_rho_std": 0.0016425941630523828,
    "trials": 3
  },
  "noise_robustness": {
    "spearman_rho_mean": 0.9683255122187552,
    "spearman_rho_std": 0.008059412019802837,
    "sigma": 0.01,
    "trials": 3
  },
  "k_top": 105,
  "n_samples": 1761,
  "contamination": 0.06
}