{
  "bootstrap": {
    "spearman_rho_mean": 0.9909180056893249,
    "spearman_rho_std": 0.0028880371379841683,
    "jaccard_at_k_mean": 0.910690891113583,
    "jaccard_at_k_std": 0.05525689922210176,
    "ari_mean": 0.9430502243873525,
    "ari_std": 0.02690058576217277,
    "silhouette_std": 0.010155756479076534,
    "dunn_std": 0.009077417823400232,
    "dbi_std": 0.05250983937938845,
    "B": 12,
    "subsample": 0.8
  },
  "seed_sensitivity": {
    "spearman_rho_mean": 0.9945120865171818,
    "spearman_rho_std": 0.00042428569657637947,
    "trials": 3
  },
  "noise_robustness": {
    "spearman_rho_mean": 0.9933758184011507,
    "spearman_rho_std": 0.0001097497611589579,
    "sigma": 0.01,
    "trials": 3
  },
  "k_top": 35,
  "n_samples": 1761,
  "contamination": 0.02
}