{
  "contamination": 0.02,
  "methods": [
    "IF",
    "LOF",
    "PPCA_MAH",
    "COPULA"
  ],
  "thresholds": {
    "IF": 0.5694123417832805,
    "LOF": 1.4570727548812512,
    "PPCA_MAH": 178.03728845616166,
    "COPULA": 10.945787152000579
  },
  "fused_threshold": 0.9671306818181816,
  "evals": {
    "IF": {
      "silhouette": 0.6563661825130483,
      "dunn": 0.04516861915706897,
      "dbi": 0.9608630048198684
    },
    "LOF": {
      "silhouette": 0.5669552521146407,
      "dunn": 0.03825798487507858,
      "dbi": 1.6893976585919759
    },
    "PPCA_MAH": {
      "silhouette": 0.6614060231225302,
      "dunn": 0.04860102119093928,
      "dbi": 0.8249443100179268
    },
    "COPULA": {
      "silhouette": 0.651068485014538,
      "dunn": 0.02535575345989264,
      "dbi": 0.9209651360653835
    },
    "FUSED": {
      "silhouette": 0.6537168307219924,
      "dunn": 0.025436213833530716,
      "dbi": 0.9096586771917903
    }
  },
  "weights": {},
  "use_pca": true,
  "use_fa": false,
  "pca_components": 7
}