{
  "bootstrap": {
    "spearman_rho_mean": 0.9804076934737772,
    "spearman_rho_std": 0.0026321887027070316,
    "jaccard_at_k_mean": 0.6103206344810552,
    "jaccard_at_k_std": 0.03438771454899894,
    "ari_mean": 0.738332268124084,
    "ari_std": 0.03392417423854874,
    "silhouette_std": 0.01597780026723407,
    "dunn_std": 0.007671439476519569,
    "dbi_std": 0.13731659200719976,
    "B": 12,
    "subsample": 0.8
  },
  "seed_sensitivity": {
    "spearman_rho_mean": 0.990465617365463,
    "spearman_rho_std": 0.0015382449535969863,
    "trials": 3
  },
  "noise_robustness": {
    "spearman_rho_mean": 0.9872565945673449,
    "spearman_rho_std": 0.004037215186024584,
    "sigma": 0.01,
    "trials": 3
  },
  "k_top": 70,
  "n_samples": 1761,
  "contamination": 0.04
}