{
  "contamination": 0.04,
  "methods": [
    "IF",
    "LOF",
    "AE",
    "PPCA_MAH",
    "HDBSCAN",
    "COPULA"
  ],
  "thresholds": {
    "IF": 0.5678044863978402,
    "LOF": 1.3336131255347146,
    "AE": 0.17783495749196934,
    "PPCA_MAH": 1332.3851056275223,
    "HDBSCAN": 0.6709817354212451,
    "COPULA": 7.590607392507808
  },
  "fused_threshold": 0.8901136363636362,
  "evals": {
    "IF": {
      "silhouette": 0.5738298533078057,
      "dunn": 0.043440148765563215,
      "dbi": 1.8349696217305222
    },
    "LOF": {
      "silhouette": 0.22937915593202646,
      "dunn": 0.013159040868600709,
      "dbi": 6.220850734528989
    },
    "AE": {
      "silhouette": 0.2845999878565556,
      "dunn": 0.026006035026405146,
      "dbi": 3.7220520449451646
    },
    "PPCA_MAH": {
      "silhouette": 0.5747789210588662,
      "dunn": 0.01908478075539944,
      "dbi": 1.2115481616634414
    },
    "HDBSCAN": {
      "silhouette": 0.5906998792361811,
      "dunn": 0.05299261163150432,
      "dbi": 1.172337261303196
    },
    "COPULA": {
      "silhouette": 0.5150427280796347,
      "dunn": 0.011320487489984933,
      "dbi": 2.3658741292058063
    },
    "FUSED": {
      "silhouette": 0.4995134176596076,
      "dunn": 0.02842943716477528,
      "dbi": 1.964498643913094
    }
  },
  "weights": {},
  "use_pca": false,
  "use_fa": false,
  "pca_components": null
}