{
  "bootstrap": {
    "spearman_rho_mean": 0.9660351012211854,
    "spearman_rho_std": 0.0036655044251112804,
    "jaccard_at_k_mean": 0.8399787800374209,
    "jaccard_at_k_std": 0.08199652489734965,
    "ari_mean": 0.8963059070236065,
    "ari_std": 0.048500556478845165,
    "silhouette_std": 0.010346399402448626,
    "dunn_std": 0.01019154971854397,
    "dbi_std": 0.08586886428226509,
    "B": 12,
    "subsample": 0.8
  },
  "seed_sensitivity": {
    "spearman_rho_mean": 0.9966166309662894,
    "spearman_rho_std": 0.0015651692621033869,
    "trials": 3
  },
  "noise_robustness": {
    "spearman_rho_mean": 0.9858038554352344,
    "spearman_rho_std": 0.003167324330921712,
    "sigma": 0.01,
    "trials": 3
  },
  "k_top": 70,
  "n_samples": 1761,
  "contamination": 0.04
}