{
  "contamination": 0.04,
  "methods": [
    "IF",
    "LOF",
    "PPCA_MAH",
    "OCSVM",
    "HDBSCAN"
  ],
  "thresholds": {
    "IF": 0.5424188075321085,
    "LOF": 1.325217633290485,
    "PPCA_MAH": 119.20060447145117,
    "OCSVM": 4.401850436881372e-05,
    "HDBSCAN": 0.4557813537765481
  },
  "fused_threshold": 0.9084772727272727,
  "evals": {
    "IF": {
      "silhouette": 0.578461359640248,
      "dunn": 0.025757636488734248,
      "dbi": 1.4156813225941494
    },
    "LOF": {
      "silhouette": 0.37907596066061394,
      "dunn": 0.01185227141682858,
      "dbi": 3.0997674060480445
    },
    "PPCA_MAH": {
      "silhouette": 0.5927679917189136,
      "dunn": 0.02324002886333166,
      "dbi": 1.0266309316085815
    },
    "OCSVM": {
      "silhouette": 0.5275743703437222,
      "dunn": 0.015969714814848494,
      "dbi": 1.7631146961550377
    },
    "HDBSCAN": {
      "silhouette": 0.5797407826206623,
      "dunn": 0.03888149778267742,
      "dbi": 1.158408121797329
    },
    "FUSED": {
      "silhouette": 0.5635500161083371,
      "dunn": 0.0387585070003355,
      "dbi": 1.5063539032312288
    }
  },
  "weights": {},
  "use_pca": true,
  "use_fa": false,
  "pca_components": 7
}