{
  "bootstrap": {
    "spearman_rho_mean": 0.9616071757256864,
    "spearman_rho_std": 0.01215691788020093,
    "jaccard_at_k_mean": 0.6333583503961732,
    "jaccard_at_k_std": 0.03944093217951775,
    "ari_mean": 0.7402110702769115,
    "ari_std": 0.03493151512899756,
    "silhouette_std": 0.01443359321429195,
    "dunn_std": 0.004957212628815229,
    "dbi_std": 0.1013700025067235,
    "B": 12,
    "subsample": 0.8
  },
  "seed_sensitivity": {
    "spearman_rho_mean": 0.9728003205835686,
    "spearman_rho_std": 0.0040522614861731926,
    "trials": 3
  },
  "noise_robustness": {
    "spearman_rho_mean": 0.9655965547112042,
    "spearman_rho_std": 0.007311572652260725,
    "sigma": 0.01,
    "trials": 3
  },
  "k_top": 105,
  "n_samples": 1761,
  "contamination": 0.06
}