{
  "bootstrap": {
    "spearman_rho_mean": 0.9651908967149136,
    "spearman_rho_std": 0.004258296645811069,
    "jaccard_at_k_mean": 0.6925100069402427,
    "jaccard_at_k_std": 0.033681253324339314,
    "ari_mean": 0.7564919267589932,
    "ari_std": 0.02644494570898177,
    "silhouette_std": 0.007454285523372942,
    "dunn_std": 0.004866748057558017,
    "dbi_std": 0.08532328616296551,
    "B": 12,
    "subsample": 0.8
  },
  "seed_sensitivity": {
    "spearman_rho_mean": 0.9863629413030703,
    "spearman_rho_std": 0.0022460482629846567,
    "trials": 3
  },
  "noise_robustness": {
    "spearman_rho_mean": 0.9799889746554494,
    "spearman_rho_std": 0.006662151941517095,
    "sigma": 0.01,
    "trials": 3
  },
  "k_top": 176,
  "n_samples": 1761,
  "contamination": 0.1
}