{
  "contamination": 0.1,
  "methods": [
    "IF",
    "LOF",
    "AE",
    "PPCA_MAH",
    "HDBSCAN"
  ],
  "thresholds": {
    "IF": 0.5199435737985746,
    "LOF": 1.2237341445792673,
    "AE": 0.11494836941371805,
    "PPCA_MAH": 359.3025169598784,
    "HDBSCAN": 0.45852929812092763
  },
  "fused_threshold": 0.8359090909090909,
  "evals": {
    "IF": {
      "silhouette": 0.4512872685807778,
      "dunn": 0.013284360807939212,
      "dbi": 2.5427743112013457
    },
    "LOF": {
      "silhouette": 0.27854224446145487,
      "dunn": 0.011698233315352148,
      "dbi": 3.7167900152239914
    },
    "AE": {
      "silhouette": 0.2306145303798012,
      "dunn": 0.015312164460485363,
      "dbi": 3.5534372420669778
    },
    "PPCA_MAH": {
      "silhouette": 0.4325633513945136,
      "dunn": 0.008550550038813732,
      "dbi": 1.651705544012536
    },
    "HDBSCAN": {
      "silhouette": 0.46124080173386695,
      "dunn": 0.02024606700895155,
      "dbi": 1.9017101021666378
    },
    "FUSED": {
      "silhouette": 0.396139308415833,
      "dunn": 0.02024606700895155,
      "dbi": 2.322811347956511
    }
  },
  "weights": {},
  "use_pca": false,
  "use_fa": false,
  "pca_components": null
}