{
  "contamination": 0.05,
  "methods": [
    "IF",
    "LOF",
    "PPCA_MAH",
    "OCSVM",
    "HDBSCAN",
    "COPULA"
  ],
  "thresholds": {
    "IF": 0.5285818879114133,
    "LOF": 1.3610824318936452,
    "PPCA_MAH": 105.0427339178678,
    "OCSVM": 3.0377272055415377e-05,
    "HDBSCAN": 0.48839846789955627,
    "COPULA": 7.262276863837576
  },
  "fused_threshold": 0.9131697486960645,
  "evals": {
    "IF": {
      "silhouette": 0.4897757694124562,
      "dunn": 0.038310204839555065,
      "dbi": 1.6263199352021962
    },
    "LOF": {
      "silhouette": 0.4023186703728253,
      "dunn": 0.04436568622544537,
      "dbi": 2.4386748509434426
    },
    "PPCA_MAH": {
      "silhouette": 0.4963162703732571,
      "dunn": 0.029934879077704844,
      "dbi": 1.6860255669541717
    },
    "OCSVM": {
      "silhouette": 0.4555237830522904,
      "dunn": 0.0354543922162477,
      "dbi": 2.620737609751662
    },
    "HDBSCAN": {
      "silhouette": 0.5197857545806465,
      "dunn": 0.04436568622544537,
      "dbi": 1.4653259755774637
    },
    "COPULA": {
      "silhouette": 0.49270974065747386,
      "dunn": 0.018498496121144146,
      "dbi": 1.903605860084086
    },
    "FUSED": {
      "silhouette": 0.4954741917293084,
      "dunn": 0.018880077496542694,
      "dbi": 1.803096810924376
    }
  },
  "weights": {},
  "use_pca": true,
  "use_fa": false,
  "pca_components": 7
}