{
  "bootstrap": {
    "spearman_rho_mean": 0.9818698877445832,
    "spearman_rho_std": 0.0020706160587278715,
    "jaccard_at_k_mean": 0.8856209150326797,
    "jaccard_at_k_std": 0.07863535565696708,
    "ari_mean": 0.903190241468485,
    "ari_std": 0.025503212953929294,
    "silhouette_std": 0.0344046588087893,
    "dunn_std": 0.012907287235473276,
    "dbi_std": 0.38057290235221375,
    "B": 4,
    "subsample": 0.8
  },
  "seed_sensitivity": {
    "spearman_rho_mean": 0.9993903832395012,
    "spearman_rho_std": 0.0,
    "trials": 1
  },
  "noise_robustness": {
    "spearman_rho_mean": 0.8021089758528462,
    "spearman_rho_std": 0.0,
    "sigma": 0.01,
    "trials": 1
  },
  "k_top": 21,
  "n_samples": 704,
  "contamination": 0.03
}