{
  "contamination": 0.03,
  "methods": [
    "IF",
    "LOF",
    "PPCA_MAH",
    "OCSVM",
    "COPULA"
  ],
  "thresholds": {
    "IF": 0.5776399286466938,
    "LOF": 1.4118746684352024,
    "PPCA_MAH": 46.07218757623375,
    "OCSVM": 7.720304200404105e-05,
    "COPULA": -7.232167840379789
  },
  "fused_threshold": 0.9424295874822192,
  "evals": {
    "IF": {
      "silhouette": 0.5244985051766388,
      "dunn": 0.05579094080743962,
      "dbi": 1.8489737864352747
    },
    "LOF": {
      "silhouette": 0.41125084450394556,
      "dunn": 0.022347727819056196,
      "dbi": 3.452287814679222
    },
    "PPCA_MAH": {
      "silhouette": 0.5256903200353874,
      "dunn": 0.037605136533415545,
      "dbi": 0.9560464130903936
    },
    "OCSVM": {
      "silhouette": 0.43773289652621195,
      "dunn": 0.020562617083415582,
      "dbi": 2.6193574726500093
    },
    "COPULA": {
      "silhouette": 0.5006772507398494,
      "dunn": 0.005949858912026055,
      "dbi": 1.6453172029659733
    },
    "FUSED": {
      "silhouette": 0.5090098430928519,
      "dunn": 0.02431234858753655,
      "dbi": 1.9659716260618125
    }
  },
  "weights": {},
  "use_pca": false,
  "use_fa": true,
  "pca_components": 13
}