{
  "bootstrap": {
    "spearman_rho_mean": 0.982521433411795,
    "spearman_rho_std": 0.0016708509973452192,
    "jaccard_at_k_mean": 0.8823529411764706,
    "jaccard_at_k_std": 0.0,
    "ari_mean": 0.9286748425520986,
    "ari_std": 0.010335748839026807,
    "silhouette_std": 0.03547229399734576,
    "dunn_std": 0.005867632906916703,
    "dbi_std": 0.38778227021670325,
    "B": 4,
    "subsample": 0.8
  },
  "seed_sensitivity": {
    "spearman_rho_mean": 0.9993433343275558,
    "spearman_rho_std": 0.0,
    "trials": 1
  },
  "noise_robustness": {
    "spearman_rho_mean": 0.8047260005245883,
    "spearman_rho_std": 0.0,
    "sigma": 0.01,
    "trials": 1
  },
  "k_top": 21,
  "n_samples": 704,
  "contamination": 0.03
}