{
  "contamination": 0.07,
  "methods": [
    "IF",
    "LOF",
    "PPCA_MAH",
    "OCSVM",
    "COPULA"
  ],
  "thresholds": {
    "IF": 0.5149911802009822,
    "LOF": 1.3874453713239587,
    "PPCA_MAH": 98.68889250832855,
    "OCSVM": 2.255563245625363e-05,
    "COPULA": 6.751177442635203
  },
  "fused_threshold": 0.8943783783783785,
  "evals": {
    "IF": {
      "silhouette": 0.44590533592453113,
      "dunn": 0.023737708074850566,
      "dbi": 2.2085108208016058
    },
    "LOF": {
      "silhouette": 0.4420106138120757,
      "dunn": 0.026331914443199177,
      "dbi": 2.2556011673352665
    },
    "PPCA_MAH": {
      "silhouette": 0.440011068287598,
      "dunn": 0.02137780424431333,
      "dbi": 1.8196386621436853
    },
    "OCSVM": {
      "silhouette": 0.4129133004831446,
      "dunn": 0.021971001688089162,
      "dbi": 2.557795489563031
    },
    "COPULA": {
      "silhouette": 0.4436768364476565,
      "dunn": 0.01597202081169656,
      "dbi": 2.126525374718002
    },
    "FUSED": {
      "silhouette": 0.46444843585397355,
      "dunn": 0.018199993077845335,
      "dbi": 2.0272732335493795
    }
  },
  "weights": {},
  "use_pca": true,
  "use_fa": false,
  "pca_components": 7
}