{
  "bootstrap": {
    "spearman_rho_mean": 0.9960181691649086,
    "spearman_rho_std": 0.001025321682459736,
    "jaccard_at_k_mean": 0.8154617645542206,
    "jaccard_at_k_std": 0.0529617602828674,
    "ari_mean": 0.8788301589503126,
    "ari_std": 0.041212550936439836,
    "silhouette_std": 0.012714766001709727,
    "dunn_std": 0.006342001492216002,
    "dbi_std": 0.0799557475559877,
    "B": 4,
    "subsample": 0.8
  },
  "seed_sensitivity": {
    "spearman_rho_mean": 0.9993645458054043,
    "spearman_rho_std": 0.0,
    "trials": 1
  },
  "noise_robustness": {
    "spearman_rho_mean": 0.9988390186813401,
    "spearman_rho_std": 0.0,
    "sigma": 0.01,
    "trials": 1
  },
  "k_top": 49,
  "n_samples": 704,
  "contamination": 0.07
}