{
  "bootstrap": {
    "spearman_rho_mean": 0.9936921826758053,
    "spearman_rho_std": 0.0020002862882356415,
    "jaccard_at_k_mean": 0.8435441370223979,
    "jaccard_at_k_std": 0.08839808994284797,
    "ari_mean": 0.9068569834929656,
    "ari_std": 0.03376025429108812,
    "silhouette_std": 0.009531686034180586,
    "dunn_std": 0.0027612156896227734,
    "dbi_std": 0.045142036398826,
    "B": 6,
    "subsample": 0.8
  },
  "seed_sensitivity": {
    "spearman_rho_mean": 0.997649935413577,
    "spearman_rho_std": 0.00019019476908649358,
    "trials": 2
  },
  "noise_robustness": {
    "spearman_rho_mean": 0.996774467171768,
    "spearman_rho_std": 0.0006097683843799828,
    "sigma": 0.01,
    "trials": 2
  },
  "k_top": 26,
  "n_samples": 1321,
  "contamination": 0.02
}