{
  "contamination": 0.02,
  "methods": [
    "IF",
    "LOF",
    "PPCA_MAH",
    "OCSVM",
    "COPULA"
  ],
  "thresholds": {
    "IF": 0.5735109111629517,
    "LOF": 1.4153019986945656,
    "PPCA_MAH": 221.00538057332489,
    "OCSVM": 6.765578206944047e-05,
    "COPULA": 11.964754259380813
  },
  "fused_threshold": 0.9606060606060605,
  "evals": {
    "IF": {
      "silhouette": 0.6502503081493197,
      "dunn": 0.04648014802253738,
      "dbi": 0.9101356118814458
    },
    "LOF": {
      "silhouette": 0.4455485688648574,
      "dunn": 0.04554597574006877,
      "dbi": 2.373078528063669
    },
    "PPCA_MAH": {
      "silhouette": 0.6567145509919978,
      "dunn": 0.09513026657585176,
      "dbi": 0.7129310130655019
    },
    "OCSVM": {
      "silhouette": 0.5243489061728213,
      "dunn": 0.028982565651028212,
      "dbi": 2.0316097253456453
    },
    "COPULA": {
      "silhouette": 0.6470906671437157,
      "dunn": 0.03387059971245031,
      "dbi": 0.8179098582294183
    },
    "FUSED": {
      "silhouette": 0.6328530934790465,
      "dunn": 0.03395845001982055,
      "dbi": 0.9593286623198526
    }
  },
  "weights": {},
  "use_pca": true,
  "use_fa": false,
  "pca_components": 7
}