{
  "bootstrap": {
    "spearman_rho_mean": 0.9948372666070636,
    "spearman_rho_std": 0.0009464687763407744,
    "jaccard_at_k_mean": 0.8283926218708828,
    "jaccard_at_k_std": 0.06496905113652014,
    "ari_mean": 0.8864490093444887,
    "ari_std": 0.0237466251306408,
    "silhouette_std": 0.01129614209231583,
    "dunn_std": 0.02813174338127544,
    "dbi_std": 0.046926374417770096,
    "B": 6,
    "subsample": 0.8
  },
  "seed_sensitivity": {
    "spearman_rho_mean": 0.9986880228857999,
    "spearman_rho_std": 0.00013267063128497014,
    "trials": 2
  },
  "noise_robustness": {
    "spearman_rho_mean": 0.9984095731833037,
    "spearman_rho_std": 8.258925463699995e-05,
    "sigma": 0.01,
    "trials": 2
  },
  "k_top": 26,
  "n_samples": 1321,
  "contamination": 0.02
}