{
  "bootstrap": {
    "spearman_rho_mean": 0.9789942290316535,
    "spearman_rho_std": 0.002385649752129599,
    "jaccard_at_k_mean": 0.6687345239976819,
    "jaccard_at_k_std": 0.031001468703154466,
    "ari_mean": 0.7700273676904009,
    "ari_std": 0.03679228194103826,
    "silhouette_std": 0.012545558229779912,
    "dunn_std": 0.012738186763621009,
    "dbi_std": 0.1652130627350748,
    "B": 6,
    "subsample": 0.8
  },
  "seed_sensitivity": {
    "spearman_rho_mean": 0.9864956554710684,
    "spearman_rho_std": 0.0023617684740206424,
    "trials": 2
  },
  "noise_robustness": {
    "spearman_rho_mean": 0.978517196691719,
    "spearman_rho_std": 0.003104665572032761,
    "sigma": 0.01,
    "trials": 2
  },
  "k_top": 39,
  "n_samples": 1321,
  "contamination": 0.03
}