{
  "contamination": 0.02,
  "methods": [
    "IF",
    "LOF",
    "PPCA_MAH"
  ],
  "thresholds": {
    "IF": 0.573585548261072,
    "LOF": 1.4447959064498654,
    "PPCA_MAH": 139.69261641875426
  },
  "fused_threshold": 0.9301849217638691,
  "evals": {
    "IF": {
      "silhouette": 0.598326149785834,
      "dunn": 0.0598056618817088,
      "dbi": 1.0906010448031678
    },
    "LOF": {
      "silhouette": 0.4815142346229387,
      "dunn": 0.053698950261734046,
      "dbi": 2.2530079409387054
    },
    "PPCA_MAH": {
      "silhouette": 0.5820397609438163,
      "dunn": 0.07554131307016601,
      "dbi": 1.1054375241177512
    },
    "FUSED": {
      "silhouette": 0.5873588858987802,
      "dunn": 0.04759024020402728,
      "dbi": 1.1421402279297537
    }
  },
  "weights": {},
  "use_pca": true,
  "use_fa": false,
  "pca_components": 7
}