{
  "bootstrap": {
    "spearman_rho_mean": 0.98413248945231,
    "spearman_rho_std": 0.0017789909449050303,
    "jaccard_at_k_mean": 0.8397435897435899,
    "jaccard_at_k_std": 0.10897435897435898,
    "ari_mean": 0.8499199148689395,
    "ari_std": 0.0418908848234331,
    "silhouette_std": 0.04312685760926941,
    "dunn_std": 0.016479325289710006,
    "dbi_std": 0.18813534101268484,
    "B": 4,
    "subsample": 0.8
  },
  "seed_sensitivity": {
    "spearman_rho_mean": 0.9978849497220312,
    "spearman_rho_std": 0.0,
    "trials": 1
  },
  "noise_robustness": {
    "spearman_rho_mean": 0.9958335526935765,
    "spearman_rho_std": 0.0,
    "sigma": 0.01,
    "trials": 1
  },
  "k_top": 14,
  "n_samples": 704,
  "contamination": 0.02
}