{
  "bootstrap": {
    "spearman_rho_mean": 0.9828719236114206,
    "spearman_rho_std": 0.0014788200209869444,
    "jaccard_at_k_mean": 0.7628205128205128,
    "jaccard_at_k_std": 0.07051282051282054,
    "ari_mean": 0.8156794139177685,
    "ari_std": 0.06472492162994382,
    "silhouette_std": 0.044210753897276564,
    "dunn_std": 0.011480611173960195,
    "dbi_std": 0.18586379431702924,
    "B": 4,
    "subsample": 0.8
  },
  "seed_sensitivity": {
    "spearman_rho_mean": 0.9980403521933834,
    "spearman_rho_std": 0.0,
    "trials": 1
  },
  "noise_robustness": {
    "spearman_rho_mean": 0.994527905064318,
    "spearman_rho_std": 0.0,
    "sigma": 0.01,
    "trials": 1
  },
  "k_top": 14,
  "n_samples": 704,
  "contamination": 0.02
}