{
  "bootstrap": {
    "spearman_rho_mean": 0.9497160859457933,
    "spearman_rho_std": 0.008030171471840854,
    "jaccard_at_k_mean": 0.8521858050852522,
    "jaccard_at_k_std": 0.0704891432727441,
    "ari_mean": 0.8995227537825814,
    "ari_std": 0.041545603683470635,
    "silhouette_std": 0.01123658677147387,
    "dunn_std": 0.004210448491817715,
    "dbi_std": 0.12931949395329376,
    "B": 12,
    "subsample": 0.8
  },
  "seed_sensitivity": {
    "spearman_rho_mean": 0.9932785380596895,
    "spearman_rho_std": 0.0014000426242885148,
    "trials": 3
  },
  "noise_robustness": {
    "spearman_rho_mean": 0.9784749675190367,
    "spearman_rho_std": 0.002872852689489248,
    "sigma": 0.01,
    "trials": 3
  },
  "k_top": 52,
  "n_samples": 1761,
  "contamination": 0.03
}