{
  "contamination": 0.03,
  "methods": [
    "IF",
    "LOF",
    "PPCA_MAH",
    "HDBSCAN"
  ],
  "thresholds": {
    "IF": 0.5523434024160645,
    "LOF": 1.3903366300572004,
    "PPCA_MAH": 140.5613443538399,
    "HDBSCAN": 0.5151372760870869
  },
  "fused_threshold": 0.9361079545454546,
  "evals": {
    "IF": {
      "silhouette": 0.6131381058982979,
      "dunn": 0.025355753459892612,
      "dbi": 1.1599404446830632
    },
    "LOF": {
      "silhouette": 0.5265518160583463,
      "dunn": 0.028135212131385423,
      "dbi": 1.8492395807734474
    },
    "PPCA_MAH": {
      "silhouette": 0.6239195994188841,
      "dunn": 0.035446003292041055,
      "dbi": 0.8951854273873181
    },
    "HDBSCAN": {
      "silhouette": 0.6200822560663699,
      "dunn": 0.04531195088569782,
      "dbi": 1.0628027713761927
    },
    "FUSED": {
      "silhouette": 0.6093722704716705,
      "dunn": 0.04621722810011338,
      "dbi": 1.2318476934120743
    }
  },
  "weights": {},
  "use_pca": true,
  "use_fa": false,
  "pca_components": 7
}