{
  "contamination": 0.04,
  "methods": [
    "IF",
    "LOF",
    "AE",
    "PPCA_MAH"
  ],
  "thresholds": {
    "IF": 0.5389754144140904,
    "LOF": 1.363671042055611,
    "AE": 0.2198859240728988,
    "PPCA_MAH": 111.86738764194207
  },
  "fused_threshold": 0.8882670454545454,
  "evals": {
    "IF": {
      "silhouette": 0.5726716467846047,
      "dunn": 0.025757636488734248,
      "dbi": 1.5955656550363622
    },
    "LOF": {
      "silhouette": 0.49762536657690565,
      "dunn": 0.02597603810364883,
      "dbi": 1.8472250665821282
    },
    "AE": {
      "silhouette": 0.23388689694641931,
      "dunn": 0.014823377295223187,
      "dbi": 4.3090024022692495
    },
    "PPCA_MAH": {
      "silhouette": 0.5829188861248719,
      "dunn": 0.023166515508791508,
      "dbi": 1.3455876829361186
    },
    "FUSED": {
      "silhouette": 0.5332555809761039,
      "dunn": 0.02052481509920513,
      "dbi": 1.6152187647917855
    }
  },
  "weights": {},
  "use_pca": true,
  "use_fa": true,
  "pca_components": 7
}