{
  "bootstrap": {
    "spearman_rho_mean": 0.9895253111067315,
    "spearman_rho_std": 0.003668848034622024,
    "jaccard_at_k_mean": 0.8202271500923631,
    "jaccard_at_k_std": 0.03675858583295226,
    "ari_mean": 0.8820936474473026,
    "ari_std": 0.029028366255993966,
    "silhouette_std": 0.008140828403057743,
    "dunn_std": 0.0037658554966099895,
    "dbi_std": 0.09224626863832144,
    "B": 12,
    "subsample": 0.8
  },
  "seed_sensitivity": {
    "spearman_rho_mean": 0.9943240902652103,
    "spearman_rho_std": 0.0023589975892455884,
    "trials": 3
  },
  "noise_robustness": {
    "spearman_rho_mean": 0.9946973477536991,
    "spearman_rho_std": 0.0008131365295574557,
    "sigma": 0.01,
    "trials": 3
  },
  "k_top": 105,
  "n_samples": 1761,
  "contamination": 0.06
}