{
  "bootstrap": {
    "spearman_rho_mean": 0.9829213987743618,
    "spearman_rho_std": 0.0016060912720619338,
    "jaccard_at_k_mean": 0.8780867630700779,
    "jaccard_at_k_std": 0.04306927091993794,
    "ari_mean": 0.9210214716902335,
    "ari_std": 0.036176687930648425,
    "silhouette_std": 0.008353112982724918,
    "dunn_std": 0.01051866229771048,
    "dbi_std": 0.1014848929084291,
    "B": 12,
    "subsample": 0.8
  },
  "seed_sensitivity": {
    "spearman_rho_mean": 0.9952802224580366,
    "spearman_rho_std": 0.0004290671859284391,
    "trials": 3
  },
  "noise_robustness": {
    "spearman_rho_mean": 0.8447776331093714,
    "spearman_rho_std": 0.011443846457808477,
    "sigma": 0.01,
    "trials": 3
  },
  "k_top": 35,
  "n_samples": 1761,
  "contamination": 0.02
}