{
  "contamination": 0.1,
  "methods": [
    "IF",
    "LOF",
    "AE",
    "PPCA_MAH"
  ],
  "thresholds": {
    "IF": 0.5008591008687091,
    "LOF": 1.269575003235018,
    "AE": 0.14868432020601668,
    "PPCA_MAH": 83.5760703881338
  },
  "fused_threshold": 0.8328125,
  "evals": {
    "IF": {
      "silhouette": 0.44273644056051714,
      "dunn": 0.01708219202792265,
      "dbi": 2.4246565794689183
    },
    "LOF": {
      "silhouette": 0.36133594117345863,
      "dunn": 0.015969714814848494,
      "dbi": 2.536166988090475
    },
    "AE": {
      "silhouette": 0.204745701798828,
      "dunn": 0.014434217248251176,
      "dbi": 3.9965781827727427
    },
    "PPCA_MAH": {
      "silhouette": 0.41048444523767513,
      "dunn": 0.012157403216142847,
      "dbi": 2.1460041754753982
    },
    "FUSED": {
      "silhouette": 0.40596423494818973,
      "dunn": 0.02248817402031279,
      "dbi": 2.1873574511216427
    }
  },
  "weights": {},
  "use_pca": true,
  "use_fa": false,
  "pca_components": 7
}