{
  "bootstrap": {
    "spearman_rho_mean": 0.9623607867546505,
    "spearman_rho_std": 0.011259863197796139,
    "jaccard_at_k_mean": 0.6473973649688662,
    "jaccard_at_k_std": 0.04314982489119538,
    "ari_mean": 0.7154241488523736,
    "ari_std": 0.040632802135720056,
    "silhouette_std": 0.014039111392132918,
    "dunn_std": 0.0041938062456867,
    "dbi_std": 0.21655831049926488,
    "B": 12,
    "subsample": 0.8
  },
  "seed_sensitivity": {
    "spearman_rho_mean": 0.9713114753457998,
    "spearman_rho_std": 0.0014176845693214984,
    "trials": 3
  },
  "noise_robustness": {
    "spearman_rho_mean": 0.9605758061103081,
    "spearman_rho_std": 0.010409906886025368,
    "sigma": 0.01,
    "trials": 3
  },
  "k_top": 176,
  "n_samples": 1761,
  "contamination": 0.1
}