{
  "contamination": 0.03,
  "methods": [
    "IF",
    "LOF",
    "AE",
    "PPCA_MAH",
    "OCSVM"
  ],
  "thresholds": {
    "IF": 0.5912487830732146,
    "LOF": 1.452814308081606,
    "AE": 0.5013063171695923,
    "PPCA_MAH": 1441.0303942728203,
    "OCSVM": 9.828800130733817e-05
  },
  "fused_threshold": 0.9337667140825034,
  "evals": {
    "IF": {
      "silhouette": 0.562500284889088,
      "dunn": 0.07694264562852299,
      "dbi": 1.8491609039774541
    },
    "LOF": {
      "silhouette": 0.4945556905697994,
      "dunn": 0.021215705950494775,
      "dbi": 2.0551106784715993
    },
    "AE": {
      "silhouette": 0.4997359913516133,
      "dunn": 0.0653308964237268,
      "dbi": 1.528810335446803
    },
    "PPCA_MAH": {
      "silhouette": 0.5644991691780397,
      "dunn": 0.049403941289462724,
      "dbi": 1.180816226130748
    },
    "OCSVM": {
      "silhouette": 0.42929089339857995,
      "dunn": 0.045841905771245535,
      "dbi": 2.8099275865286613
    },
    "FUSED": {
      "silhouette": 0.5375236125248838,
      "dunn": 0.021215705950494775,
      "dbi": 1.6278278911880872
    }
  },
  "weights": {},
  "use_pca": false,
  "use_fa": false,
  "pca_components": null
}