{
  "bootstrap": {
    "spearman_rho_mean": 0.9848825702953541,
    "spearman_rho_std": 0.0024849185095253768,
    "jaccard_at_k_mean": 0.7337461300309598,
    "jaccard_at_k_std": 0.08579818241827254,
    "ari_mean": 0.8073859629484539,
    "ari_std": 0.08795131689005951,
    "silhouette_std": 0.04124156942895328,
    "dunn_std": 0.01234451129872015,
    "dbi_std": 0.3325023378279913,
    "B": 4,
    "subsample": 0.8
  },
  "seed_sensitivity": {
    "spearman_rho_mean": 0.9890164262480516,
    "spearman_rho_std": 0.0,
    "trials": 1
  },
  "noise_robustness": {
    "spearman_rho_mean": 0.977898780746705,
    "spearman_rho_std": 0.0,
    "sigma": 0.01,
    "trials": 1
  },
  "k_top": 21,
  "n_samples": 704,
  "contamination": 0.03
}