{
  "contamination": 0.1,
  "methods": [
    "IF",
    "LOF",
    "AE",
    "PPCA_MAH"
  ],
  "thresholds": {
    "IF": 0.5160231566349293,
    "LOF": 1.2733314782976823,
    "AE": 0.11494836941371805,
    "PPCA_MAH": 359.3025169598784
  },
  "fused_threshold": 0.8421875,
  "evals": {
    "IF": {
      "silhouette": 0.4480105962763614,
      "dunn": 0.015756416928731275,
      "dbi": 2.665887955675867
    },
    "LOF": {
      "silhouette": 0.3633469893629962,
      "dunn": 0.015953220873634356,
      "dbi": 2.6338152556192815
    },
    "AE": {
      "silhouette": 0.2306145303798012,
      "dunn": 0.015312164460485363,
      "dbi": 3.5534372420669778
    },
    "PPCA_MAH": {
      "silhouette": 0.4325633513945136,
      "dunn": 0.008550550038813732,
      "dbi": 1.651705544012536
    },
    "FUSED": {
      "silhouette": 0.41706718258018244,
      "dunn": 0.02341055054390994,
      "dbi": 2.0738037959230846
    }
  },
  "weights": {},
  "use_pca": false,
  "use_fa": false,
  "pca_components": null
}