{
  "contamination": 0.04,
  "methods": [
    "IF",
    "LOF",
    "AE",
    "PPCA_MAH",
    "OCSVM",
    "HDBSCAN"
  ],
  "thresholds": {
    "IF": 0.5409384925770573,
    "LOF": 1.316272363084001,
    "AE": 0.27263507310231017,
    "PPCA_MAH": 112.01595303833507,
    "OCSVM": 3.534241059135431e-05,
    "HDBSCAN": 0.5451058402314637
  },
  "fused_threshold": 0.8942045454545452,
  "evals": {
    "IF": {
      "silhouette": 0.5746595483270621,
      "dunn": 0.03141092699088081,
      "dbi": 1.517289128046584
    },
    "LOF": {
      "silhouette": 0.3824178551109873,
      "dunn": 0.011951849110153252,
      "dbi": 3.000759447984896
    },
    "AE": {
      "silhouette": 0.26663531609981306,
      "dunn": 0.013520358558636411,
      "dbi": 3.708985505550518
    },
    "PPCA_MAH": {
      "silhouette": 0.5830663739743058,
      "dunn": 0.023110905573543797,
      "dbi": 1.3434379424617573
    },
    "OCSVM": {
      "silhouette": 0.5138820020054832,
      "dunn": 0.010199083470802069,
      "dbi": 2.053775252124896
    },
    "HDBSCAN": {
      "silhouette": 0.5897326947820355,
      "dunn": 0.04463950303974757,
      "dbi": 1.1290756347830582
    },
    "FUSED": {
      "silhouette": 0.5400627725234313,
      "dunn": 0.025802445346228796,
      "dbi": 1.6746436351086627
    }
  },
  "weights": {},
  "use_pca": true,
  "use_fa": false,
  "pca_components": 7
}