{
  "contamination": 0.1,
  "methods": [
    "IF",
    "LOF",
    "AE",
    "PPCA_MAH",
    "COPULA"
  ],
  "thresholds": {
    "IF": 0.5109659186136551,
    "LOF": 1.2470231971064076,
    "AE": 0.0020451200429698734,
    "PPCA_MAH": 34.580643714319216,
    "COPULA": -8.147901973526858
  },
  "fused_threshold": 0.8304545454545454,
  "evals": {
    "IF": {
      "silhouette": 0.4087988034551593,
      "dunn": 0.013545328697251153,
      "dbi": 2.6978258160711834
    },
    "LOF": {
      "silhouette": 0.3149300315220774,
      "dunn": 0.016270762310582592,
      "dbi": 3.1008179141285725
    },
    "AE": {
      "silhouette": 0.18667288023023423,
      "dunn": 0.009694663337082963,
      "dbi": 4.136463971452428
    },
    "PPCA_MAH": {
      "silhouette": 0.41122348094195427,
      "dunn": 0.009410138502671833,
      "dbi": 2.1903143341632605
    },
    "COPULA": {
      "silhouette": 0.3916671540000097,
      "dunn": 0.013796455708172246,
      "dbi": 2.7421571651919368
    },
    "FUSED": {
      "silhouette": 0.39065063347314427,
      "dunn": 0.01691134081625223,
      "dbi": 2.6223183464464146
    }
  },
  "weights": {},
  "use_pca": false,
  "use_fa": true,
  "pca_components": 13
}