{
  "bootstrap": {
    "spearman_rho_mean": 0.9635714549890505,
    "spearman_rho_std": 0.007565097977786103,
    "jaccard_at_k_mean": 0.687296992237398,
    "jaccard_at_k_std": 0.060616440163492734,
    "ari_mean": 0.7593606521741331,
    "ari_std": 0.04992950014594268,
    "silhouette_std": 0.010202139209101038,
    "dunn_std": 0.003058033969650424,
    "dbi_std": 0.1302097189269592,
    "B": 12,
    "subsample": 0.8
  },
  "seed_sensitivity": {
    "spearman_rho_mean": 0.976096326136485,
    "spearman_rho_std": 0.010045857953800095,
    "trials": 3
  },
  "noise_robustness": {
    "spearman_rho_mean": 0.7893278566445915,
    "spearman_rho_std": 0.005373783623381857,
    "sigma": 0.01,
    "trials": 3
  },
  "k_top": 176,
  "n_samples": 1761,
  "contamination": 0.1
}