{
  "contamination": 0.04,
  "methods": [
    "IF",
    "LOF",
    "AE",
    "PPCA_MAH"
  ],
  "thresholds": {
    "IF": 0.5409384925770573,
    "LOF": 1.316272363084001,
    "AE": 0.27263507310231017,
    "PPCA_MAH": 112.01595303833507
  },
  "fused_threshold": 0.8779261363636363,
  "evals": {
    "IF": {
      "silhouette": 0.5746595483270621,
      "dunn": 0.03141092699088081,
      "dbi": 1.517289128046584
    },
    "LOF": {
      "silhouette": 0.3824178551109873,
      "dunn": 0.011951849110153252,
      "dbi": 3.000759447984896
    },
    "AE": {
      "silhouette": 0.26663531609981306,
      "dunn": 0.013520358558636411,
      "dbi": 3.708985505550518
    },
    "PPCA_MAH": {
      "silhouette": 0.5830663739743058,
      "dunn": 0.023110905573543797,
      "dbi": 1.3434379424617573
    },
    "FUSED": {
      "silhouette": 0.5248405934567119,
      "dunn": 0.03564559195088057,
      "dbi": 1.7794689817555316
    }
  },
  "weights": {},
  "use_pca": true,
  "use_fa": true,
  "pca_components": 7
}