{
  "contamination": 0.06,
  "methods": [
    "IF",
    "LOF",
    "AE",
    "PPCA_MAH",
    "COPULA"
  ],
  "thresholds": {
    "IF": 0.5483533435713843,
    "LOF": 1.3318469420397208,
    "AE": 0.002632431437511885,
    "PPCA_MAH": 55.06881211432467,
    "COPULA": -6.929407422590902
  },
  "fused_threshold": 0.881840909090909,
  "evals": {
    "IF": {
      "silhouette": 0.47998889103431996,
      "dunn": 0.020586259157216347,
      "dbi": 2.2671432905402935
    },
    "LOF": {
      "silhouette": 0.39152944795005024,
      "dunn": 0.01370642673353118,
      "dbi": 2.469297034027241
    },
    "AE": {
      "silhouette": 0.22673313614384247,
      "dunn": 0.012187802652565806,
      "dbi": 3.271565110805727
    },
    "PPCA_MAH": {
      "silhouette": 0.4859240326686714,
      "dunn": 0.04212072810207313,
      "dbi": 1.6066565895067986
    },
    "COPULA": {
      "silhouette": 0.4679432226667396,
      "dunn": 0.019691237420275173,
      "dbi": 2.0697882887855084
    },
    "FUSED": {
      "silhouette": 0.46039472959284966,
      "dunn": 0.015048764018773798,
      "dbi": 2.1421364220742656
    }
  },
  "weights": {},
  "use_pca": false,
  "use_fa": true,
  "pca_components": 13
}