{
  "contamination": 0.04,
  "methods": [
    "IF",
    "LOF",
    "PPCA_MAH",
    "OCSVM",
    "HDBSCAN",
    "COPULA"
  ],
  "thresholds": {
    "IF": 0.5409384925770573,
    "LOF": 1.3600072296388384,
    "PPCA_MAH": 112.27101262985525,
    "OCSVM": 3.534241059135431e-05,
    "HDBSCAN": 0.5451058402314637,
    "COPULA": 8.055751343089955
  },
  "fused_threshold": 0.927064393939394,
  "evals": {
    "IF": {
      "silhouette": 0.5746595483270621,
      "dunn": 0.03141092699088081,
      "dbi": 1.517289128046584
    },
    "LOF": {
      "silhouette": 0.49764197591632353,
      "dunn": 0.0254484919765772,
      "dbi": 1.8359456969830952
    },
    "PPCA_MAH": {
      "silhouette": 0.5830663739743058,
      "dunn": 0.023110905573543797,
      "dbi": 1.3434379424617573
    },
    "OCSVM": {
      "silhouette": 0.5138820020054832,
      "dunn": 0.010199083470802069,
      "dbi": 2.053775252124896
    },
    "HDBSCAN": {
      "silhouette": 0.5897326947820355,
      "dunn": 0.04463950303974757,
      "dbi": 1.1290756347830582
    },
    "COPULA": {
      "silhouette": 0.5662104952876916,
      "dunn": 0.019761494920273945,
      "dbi": 1.3945878453252634
    },
    "FUSED": {
      "silhouette": 0.5650629083365518,
      "dunn": 0.025802445346228796,
      "dbi": 1.511794504577799
    }
  },
  "weights": {},
  "use_pca": true,
  "use_fa": true,
  "pca_components": 7
}