{
  "bootstrap": {
    "spearman_rho_mean": 0.9942698027843577,
    "spearman_rho_std": 0.0013282447735563703,
    "jaccard_at_k_mean": 0.9130434782608695,
    "jaccard_at_k_std": 0.0,
    "ari_mean": 0.9247389701355848,
    "ari_std": 0.019730615374778816,
    "silhouette_std": 0.02324888872815068,
    "dunn_std": 0.03058634234939695,
    "dbi_std": 0.17940071751282458,
    "B": 4,
    "subsample": 0.8
  },
  "seed_sensitivity": {
    "spearman_rho_mean": 0.9991964264687424,
    "spearman_rho_std": 0.0,
    "trials": 1
  },
  "noise_robustness": {
    "spearman_rho_mean": 0.9986043671242515,
    "spearman_rho_std": 0.0,
    "sigma": 0.01,
    "trials": 1
  },
  "k_top": 28,
  "n_samples": 704,
  "contamination": 0.04
}