{
  "contamination": 0.04,
  "methods": [
    "IF",
    "LOF",
    "PPCA_MAH",
    "OCSVM",
    "HDBSCAN"
  ],
  "thresholds": {
    "IF": 0.536719418968167,
    "LOF": 1.4994295633486596,
    "PPCA_MAH": 110.06252194481392,
    "OCSVM": 3.451137418092982e-05,
    "HDBSCAN": 0.6765928439973002
  },
  "fused_threshold": 0.939118065433855,
  "evals": {
    "IF": {
      "silhouette": 0.5282723637245015,
      "dunn": 0.018880077496542694,
      "dbi": 1.4255394140316393
    },
    "LOF": {
      "silhouette": 0.5140936002586006,
      "dunn": 0.018880077496542694,
      "dbi": 1.6389059615352355
    },
    "PPCA_MAH": {
      "silhouette": 0.530050382042549,
      "dunn": 0.0342563007203361,
      "dbi": 1.2684079778566424
    },
    "OCSVM": {
      "silhouette": 0.4351779848066597,
      "dunn": 0.022424212856614483,
      "dbi": 2.3318778668427633
    },
    "HDBSCAN": {
      "silhouette": 0.5491537863330483,
      "dunn": 0.04436568622544537,
      "dbi": 1.2239411455002853
    },
    "FUSED": {
      "silhouette": 0.527685145853354,
      "dunn": 0.04436568622544537,
      "dbi": 1.495701682277323
    }
  },
  "weights": {},
  "use_pca": true,
  "use_fa": false,
  "pca_components": 7
}