{
  "contamination": 0.1,
  "methods": [
    "IF",
    "LOF",
    "AE",
    "PPCA_MAH",
    "OCSVM",
    "COPULA"
  ],
  "thresholds": {
    "IF": 0.5024777793300529,
    "LOF": 1.269575003235018,
    "AE": 0.14868432020601668,
    "PPCA_MAH": 83.5760703881338,
    "OCSVM": 2.8744069815900275e-05,
    "COPULA": 6.114251413369432
  },
  "fused_threshold": 0.8351325757575757,
  "evals": {
    "IF": {
      "silhouette": 0.44221741432332007,
      "dunn": 0.013267443066620305,
      "dbi": 2.5612000787353466
    },
    "LOF": {
      "silhouette": 0.36133594117345863,
      "dunn": 0.015969714814848494,
      "dbi": 2.536166988090475
    },
    "AE": {
      "silhouette": 0.204745701798828,
      "dunn": 0.014434217248251176,
      "dbi": 3.9965781827727427
    },
    "PPCA_MAH": {
      "silhouette": 0.41048444523767513,
      "dunn": 0.012157403216142847,
      "dbi": 2.1460041754753982
    },
    "OCSVM": {
      "silhouette": 0.41435424180290664,
      "dunn": 0.008301520120136656,
      "dbi": 2.728487860762776
    },
    "COPULA": {
      "silhouette": 0.42294751069263226,
      "dunn": 0.00776086095418653,
      "dbi": 2.5147634320138343
    },
    "FUSED": {
      "silhouette": 0.4265713900524105,
      "dunn": 0.010854229509860324,
      "dbi": 2.1977239604548005
    }
  },
  "weights": {},
  "use_pca": true,
  "use_fa": true,
  "pca_components": 7
}