{
  "bootstrap": {
    "spearman_rho_mean": 0.9837531179046412,
    "spearman_rho_std": 0.004672375455381279,
    "jaccard_at_k_mean": 0.752620397817621,
    "jaccard_at_k_std": 0.037276874215639466,
    "ari_mean": 0.8123288835928668,
    "ari_std": 0.028917883609330657,
    "silhouette_std": 0.010155570400364432,
    "dunn_std": 0.0045859424231041905,
    "dbi_std": 0.191720880602443,
    "B": 12,
    "subsample": 0.8
  },
  "seed_sensitivity": {
    "spearman_rho_mean": 0.987396623673258,
    "spearman_rho_std": 0.0013262325700075328,
    "trials": 3
  },
  "noise_robustness": {
    "spearman_rho_mean": 0.982708657109499,
    "spearman_rho_std": 0.004783263491531076,
    "sigma": 0.01,
    "trials": 3
  },
  "k_top": 176,
  "n_samples": 1761,
  "contamination": 0.1
}