{
  "bootstrap": {
    "spearman_rho_mean": 0.9697673200640603,
    "spearman_rho_std": 0.004205259458861119,
    "jaccard_at_k_mean": 0.8357605532522108,
    "jaccard_at_k_std": 0.09266613597958856,
    "ari_mean": 0.9010812879415832,
    "ari_std": 0.041888437501146784,
    "silhouette_std": 0.008629235641795364,
    "dunn_std": 0.006133848821275305,
    "dbi_std": 0.07300907524749385,
    "B": 12,
    "subsample": 0.8
  },
  "seed_sensitivity": {
    "spearman_rho_mean": 0.9982395513556521,
    "spearman_rho_std": 0.0013187470731304833,
    "trials": 3
  },
  "noise_robustness": {
    "spearman_rho_mean": 0.9887678405483343,
    "spearman_rho_std": 0.0027935711200484815,
    "sigma": 0.01,
    "trials": 3
  },
  "k_top": 35,
  "n_samples": 1761,
  "contamination": 0.02
}