{
  "bootstrap": {
    "spearman_rho_mean": 0.9931720892530688,
    "spearman_rho_std": 0.0017062121184127984,
    "jaccard_at_k_mean": 0.8148877668027322,
    "jaccard_at_k_std": 0.045187016675313336,
    "ari_mean": 0.8714153684662168,
    "ari_std": 0.03415481372826445,
    "silhouette_std": 0.007672843395734376,
    "dunn_std": 0.0028159522185321247,
    "dbi_std": 0.17621469402117626,
    "B": 12,
    "subsample": 0.8
  },
  "seed_sensitivity": {
    "spearman_rho_mean": 0.997648734203365,
    "spearman_rho_std": 0.0008061616549320648,
    "trials": 3
  },
  "noise_robustness": {
    "spearman_rho_mean": 0.8278323404738384,
    "spearman_rho_std": 0.009680865198213526,
    "sigma": 0.01,
    "trials": 3
  },
  "k_top": 140,
  "n_samples": 1761,
  "contamination": 0.08
}