{
  "contamination": 0.06,
  "methods": [
    "IF",
    "LOF",
    "PPCA_MAH",
    "HDBSCAN",
    "COPULA"
  ],
  "thresholds": {
    "IF": 0.5254423938711851,
    "LOF": 1.3155103878664758,
    "PPCA_MAH": 94.56357128871393,
    "HDBSCAN": 0.4986495603490909,
    "COPULA": 7.136233188959755
  },
  "fused_threshold": 0.9009545454545453,
  "evals": {
    "IF": {
      "silhouette": 0.5177201734483341,
      "dunn": 0.01640921363278368,
      "dbi": 1.9369059273896712
    },
    "LOF": {
      "silhouette": 0.4382548676447001,
      "dunn": 0.01133018591062536,
      "dbi": 2.1215450064125694
    },
    "PPCA_MAH": {
      "silhouette": 0.5202358472332671,
      "dunn": 0.008075519261728871,
      "dbi": 1.4516179635988562
    },
    "HDBSCAN": {
      "silhouette": 0.5438007559382471,
      "dunn": 0.02021960002394723,
      "dbi": 1.3091533540317049
    },
    "COPULA": {
      "silhouette": 0.5045032948557248,
      "dunn": 0.013267443066620305,
      "dbi": 1.8347041165938038
    },
    "FUSED": {
      "silhouette": 0.5212470491051301,
      "dunn": 0.016422393907890555,
      "dbi": 1.579361828921955
    }
  },
  "weights": {},
  "use_pca": true,
  "use_fa": true,
  "pca_components": 7
}