{
  "bootstrap": {
    "spearman_rho_mean": 0.9612206618794501,
    "spearman_rho_std": 0.007345543042520324,
    "jaccard_at_k_mean": 0.6723860292076185,
    "jaccard_at_k_std": 0.14632334877447875,
    "ari_mean": 0.7982699214153435,
    "ari_std": 0.09653186335162603,
    "silhouette_std": 0.03231380571585932,
    "dunn_std": 0.010775465764309622,
    "dbi_std": 0.44007167916889933,
    "B": 4,
    "subsample": 0.8
  },
  "seed_sensitivity": {
    "spearman_rho_mean": 0.9785203468909852,
    "spearman_rho_std": 0.0,
    "trials": 1
  },
  "noise_robustness": {
    "spearman_rho_mean": 0.9844304790967134,
    "spearman_rho_std": 0.0,
    "sigma": 0.01,
    "trials": 1
  },
  "k_top": 28,
  "n_samples": 704,
  "contamination": 0.04
}