{
  "contamination": 0.04,
  "methods": [
    "IF",
    "LOF",
    "AE",
    "PPCA_MAH",
    "OCSVM",
    "HDBSCAN"
  ],
  "thresholds": {
    "IF": 0.5369274076971131,
    "LOF": 1.4238269614753063,
    "AE": 0.5739035030768048,
    "PPCA_MAH": 110.06252194481392,
    "OCSVM": 3.451137418092982e-05,
    "HDBSCAN": 0.4237959394475972
  },
  "fused_threshold": 0.9181887150308203,
  "evals": {
    "IF": {
      "silhouette": 0.5183246777407619,
      "dunn": 0.038310204839555065,
      "dbi": 1.7098471636638595
    },
    "LOF": {
      "silhouette": 0.4524886987242439,
      "dunn": 0.018575417022873505,
      "dbi": 2.1515748375543815
    },
    "AE": {
      "silhouette": 0.4159326309543154,
      "dunn": 0.04681833466575661,
      "dbi": 1.9696068960020348
    },
    "PPCA_MAH": {
      "silhouette": 0.530050382042549,
      "dunn": 0.0342563007203361,
      "dbi": 1.2684079778566424
    },
    "OCSVM": {
      "silhouette": 0.4351779848066597,
      "dunn": 0.022424212856614483,
      "dbi": 2.3318778668427633
    },
    "HDBSCAN": {
      "silhouette": 0.5391710314722006,
      "dunn": 0.04061602399669866,
      "dbi": 1.2492620823332574
    },
    "FUSED": {
      "silhouette": 0.5200522009704688,
      "dunn": 0.018880077496542694,
      "dbi": 1.2395748890010725
    }
  },
  "weights": {},
  "use_pca": true,
  "use_fa": false,
  "pca_components": 7
}