{
  "bootstrap": {
    "spearman_rho_mean": 0.9881471786168182,
    "spearman_rho_std": 0.004160465020911811,
    "jaccard_at_k_mean": 0.8071493567014324,
    "jaccard_at_k_std": 0.035099875795167844,
    "ari_mean": 0.8624662576305254,
    "ari_std": 0.02745668817187947,
    "silhouette_std": 0.00899841530748944,
    "dunn_std": 0.00362431618438718,
    "dbi_std": 0.13748148398744425,
    "B": 12,
    "subsample": 0.8
  },
  "seed_sensitivity": {
    "spearman_rho_mean": 0.9891253272982627,
    "spearman_rho_std": 0.0016424981268093968,
    "trials": 3
  },
  "noise_robustness": {
    "spearman_rho_mean": 0.9821627962333056,
    "spearman_rho_std": 0.0040866247790567875,
    "sigma": 0.01,
    "trials": 3
  },
  "k_top": 176,
  "n_samples": 1761,
  "contamination": 0.1
}