{
  "contamination": 0.06,
  "methods": [
    "IF",
    "LOF",
    "AE",
    "PPCA_MAH",
    "OCSVM",
    "HDBSCAN"
  ],
  "thresholds": {
    "IF": 0.545044841671664,
    "LOF": 1.2838247892030763,
    "AE": 0.14853354065131744,
    "PPCA_MAH": 863.8935281514955,
    "OCSVM": 1.92354606888036e-05,
    "HDBSCAN": 0.4994844263189283
  },
  "fused_threshold": 0.8611174242424241,
  "evals": {
    "IF": {
      "silhouette": 0.5204635476728549,
      "dunn": 0.038089468606442745,
      "dbi": 2.239476403958989
    },
    "LOF": {
      "silhouette": 0.23033040253962142,
      "dunn": 0.013159040868600709,
      "dbi": 5.761635388150646
    },
    "AE": {
      "silhouette": 0.2625029891808929,
      "dunn": 0.015802674152827642,
      "dbi": 3.5482075646634748
    },
    "PPCA_MAH": {
      "silhouette": 0.5166993904310927,
      "dunn": 0.026448650613792788,
      "dbi": 1.4285178572416966
    },
    "OCSVM": {
      "silhouette": 0.48246889682345223,
      "dunn": 0.013284360807939212,
      "dbi": 2.290146857069851
    },
    "HDBSCAN": {
      "silhouette": 0.5387567266240485,
      "dunn": 0.02202153271339841,
      "dbi": 1.380071527157819
    },
    "FUSED": {
      "silhouette": 0.46122759984352163,
      "dunn": 0.031026699575109576,
      "dbi": 2.1686465378068474
    }
  },
  "weights": {},
  "use_pca": false,
  "use_fa": false,
  "pca_components": null
}