{
  "bootstrap": {
    "spearman_rho_mean": 0.9661449696392097,
    "spearman_rho_std": 0.0040887980248027304,
    "jaccard_at_k_mean": 0.6728958837731157,
    "jaccard_at_k_std": 0.045792926465797086,
    "ari_mean": 0.7789431198610127,
    "ari_std": 0.03441603520729077,
    "silhouette_std": 0.009621453331649628,
    "dunn_std": 0.006378623426608781,
    "dbi_std": 0.09548641399817767,
    "B": 12,
    "subsample": 0.8
  },
  "seed_sensitivity": {
    "spearman_rho_mean": 0.9872126394222246,
    "spearman_rho_std": 0.001691025698065764,
    "trials": 3
  },
  "noise_robustness": {
    "spearman_rho_mean": 0.9793856566066571,
    "spearman_rho_std": 0.005255118435857692,
    "sigma": 0.01,
    "trials": 3
  },
  "k_top": 105,
  "n_samples": 1761,
  "contamination": 0.06
}