{
  "contamination": 0.02,
  "methods": [
    "IF",
    "LOF",
    "AE",
    "PPCA_MAH",
    "HDBSCAN"
  ],
  "thresholds": {
    "IF": 0.5850364375758628,
    "LOF": 1.4066006165790415,
    "AE": 0.36266673496917856,
    "PPCA_MAH": 164.55598033189432,
    "HDBSCAN": 0.6471735162970159
  },
  "fused_threshold": 0.9317272727272726,
  "evals": {
    "IF": {
      "silhouette": 0.6599785518506571,
      "dunn": 0.04262285840727473,
      "dbi": 0.8714020820957467
    },
    "LOF": {
      "silhouette": 0.48114806206528266,
      "dunn": 0.030376419761585043,
      "dbi": 2.546134605440895
    },
    "AE": {
      "silhouette": 0.3674228422388408,
      "dunn": 0.024005766108224705,
      "dbi": 2.803452816479026
    },
    "PPCA_MAH": {
      "silhouette": 0.6609953056962331,
      "dunn": 0.03466267379543805,
      "dbi": 0.8715775734991363
    },
    "HDBSCAN": {
      "silhouette": 0.6607926486893876,
      "dunn": 0.028655193861416895,
      "dbi": 0.8643281438131892
    },
    "FUSED": {
      "silhouette": 0.6132424726904243,
      "dunn": 0.02977031717497483,
      "dbi": 1.3440134864948048
    }
  },
  "weights": {},
  "use_pca": true,
  "use_fa": true,
  "pca_components": 7
}