{
  "contamination": 0.02,
  "methods": [
    "IF",
    "LOF",
    "PPCA_MAH",
    "HDBSCAN",
    "COPULA"
  ],
  "thresholds": {
    "IF": 0.578537286172096,
    "LOF": 1.4066006165790415,
    "PPCA_MAH": 183.74646175627157,
    "HDBSCAN": 0.6471735162970159,
    "COPULA": 10.922843024725172
  },
  "fused_threshold": 0.9687727272727271,
  "evals": {
    "IF": {
      "silhouette": 0.657679973808163,
      "dunn": 0.04262285840727473,
      "dbi": 0.8416205283662201
    },
    "LOF": {
      "silhouette": 0.48114806206528266,
      "dunn": 0.030376419761585043,
      "dbi": 2.546134605440895
    },
    "PPCA_MAH": {
      "silhouette": 0.6615573975385486,
      "dunn": 0.047502596713892696,
      "dbi": 0.8246761151813868
    },
    "HDBSCAN": {
      "silhouette": 0.6607926486893876,
      "dunn": 0.028655193861416895,
      "dbi": 0.8643281438131892
    },
    "COPULA": {
      "silhouette": 0.6512551892216079,
      "dunn": 0.028574224648886138,
      "dbi": 0.9207603596265895
    },
    "FUSED": {
      "silhouette": 0.6547595444219712,
      "dunn": 0.028655193861416895,
      "dbi": 0.9032815414599695
    }
  },
  "weights": {},
  "use_pca": true,
  "use_fa": false,
  "pca_components": 7
}