{
  "bootstrap": {
    "spearman_rho_mean": 0.9660664415245331,
    "spearman_rho_std": 0.0035556918220297057,
    "jaccard_at_k_mean": 0.7250545726700182,
    "jaccard_at_k_std": 0.029630862763433886,
    "ari_mean": 0.8238604803111701,
    "ari_std": 0.030626307239478335,
    "silhouette_std": 0.013764887597680358,
    "dunn_std": 0.008362534512393782,
    "dbi_std": 0.17596500775239335,
    "B": 12,
    "subsample": 0.8
  },
  "seed_sensitivity": {
    "spearman_rho_mean": 0.9972271797520285,
    "spearman_rho_std": 0.000443863985677229,
    "trials": 3
  },
  "noise_robustness": {
    "spearman_rho_mean": 0.9831695336650341,
    "spearman_rho_std": 0.004014358550330569,
    "sigma": 0.01,
    "trials": 3
  },
  "k_top": 105,
  "n_samples": 1761,
  "contamination": 0.06
}