{
  "contamination": 0.06,
  "methods": [
    "IF",
    "LOF",
    "PPCA_MAH",
    "HDBSCAN"
  ],
  "thresholds": {
    "IF": 0.5436154663436676,
    "LOF": 1.2838247892030763,
    "PPCA_MAH": 842.2064928314483,
    "HDBSCAN": 0.4994844263189283
  },
  "fused_threshold": 0.8710227272727271,
  "evals": {
    "IF": {
      "silhouette": 0.5248474899607014,
      "dunn": 0.011440163293538518,
      "dbi": 2.039864341104961
    },
    "LOF": {
      "silhouette": 0.23033040253962142,
      "dunn": 0.013159040868600709,
      "dbi": 5.761635388150646
    },
    "PPCA_MAH": {
      "silhouette": 0.5171421834178733,
      "dunn": 0.026448650613792788,
      "dbi": 1.4511316768731155
    },
    "HDBSCAN": {
      "silhouette": 0.5387567266240485,
      "dunn": 0.02202153271339841,
      "dbi": 1.380071527157819
    },
    "FUSED": {
      "silhouette": 0.45698006396130525,
      "dunn": 0.031026699575109576,
      "dbi": 2.1470421741220633
    }
  },
  "weights": {},
  "use_pca": false,
  "use_fa": false,
  "pca_components": null
}