{
  "bootstrap": {
    "spearman_rho_mean": 0.9749372061375666,
    "spearman_rho_std": 0.0034700518066333825,
    "jaccard_at_k_mean": 0.6441040588099411,
    "jaccard_at_k_std": 0.09561485208210665,
    "ari_mean": 0.7551939490073081,
    "ari_std": 0.06320669469540903,
    "silhouette_std": 0.011956579291865126,
    "dunn_std": 0.013245099019101994,
    "dbi_std": 0.15617431478696756,
    "B": 6,
    "subsample": 0.8
  },
  "seed_sensitivity": {
    "spearman_rho_mean": 0.9819004196060894,
    "spearman_rho_std": 0.0033943837294291845,
    "trials": 2
  },
  "noise_robustness": {
    "spearman_rho_mean": 0.9713413460467467,
    "spearman_rho_std": 0.0041823525058308775,
    "sigma": 0.01,
    "trials": 2
  },
  "k_top": 39,
  "n_samples": 1321,
  "contamination": 0.03
}