{
  "contamination": 0.03,
  "methods": [
    "IF",
    "LOF",
    "AE",
    "PPCA_MAH"
  ],
  "thresholds": {
    "IF": 0.5880381465730437,
    "LOF": 1.4643704701126872,
    "AE": 0.2105227639373348,
    "PPCA_MAH": 1919.0099784288695
  },
  "fused_threshold": 0.9244696969696967,
  "evals": {
    "IF": {
      "silhouette": 0.6049780184383068,
      "dunn": 0.02555063908390335,
      "dbi": 1.3608002194236795
    },
    "LOF": {
      "silhouette": 0.5515887861318424,
      "dunn": 0.04669042235251284,
      "dbi": 1.4270464464334447
    },
    "AE": {
      "silhouette": 0.34339682792867005,
      "dunn": 0.027243083923649252,
      "dbi": 2.8275859595769015
    },
    "PPCA_MAH": {
      "silhouette": 0.6041099608071484,
      "dunn": 0.042932638160105466,
      "dbi": 0.9875356539411592
    },
    "FUSED": {
      "silhouette": 0.5886667755294483,
      "dunn": 0.04090390090352399,
      "dbi": 1.3590159849912644
    }
  },
  "weights": {},
  "use_pca": false,
  "use_fa": false,
  "pca_components": null
}