{
  "bootstrap": {
    "spearman_rho_mean": 0.9715737219672351,
    "spearman_rho_std": 0.004610894681405572,
    "jaccard_at_k_mean": 0.6356490315732933,
    "jaccard_at_k_std": 0.08081373327207785,
    "ari_mean": 0.7629527765865346,
    "ari_std": 0.06152939553132849,
    "silhouette_std": 0.015168925610379127,
    "dunn_std": 0.01466614150910384,
    "dbi_std": 0.09209843267005939,
    "B": 6,
    "subsample": 0.8
  },
  "seed_sensitivity": {
    "spearman_rho_mean": 0.9866263807727128,
    "spearman_rho_std": 0.0004291520966415163,
    "trials": 2
  },
  "noise_robustness": {
    "spearman_rho_mean": 0.9791028836094735,
    "spearman_rho_std": 0.00687635456097474,
    "sigma": 0.01,
    "trials": 2
  },
  "k_top": 39,
  "n_samples": 1321,
  "contamination": 0.03
}