{
  "bootstrap": {
    "spearman_rho_mean": 0.99329211508237,
    "spearman_rho_std": 0.001473184854389014,
    "jaccard_at_k_mean": 0.8379319955406912,
    "jaccard_at_k_std": 0.09015411119167152,
    "ari_mean": 0.8900870788225234,
    "ari_std": 0.028130851651715985,
    "silhouette_std": 0.026957413321837268,
    "dunn_std": 0.013166138108383855,
    "dbi_std": 0.20925009554090074,
    "B": 4,
    "subsample": 0.8
  },
  "seed_sensitivity": {
    "spearman_rho_mean": 0.9974829715966435,
    "spearman_rho_std": 0.0,
    "trials": 1
  },
  "noise_robustness": {
    "spearman_rho_mean": 0.8810266064603077,
    "spearman_rho_std": 0.0,
    "sigma": 0.01,
    "trials": 1
  },
  "k_top": 28,
  "n_samples": 704,
  "contamination": 0.04
}