{
  "contamination": 0.04,
  "methods": [
    "IF",
    "LOF",
    "PPCA_MAH",
    "OCSVM"
  ],
  "thresholds": {
    "IF": 0.5592085413711548,
    "LOF": 1.4618731360700372,
    "PPCA_MAH": 40.19788305724049,
    "OCSVM": 3.737019405924962e-05
  },
  "fused_threshold": 0.9341963015647227,
  "evals": {
    "IF": {
      "silhouette": 0.4920552168976126,
      "dunn": 0.030690406371781664,
      "dbi": 2.085934213504017
    },
    "LOF": {
      "silhouette": 0.48335832675027957,
      "dunn": 0.026727113721653054,
      "dbi": 2.164177579257651
    },
    "PPCA_MAH": {
      "silhouette": 0.5031841737772165,
      "dunn": 0.05062330705850511,
      "dbi": 1.1514921172512744
    },
    "OCSVM": {
      "silhouette": 0.4159715663006209,
      "dunn": 0.020562617083415582,
      "dbi": 3.0350901715917025
    },
    "FUSED": {
      "silhouette": 0.4799616070624351,
      "dunn": 0.04034265814179103,
      "dbi": 2.001567459071332
    }
  },
  "weights": {},
  "use_pca": false,
  "use_fa": true,
  "pca_components": 13
}