{
  "bootstrap": {
    "spearman_rho_mean": 0.9893863649378208,
    "spearman_rho_std": 0.0004052915190199963,
    "jaccard_at_k_mean": 0.8750745144895996,
    "jaccard_at_k_std": 0.01180275410731534,
    "ari_mean": 0.9042135791798006,
    "ari_std": 0.009326258765163282,
    "silhouette_std": 0.006595085434753983,
    "dunn_std": 0.0016436024098494839,
    "dbi_std": 0.0740136258863877,
    "B": 12,
    "subsample": 0.8
  },
  "seed_sensitivity": {
    "spearman_rho_mean": 0.9983773879149171,
    "spearman_rho_std": 0.00016163497478283327,
    "trials": 3
  },
  "noise_robustness": {
    "spearman_rho_mean": 0.8832199464513568,
    "spearman_rho_std": 0.004617886699395768,
    "sigma": 0.01,
    "trials": 3
  },
  "k_top": 176,
  "n_samples": 1761,
  "contamination": 0.1
}