{
  "bootstrap": {
    "spearman_rho_mean": 0.9835783969618049,
    "spearman_rho_std": 0.002550627322451352,
    "jaccard_at_k_mean": 0.8888147324187369,
    "jaccard_at_k_std": 0.04674804638650469,
    "ari_mean": 0.9406340858062016,
    "ari_std": 0.024489311232645864,
    "silhouette_std": 0.0070679790511699436,
    "dunn_std": 0.004095346532155082,
    "dbi_std": 0.07942898498819682,
    "B": 12,
    "subsample": 0.8
  },
  "seed_sensitivity": {
    "spearman_rho_mean": 0.9986524994115845,
    "spearman_rho_std": 0.00018888331272697088,
    "trials": 3
  },
  "noise_robustness": {
    "spearman_rho_mean": 0.9928177037458904,
    "spearman_rho_std": 0.0006132636585455247,
    "sigma": 0.01,
    "trials": 3
  },
  "k_top": 35,
  "n_samples": 1761,
  "contamination": 0.02
}