{
  "contamination": 0.02,
  "methods": [
    "IF",
    "LOF",
    "PPCA_MAH",
    "OCSVM",
    "HDBSCAN"
  ],
  "thresholds": {
    "IF": 0.6045554552468675,
    "LOF": 1.4808747012201795,
    "PPCA_MAH": 2649.86497017434,
    "OCSVM": 9.029527517410101e-05,
    "HDBSCAN": 0.661760555711404
  },
  "fused_threshold": 0.9599772727272725,
  "evals": {
    "IF": {
      "silhouette": 0.6506761013048054,
      "dunn": 0.04845705958768254,
      "dbi": 1.1074114387315828
    },
    "LOF": {
      "silhouette": 0.6004328684097421,
      "dunn": 0.04835160114809409,
      "dbi": 1.427389120699043
    },
    "PPCA_MAH": {
      "silhouette": 0.6398466438113423,
      "dunn": 0.0512476329058676,
      "dbi": 1.1674207501982705
    },
    "OCSVM": {
      "silhouette": 0.48022370367867123,
      "dunn": 0.015953220873634356,
      "dbi": 1.9016205838419524
    },
    "HDBSCAN": {
      "silhouette": 0.6620367201332669,
      "dunn": 0.02546605731747789,
      "dbi": 0.8455841823150562
    },
    "FUSED": {
      "silhouette": 0.652395671410769,
      "dunn": 0.04835160114809409,
      "dbi": 1.0247264366882318
    }
  },
  "weights": {},
  "use_pca": false,
  "use_fa": false,
  "pca_components": null
}