{
  "bootstrap": {
    "spearman_rho_mean": 0.9790051045950084,
    "spearman_rho_std": 0.003045078205795955,
    "jaccard_at_k_mean": 0.7789275150480136,
    "jaccard_at_k_std": 0.019254303274926058,
    "ari_mean": 0.8352463791514152,
    "ari_std": 0.014874998922959723,
    "silhouette_std": 0.011076552660504226,
    "dunn_std": 0.005939932239073701,
    "dbi_std": 0.1361529150075254,
    "B": 12,
    "subsample": 0.8
  },
  "seed_sensitivity": {
    "spearman_rho_mean": 0.9912658841418951,
    "spearman_rho_std": 0.0014806435604565512,
    "trials": 3
  },
  "noise_robustness": {
    "spearman_rho_mean": 0.9841382243692415,
    "spearman_rho_std": 0.0006866116807779667,
    "sigma": 0.01,
    "trials": 3
  },
  "k_top": 176,
  "n_samples": 1761,
  "contamination": 0.1
}