{
  "contamination": 0.08,
  "methods": [
    "IF",
    "LOF",
    "AE",
    "PPCA_MAH",
    "OCSVM",
    "HDBSCAN",
    "COPULA"
  ],
  "thresholds": {
    "IF": 0.5236804512818205,
    "LOF": 1.2913616509715053,
    "AE": 0.002316293386097477,
    "PPCA_MAH": 41.86103300779868,
    "OCSVM": 4.2169849106343805e-05,
    "HDBSCAN": 0.6199948403218416,
    "COPULA": -7.782311453062998
  },
  "fused_threshold": 0.8594155844155843,
  "evals": {
    "IF": {
      "silhouette": 0.43996597704250984,
      "dunn": 0.013545328697251153,
      "dbi": 2.630120693710996
    },
    "LOF": {
      "silhouette": 0.35982517917087564,
      "dunn": 0.013545328697251153,
      "dbi": 2.6664757448660756
    },
    "AE": {
      "silhouette": 0.2004430041748749,
      "dunn": 0.01125681758747059,
      "dbi": 3.76250830420295
    },
    "PPCA_MAH": {
      "silhouette": 0.4473740266086231,
      "dunn": 0.017174873342197628,
      "dbi": 1.9248767344723805
    },
    "OCSVM": {
      "silhouette": 0.3967930204154838,
      "dunn": 0.01004340822344522,
      "dbi": 3.1091300199822136
    },
    "HDBSCAN": {
      "silhouette": 0.4390683585642558,
      "dunn": 0.020586259157216347,
      "dbi": 2.2388889632662523
    },
    "COPULA": {
      "silhouette": 0.4242785461370146,
      "dunn": 0.01250357152715502,
      "dbi": 2.486235405477598
    },
    "FUSED": {
      "silhouette": 0.4246115080993466,
      "dunn": 0.020312154006864442,
      "dbi": 2.5046793453757346
    }
  },
  "weights": {},
  "use_pca": false,
  "use_fa": true,
  "pca_components": 13
}