{
  "contamination": 0.07,
  "methods": [
    "IF",
    "LOF",
    "AE",
    "PPCA_MAH",
    "OCSVM",
    "HDBSCAN"
  ],
  "thresholds": {
    "IF": 0.5375240632394452,
    "LOF": 1.324976572043127,
    "AE": 0.015578761428042672,
    "PPCA_MAH": 32.10379854795135,
    "OCSVM": 1.7260867988344588e-05,
    "HDBSCAN": 0.6294687049631505
  },
  "fused_threshold": 0.8768444760550026,
  "evals": {
    "IF": {
      "silhouette": 0.44038053292696683,
      "dunn": 0.02390834707839845,
      "dbi": 2.4381723962585617
    },
    "LOF": {
      "silhouette": 0.3736502083311852,
      "dunn": 0.027812957977426025,
      "dbi": 3.5219784799145715
    },
    "AE": {
      "silhouette": 0.19753177315200532,
      "dunn": 0.012215447933532865,
      "dbi": 3.5987667777848373
    },
    "PPCA_MAH": {
      "silhouette": 0.4216122550941226,
      "dunn": 0.02709024489491915,
      "dbi": 1.7388196606217514
    },
    "OCSVM": {
      "silhouette": 0.3698950360592022,
      "dunn": 0.018156053205170424,
      "dbi": 3.932862454751293
    },
    "HDBSCAN": {
      "silhouette": 0.4388449386436555,
      "dunn": 0.011136813177157699,
      "dbi": 2.249248213689452
    },
    "FUSED": {
      "silhouette": 0.40826320486086226,
      "dunn": 0.023387294260622193,
      "dbi": 2.618899875782205
    }
  },
  "weights": {},
  "use_pca": false,
  "use_fa": true,
  "pca_components": 13
}