{
  "bootstrap": {
    "spearman_rho_mean": 0.976206068030834,
    "spearman_rho_std": 0.004166862092077814,
    "jaccard_at_k_mean": 0.6520352706299911,
    "jaccard_at_k_std": 0.045165357551155014,
    "ari_mean": 0.7427003073720736,
    "ari_std": 0.05222784644621926,
    "silhouette_std": 0.0163243915327471,
    "dunn_std": 0.005456474331226706,
    "dbi_std": 0.18491252590157523,
    "B": 4,
    "subsample": 0.8
  },
  "seed_sensitivity": {
    "spearman_rho_mean": 0.9810256572562862,
    "spearman_rho_std": 0.0,
    "trials": 1
  },
  "noise_robustness": {
    "spearman_rho_mean": 0.9013543085771867,
    "spearman_rho_std": 0.0,
    "sigma": 0.01,
    "trials": 1
  },
  "k_top": 49,
  "n_samples": 704,
  "contamination": 0.07
}