{
  "bootstrap": {
    "spearman_rho_mean": 0.9782901858019258,
    "spearman_rho_std": 0.004140125344100077,
    "jaccard_at_k_mean": 0.6547949287729894,
    "jaccard_at_k_std": 0.0519553654149312,
    "ari_mean": 0.762632075855551,
    "ari_std": 0.03159811986182786,
    "silhouette_std": 0.01347289623967653,
    "dunn_std": 0.005842140236323425,
    "dbi_std": 0.21460140957103038,
    "B": 12,
    "subsample": 0.8
  },
  "seed_sensitivity": {
    "spearman_rho_mean": 0.9874929164937271,
    "spearman_rho_std": 0.005344380509978015,
    "trials": 3
  },
  "noise_robustness": {
    "spearman_rho_mean": 0.8851412360267257,
    "spearman_rho_std": 0.0029491675673205178,
    "sigma": 0.01,
    "trials": 3
  },
  "k_top": 70,
  "n_samples": 1761,
  "contamination": 0.04
}