{
  "contamination": 0.04,
  "methods": [
    "IF",
    "LOF",
    "AE",
    "PPCA_MAH",
    "OCSVM",
    "HDBSCAN",
    "COPULA"
  ],
  "thresholds": {
    "IF": 0.5709821742110989,
    "LOF": 1.3957388782737503,
    "AE": 0.0033245728336670412,
    "PPCA_MAH": 78.33344977470067,
    "OCSVM": 7.128800619007308e-05,
    "HDBSCAN": 0.685642324364178,
    "COPULA": -5.484363196931218
  },
  "fused_threshold": 0.9100162337662336,
  "evals": {
    "IF": {
      "silhouette": 0.5181713758811792,
      "dunn": 0.01250357152715502,
      "dbi": 2.117824887690253
    },
    "LOF": {
      "silhouette": 0.4466669928324554,
      "dunn": 0.026273621293247264,
      "dbi": 2.124240123500503
    },
    "AE": {
      "silhouette": 0.23786904838707493,
      "dunn": 0.008842392481656497,
      "dbi": 2.904243277976956
    },
    "PPCA_MAH": {
      "silhouette": 0.5309245021081686,
      "dunn": 0.0210111231863611,
      "dbi": 1.2764990949794337
    },
    "OCSVM": {
      "silhouette": 0.47172423538858177,
      "dunn": 0.013545328697251153,
      "dbi": 2.47448773552541
    },
    "HDBSCAN": {
      "silhouette": 0.516805290866232,
      "dunn": 0.0210111231863611,
      "dbi": 1.617250382268554
    },
    "COPULA": {
      "silhouette": 0.518364345530622,
      "dunn": 0.021078432389872077,
      "dbi": 1.561770603602753
    },
    "FUSED": {
      "silhouette": 0.5051264579761471,
      "dunn": 0.023582687310880562,
      "dbi": 1.9074743847897064
    }
  },
  "weights": {},
  "use_pca": false,
  "use_fa": true,
  "pca_components": 13
}