{
  "bootstrap": {
    "spearman_rho_mean": 0.9604767592236872,
    "spearman_rho_std": 0.007776608831836944,
    "jaccard_at_k_mean": 0.5925031247606961,
    "jaccard_at_k_std": 0.05558816898909802,
    "ari_mean": 0.7025567748832149,
    "ari_std": 0.03417711945005959,
    "silhouette_std": 0.01903649303900329,
    "dunn_std": 0.006705284769673616,
    "dbi_std": 0.22528857829774346,
    "B": 12,
    "subsample": 0.8
  },
  "seed_sensitivity": {
    "spearman_rho_mean": 0.9753606340974526,
    "spearman_rho_std": 0.010211948941111772,
    "trials": 3
  },
  "noise_robustness": {
    "spearman_rho_mean": 0.7777798327832522,
    "spearman_rho_std": 0.007601376686068051,
    "sigma": 0.01,
    "trials": 3
  },
  "k_top": 70,
  "n_samples": 1761,
  "contamination": 0.04
}