{
  "contamination": 0.08,
  "methods": [
    "IF",
    "LOF",
    "AE",
    "PPCA_MAH",
    "HDBSCAN",
    "COPULA"
  ],
  "thresholds": {
    "IF": 0.5302791679829375,
    "LOF": 1.3006431597825834,
    "AE": 0.13181039580447126,
    "PPCA_MAH": 561.8155269200463,
    "HDBSCAN": 0.4953405478238526,
    "COPULA": 3.1266788338413174
  },
  "fused_threshold": 0.8693181818181818,
  "evals": {
    "IF": {
      "silhouette": 0.48677166284027074,
      "dunn": 0.015756416928731275,
      "dbi": 2.510836912417692
    },
    "LOF": {
      "silhouette": 0.39682197575295797,
      "dunn": 0.015953220873634356,
      "dbi": 2.4774215802168715
    },
    "AE": {
      "silhouette": 0.2541243058076593,
      "dunn": 0.015312164460485363,
      "dbi": 3.322653716113663
    },
    "PPCA_MAH": {
      "silhouette": 0.4736626464156518,
      "dunn": 0.01187388404858605,
      "dbi": 1.526659340083539
    },
    "HDBSCAN": {
      "silhouette": 0.5009934869530069,
      "dunn": 0.024451490246898647,
      "dbi": 1.6102527113930776
    },
    "COPULA": {
      "silhouette": 0.40862271393149474,
      "dunn": 0.011320487489984933,
      "dbi": 3.1426881898728616
    },
    "FUSED": {
      "silhouette": 0.45140003695286957,
      "dunn": 0.02341055054390994,
      "dbi": 2.049434588821113
    }
  },
  "weights": {},
  "use_pca": false,
  "use_fa": false,
  "pca_components": null
}