{
  "bootstrap": {
    "spearman_rho_mean": 0.9751265333941261,
    "spearman_rho_std": 0.003761806219726408,
    "jaccard_at_k_mean": 0.6981035239981334,
    "jaccard_at_k_std": 0.043834488158848786,
    "ari_mean": 0.7765285782171155,
    "ari_std": 0.03981698652231043,
    "silhouette_std": 0.011458606366023682,
    "dunn_std": 0.0038968698320488615,
    "dbi_std": 0.0990121590144932,
    "B": 12,
    "subsample": 0.8
  },
  "seed_sensitivity": {
    "spearman_rho_mean": 0.9904133478550082,
    "spearman_rho_std": 0.0015559895068967592,
    "trials": 3
  },
  "noise_robustness": {
    "spearman_rho_mean": 0.9840115809051628,
    "spearman_rho_std": 0.0039903005869361685,
    "sigma": 0.01,
    "trials": 3
  },
  "k_top": 140,
  "n_samples": 1761,
  "contamination": 0.08
}