{
  "bootstrap": {
    "spearman_rho_mean": 0.9697306873231941,
    "spearman_rho_std": 0.0039328751658653524,
    "jaccard_at_k_mean": 0.6671245421245421,
    "jaccard_at_k_std": 0.10790619878292772,
    "ari_mean": 0.7792115512926316,
    "ari_std": 0.06860343125125036,
    "silhouette_std": 0.03572208234581179,
    "dunn_std": 0.01575440214304006,
    "dbi_std": 0.3554931919830509,
    "B": 4,
    "subsample": 0.8
  },
  "seed_sensitivity": {
    "spearman_rho_mean": 0.9714463012886959,
    "spearman_rho_std": 0.0,
    "trials": 1
  },
  "noise_robustness": {
    "spearman_rho_mean": 0.9844349874994607,
    "spearman_rho_std": 0.0,
    "sigma": 0.01,
    "trials": 1
  },
  "k_top": 14,
  "n_samples": 704,
  "contamination": 0.02
}