{
  "bootstrap": {
    "spearman_rho_mean": 0.9849807887003487,
    "spearman_rho_std": 0.002215941049629289,
    "jaccard_at_k_mean": 0.6963921268602605,
    "jaccard_at_k_std": 0.05143472252604732,
    "ari_mean": 0.7784782053961826,
    "ari_std": 0.04042422155202705,
    "silhouette_std": 0.010041675378477397,
    "dunn_std": 0.003324706332190893,
    "dbi_std": 0.12947399998190426,
    "B": 12,
    "subsample": 0.8
  },
  "seed_sensitivity": {
    "spearman_rho_mean": 0.9914765108218369,
    "spearman_rho_std": 0.0013849529727367102,
    "trials": 3
  },
  "noise_robustness": {
    "spearman_rho_mean": 0.9885556665077706,
    "spearman_rho_std": 0.003928479709438827,
    "sigma": 0.01,
    "trials": 3
  },
  "k_top": 140,
  "n_samples": 1761,
  "contamination": 0.08
}