{
  "contamination": 0.08,
  "methods": [
    "IF",
    "LOF",
    "AE",
    "PPCA_MAH",
    "HDBSCAN",
    "COPULA"
  ],
  "thresholds": {
    "IF": 0.5322695769508188,
    "LOF": 1.2634036981372265,
    "AE": 0.13181039580447126,
    "PPCA_MAH": 561.8155269200463,
    "HDBSCAN": 0.5976378271719068,
    "COPULA": 3.1266788338413174
  },
  "fused_threshold": 0.8612878787878787,
  "evals": {
    "IF": {
      "silhouette": 0.4862622776292501,
      "dunn": 0.015756416928731275,
      "dbi": 2.5051059560526783
    },
    "LOF": {
      "silhouette": 0.347826907004371,
      "dunn": 0.011698233315352148,
      "dbi": 2.935090082134123
    },
    "AE": {
      "silhouette": 0.2541243058076593,
      "dunn": 0.015312164460485363,
      "dbi": 3.322653716113663
    },
    "PPCA_MAH": {
      "silhouette": 0.4736626464156518,
      "dunn": 0.01187388404858605,
      "dbi": 1.526659340083539
    },
    "HDBSCAN": {
      "silhouette": 0.5006618607550667,
      "dunn": 0.024451490246898647,
      "dbi": 1.6282401853103106
    },
    "COPULA": {
      "silhouette": 0.40862271393149474,
      "dunn": 0.011320487489984933,
      "dbi": 3.1426881898728616
    },
    "FUSED": {
      "silhouette": 0.43689876580067377,
      "dunn": 0.02842943716477528,
      "dbi": 2.20101588030589
    }
  },
  "weights": {},
  "use_pca": false,
  "use_fa": false,
  "pca_components": null
}