{
  "contamination": 0.02,
  "methods": [
    "IF",
    "LOF",
    "AE",
    "PPCA_MAH",
    "HDBSCAN",
    "COPULA"
  ],
  "thresholds": {
    "IF": 0.5888396420603543,
    "LOF": 1.5248687931609552,
    "AE": 0.038146098931569304,
    "PPCA_MAH": 59.80008644929818,
    "HDBSCAN": 0.6291423017046499,
    "COPULA": -6.845300557194623
  },
  "fused_threshold": 0.9262256993835941,
  "evals": {
    "IF": {
      "silhouette": 0.5468790885408091,
      "dunn": 0.04089077856123733,
      "dbi": 1.6271145185514115
    },
    "LOF": {
      "silhouette": 0.4867922490740401,
      "dunn": 0.04667541515815396,
      "dbi": 2.9013805491635853
    },
    "AE": {
      "silhouette": 0.36841379871328817,
      "dunn": 0.02928163458171561,
      "dbi": 2.3671923144102234
    },
    "PPCA_MAH": {
      "silhouette": 0.5532741487687087,
      "dunn": 0.0578842665159745,
      "dbi": 0.9694162112972408
    },
    "HDBSCAN": {
      "silhouette": 0.5403670927570179,
      "dunn": 0.04089077856123733,
      "dbi": 1.5589628318055064
    },
    "COPULA": {
      "silhouette": 0.5449862645289941,
      "dunn": 0.0061326036776860665,
      "dbi": 1.3658533312653205
    },
    "FUSED": {
      "silhouette": 0.49280746127445324,
      "dunn": 0.043709595976753605,
      "dbi": 1.8795542172535988
    }
  },
  "weights": {},
  "use_pca": false,
  "use_fa": true,
  "pca_components": 13
}