{
  "bootstrap": {
    "spearman_rho_mean": 0.950424202805081,
    "spearman_rho_std": 0.005391646288449649,
    "jaccard_at_k_mean": 0.4268032212885154,
    "jaccard_at_k_std": 0.10343430466373403,
    "ari_mean": 0.5643709024861124,
    "ari_std": 0.08666387007236699,
    "silhouette_std": 0.03617255059984877,
    "dunn_std": 0.010358728356271173,
    "dbi_std": 0.15613623893503611,
    "B": 4,
    "subsample": 0.8
  },
  "seed_sensitivity": {
    "spearman_rho_mean": 0.9771597447752088,
    "spearman_rho_std": 0.0,
    "trials": 1
  },
  "noise_robustness": {
    "spearman_rho_mean": 0.7751526372141831,
    "spearman_rho_std": 0.0,
    "sigma": 0.01,
    "trials": 1
  },
  "k_top": 14,
  "n_samples": 704,
  "contamination": 0.02
}