{
  "contamination": 0.05,
  "methods": [
    "IF",
    "LOF",
    "AE",
    "PPCA_MAH",
    "HDBSCAN",
    "COPULA"
  ],
  "thresholds": {
    "IF": 0.5569588472947428,
    "LOF": 1.460545196127424,
    "AE": 0.33077297457880267,
    "PPCA_MAH": 840.0511952891911,
    "HDBSCAN": 0.41557048957570686,
    "COPULA": 4.923806631733219
  },
  "fused_threshold": 0.8978781412991941,
  "evals": {
    "IF": {
      "silhouette": 0.5099040200470476,
      "dunn": 0.04653608156687289,
      "dbi": 2.2990977348415123
    },
    "LOF": {
      "silhouette": 0.4777791152562834,
      "dunn": 0.02210728108862208,
      "dbi": 2.0813136335173628
    },
    "AE": {
      "silhouette": 0.3996535414853707,
      "dunn": 0.0387218959543788,
      "dbi": 1.987581781543571
    },
    "PPCA_MAH": {
      "silhouette": 0.4926363208818037,
      "dunn": 0.037628905507702363,
      "dbi": 1.4521564112395193
    },
    "HDBSCAN": {
      "silhouette": 0.5180957610411036,
      "dunn": 0.0603053879872384,
      "dbi": 1.7252732140616787
    },
    "COPULA": {
      "silhouette": 0.4391438611840685,
      "dunn": 0.027694054097493363,
      "dbi": 3.098075755447942
    },
    "FUSED": {
      "silhouette": 0.4935601769744706,
      "dunn": 0.04422967236715653,
      "dbi": 1.7620607993152868
    }
  },
  "weights": {},
  "use_pca": false,
  "use_fa": false,
  "pca_components": null
}