{
  "bootstrap": {
    "spearman_rho_mean": 0.9827361884791098,
    "spearman_rho_std": 0.006909997291172947,
    "jaccard_at_k_mean": 0.8672815107597717,
    "jaccard_at_k_std": 0.033889010612786874,
    "ari_mean": 0.9169386298336105,
    "ari_std": 0.02143746651982684,
    "silhouette_std": 0.007366138138817063,
    "dunn_std": 0.007461454550402612,
    "dbi_std": 0.05936925110816959,
    "B": 6,
    "subsample": 0.8
  },
  "seed_sensitivity": {
    "spearman_rho_mean": 0.9986943548898564,
    "spearman_rho_std": 6.773368687407189e-05,
    "trials": 2
  },
  "noise_robustness": {
    "spearman_rho_mean": 0.9959317825725696,
    "spearman_rho_std": 0.0005757262281340658,
    "sigma": 0.01,
    "trials": 2
  },
  "k_top": 52,
  "n_samples": 1321,
  "contamination": 0.04
}