{
  "bootstrap": {
    "spearman_rho_mean": 0.9794225353779482,
    "spearman_rho_std": 0.00811046209716631,
    "jaccard_at_k_mean": 0.8669740887132192,
    "jaccard_at_k_std": 0.023965121081928574,
    "ari_mean": 0.919188185877312,
    "ari_std": 0.025821537872465744,
    "silhouette_std": 0.00984400738924266,
    "dunn_std": 0.008020721149812705,
    "dbi_std": 0.05495021320786233,
    "B": 6,
    "subsample": 0.8
  },
  "seed_sensitivity": {
    "spearman_rho_mean": 0.9973744626357008,
    "spearman_rho_std": 8.073476036907223e-05,
    "trials": 2
  },
  "noise_robustness": {
    "spearman_rho_mean": 0.9930248419886731,
    "spearman_rho_std": 0.0006207919796699657,
    "sigma": 0.01,
    "trials": 2
  },
  "k_top": 52,
  "n_samples": 1321,
  "contamination": 0.04
}