{
  "contamination": 0.04,
  "methods": [
    "IF",
    "LOF",
    "PPCA_MAH",
    "OCSVM",
    "HDBSCAN"
  ],
  "thresholds": {
    "IF": 0.5475150927805281,
    "LOF": 1.411792130192306,
    "PPCA_MAH": 137.70435496127186,
    "OCSVM": 4.916026244386025e-05,
    "HDBSCAN": 0.6269766603229958
  },
  "fused_threshold": 0.9386363636363637,
  "evals": {
    "IF": {
      "silhouette": 0.5748306983394944,
      "dunn": 0.027919860818959575,
      "dbi": 1.3830241659149942
    },
    "LOF": {
      "silhouette": 0.5165118602797394,
      "dunn": 0.034830675791824334,
      "dbi": 1.549179350644174
    },
    "PPCA_MAH": {
      "silhouette": 0.5895272640453106,
      "dunn": 0.030932123019049445,
      "dbi": 0.8811112927021109
    },
    "OCSVM": {
      "silhouette": 0.518725327215896,
      "dunn": 0.013728716498289759,
      "dbi": 1.8278147898763575
    },
    "HDBSCAN": {
      "silhouette": 0.5905892144202431,
      "dunn": 0.04575355895339471,
      "dbi": 1.1328154681886293
    },
    "FUSED": {
      "silhouette": 0.571377246648095,
      "dunn": 0.027919860818959575,
      "dbi": 1.3279761982754577
    }
  },
  "weights": {},
  "use_pca": true,
  "use_fa": false,
  "pca_components": 7
}