{
  "contamination": 0.02,
  "methods": [
    "IF",
    "LOF",
    "AE",
    "PPCA_MAH",
    "OCSVM",
    "HDBSCAN"
  ],
  "thresholds": {
    "IF": 0.6016396248595854,
    "LOF": 1.5108936941336415,
    "AE": 0.6294855629367251,
    "PPCA_MAH": 2076.4550958847717,
    "OCSVM": 0.00014949239890226906,
    "HDBSCAN": 0.6009245190780738
  },
  "fused_threshold": 0.9476955903271689,
  "evals": {
    "IF": {
      "silhouette": 0.5977528429100981,
      "dunn": 0.051525369914469696,
      "dbi": 1.7480104237357221
    },
    "LOF": {
      "silhouette": 0.4856775889972045,
      "dunn": 0.05975962671174195,
      "dbi": 2.5855196258435456
    },
    "AE": {
      "silhouette": 0.5109007303536542,
      "dunn": 0.02210728108862208,
      "dbi": 1.5734993733258467
    },
    "PPCA_MAH": {
      "silhouette": 0.6030123468382474,
      "dunn": 0.04422967236715653,
      "dbi": 1.0064647120488133
    },
    "OCSVM": {
      "silhouette": 0.35405604386051315,
      "dunn": 0.027380078415939122,
      "dbi": 3.6369712241839864
    },
    "HDBSCAN": {
      "silhouette": 0.6035610706888453,
      "dunn": 0.05191639516716484,
      "dbi": 1.0730346825097499
    },
    "FUSED": {
      "silhouette": 0.5884275068343481,
      "dunn": 0.06774757888155378,
      "dbi": 1.4090239092441132
    }
  },
  "weights": {},
  "use_pca": false,
  "use_fa": false,
  "pca_components": null
}