{
  "bootstrap": {
    "spearman_rho_mean": 0.9629790054989117,
    "spearman_rho_std": 0.007903735311893657,
    "jaccard_at_k_mean": 0.5412867859732994,
    "jaccard_at_k_std": 0.07246996530671496,
    "ari_mean": 0.6558262881707357,
    "ari_std": 0.061087094155005434,
    "silhouette_std": 0.018013879064580785,
    "dunn_std": 0.005297380168680979,
    "dbi_std": 0.2525386588709415,
    "B": 12,
    "subsample": 0.8
  },
  "seed_sensitivity": {
    "spearman_rho_mean": 0.9732907662342765,
    "spearman_rho_std": 0.010433524220247166,
    "trials": 3
  },
  "noise_robustness": {
    "spearman_rho_mean": 0.883733450555431,
    "spearman_rho_std": 0.0032862878532696183,
    "sigma": 0.01,
    "trials": 3
  },
  "k_top": 105,
  "n_samples": 1761,
  "contamination": 0.06
}