{
  "bootstrap": {
    "spearman_rho_mean": 0.962183190380363,
    "spearman_rho_std": 0.0029382037193000205,
    "jaccard_at_k_mean": 0.5873012231246526,
    "jaccard_at_k_std": 0.12979612127384293,
    "ari_mean": 0.6926946714028479,
    "ari_std": 0.06685237343225345,
    "silhouette_std": 0.017961821091162858,
    "dunn_std": 0.008833333693534456,
    "dbi_std": 0.17776680082271787,
    "B": 4,
    "subsample": 0.8
  },
  "seed_sensitivity": {
    "spearman_rho_mean": 0.9991189826993919,
    "spearman_rho_std": 0.0,
    "trials": 1
  },
  "noise_robustness": {
    "spearman_rho_mean": 0.865470041402036,
    "spearman_rho_std": 0.0,
    "sigma": 0.01,
    "trials": 1
  },
  "k_top": 35,
  "n_samples": 704,
  "contamination": 0.05
}