{
  "contamination": 0.05,
  "methods": [
    "IF",
    "LOF",
    "PPCA_MAH",
    "OCSVM",
    "HDBSCAN"
  ],
  "thresholds": {
    "IF": 0.5474455877582644,
    "LOF": 1.3232804871572195,
    "PPCA_MAH": 36.12085983459367,
    "OCSVM": 9.566461930110993e-06,
    "HDBSCAN": 0.2268955851070295
  },
  "fused_threshold": 0.8656756756756757,
  "evals": {
    "IF": {
      "silhouette": 0.473374645018632,
      "dunn": 0.02390834707839845,
      "dbi": 2.2618581676752396
    },
    "LOF": {
      "silhouette": 0.3624560063998374,
      "dunn": 0.021788461157840684,
      "dbi": 4.319342360995147
    },
    "PPCA_MAH": {
      "silhouette": 0.47654041589329554,
      "dunn": 0.03933818420133353,
      "dbi": 1.36650713820745
    },
    "OCSVM": {
      "silhouette": 0.3963984195897598,
      "dunn": 0.01968280349459186,
      "dbi": 3.547454966394221
    },
    "HDBSCAN": {
      "silhouette": 0.37784523962061994,
      "dunn": 0.015613064999064386,
      "dbi": 2.32034053852289
    },
    "FUSED": {
      "silhouette": 0.4500506308090458,
      "dunn": 0.03967227886052811,
      "dbi": 2.458943966182213
    }
  },
  "weights": {},
  "use_pca": false,
  "use_fa": true,
  "pca_components": 13
}