{
  "bootstrap": {
    "spearman_rho_mean": 0.9597259761690504,
    "spearman_rho_std": 0.004481685203054696,
    "jaccard_at_k_mean": 0.6784313725490196,
    "jaccard_at_k_std": 0.1103627237605513,
    "ari_mean": 0.7444202974788737,
    "ari_std": 0.07130788140191918,
    "silhouette_std": 0.02013644634543322,
    "dunn_std": 0.016899915325948395,
    "dbi_std": 0.1466922648493236,
    "B": 4,
    "subsample": 0.8
  },
  "seed_sensitivity": {
    "spearman_rho_mean": 0.9989105809890347,
    "spearman_rho_std": 0.0,
    "trials": 1
  },
  "noise_robustness": {
    "spearman_rho_mean": 0.8575837724003995,
    "spearman_rho_std": 0.0,
    "sigma": 0.01,
    "trials": 1
  },
  "k_top": 35,
  "n_samples": 704,
  "contamination": 0.05
}