{
  "bootstrap": {
    "spearman_rho_mean": 0.9578956313800219,
    "spearman_rho_std": 0.009192384108229637,
    "jaccard_at_k_mean": 0.5596754085918173,
    "jaccard_at_k_std": 0.08128888323755626,
    "ari_mean": 0.6961383810418641,
    "ari_std": 0.06362710141094911,
    "silhouette_std": 0.01691880891648034,
    "dunn_std": 0.009281480247315283,
    "dbi_std": 0.08796666976442753,
    "B": 12,
    "subsample": 0.8
  },
  "seed_sensitivity": {
    "spearman_rho_mean": 0.9740483240549009,
    "spearman_rho_std": 0.00364600979905285,
    "trials": 3
  },
  "noise_robustness": {
    "spearman_rho_mean": 0.9549542636692366,
    "spearman_rho_std": 0.022536253080592025,
    "sigma": 0.01,
    "trials": 3
  },
  "k_top": 35,
  "n_samples": 1761,
  "contamination": 0.02
}