{
  "contamination": 0.02,
  "methods": [
    "IF",
    "LOF",
    "AE",
    "PPCA_MAH",
    "HDBSCAN"
  ],
  "thresholds": {
    "IF": 0.5754432406029093,
    "LOF": 1.488901594595614,
    "AE": 0.3186416129901874,
    "PPCA_MAH": 164.08496155521496,
    "HDBSCAN": 0.6725650111229168
  },
  "fused_threshold": 0.934840909090909,
  "evals": {
    "IF": {
      "silhouette": 0.6620342557593875,
      "dunn": 0.04365908059285007,
      "dbi": 0.8406256920934464
    },
    "LOF": {
      "silhouette": 0.6111757036460896,
      "dunn": 0.03992672731453305,
      "dbi": 1.2881376768661021
    },
    "AE": {
      "silhouette": 0.32048934646538435,
      "dunn": 0.02344520452944335,
      "dbi": 3.0212654602140967
    },
    "PPCA_MAH": {
      "silhouette": 0.6607956475856526,
      "dunn": 0.035144036360884236,
      "dbi": 0.8723277024180744
    },
    "HDBSCAN": {
      "silhouette": 0.6658551753945224,
      "dunn": 0.025436213833530716,
      "dbi": 0.819434635643126
    },
    "FUSED": {
      "silhouette": 0.6214107542362821,
      "dunn": 0.0462172281001134,
      "dbi": 1.2781125041784893
    }
  },
  "weights": {},
  "use_pca": true,
  "use_fa": true,
  "pca_components": 7
}