{
  "bootstrap": {
    "spearman_rho_mean": 0.9768091348218332,
    "spearman_rho_std": 0.008914399119511127,
    "jaccard_at_k_mean": 0.6472615463207456,
    "jaccard_at_k_std": 0.05020156365210522,
    "ari_mean": 0.7540984193842554,
    "ari_std": 0.041275783643589206,
    "silhouette_std": 0.015479490680218838,
    "dunn_std": 0.005134651792729458,
    "dbi_std": 0.11379389620668114,
    "B": 12,
    "subsample": 0.8
  },
  "seed_sensitivity": {
    "spearman_rho_mean": 0.9773963438954381,
    "spearman_rho_std": 0.0029645512209845386,
    "trials": 3
  },
  "noise_robustness": {
    "spearman_rho_mean": 0.9753402464025865,
    "spearman_rho_std": 0.007943555564506198,
    "sigma": 0.01,
    "trials": 3
  },
  "k_top": 105,
  "n_samples": 1761,
  "contamination": 0.06
}