{
  "contamination": 0.1,
  "methods": [
    "IF",
    "LOF",
    "AE",
    "PPCA_MAH"
  ],
  "thresholds": {
    "IF": 0.5021529466294073,
    "LOF": 1.2308202560843784,
    "AE": 0.14868432020601668,
    "PPCA_MAH": 83.5760703881338
  },
  "fused_threshold": 0.8240056818181818,
  "evals": {
    "IF": {
      "silhouette": 0.4345939172040076,
      "dunn": 0.013267443066620305,
      "dbi": 2.7277033623757325
    },
    "LOF": {
      "silhouette": 0.31016662311868404,
      "dunn": 0.011571442574548844,
      "dbi": 3.1256410911853765
    },
    "AE": {
      "silhouette": 0.204745701798828,
      "dunn": 0.014434217248251176,
      "dbi": 3.9965781827727427
    },
    "PPCA_MAH": {
      "silhouette": 0.41048444523767513,
      "dunn": 0.012157403216142847,
      "dbi": 2.1460041754753982
    },
    "FUSED": {
      "silhouette": 0.3806249921640457,
      "dunn": 0.02050834230534556,
      "dbi": 2.4010268758406834
    }
  },
  "weights": {},
  "use_pca": true,
  "use_fa": false,
  "pca_components": 7
}