{
  "contamination": 0.08,
  "methods": [
    "IF",
    "LOF",
    "AE",
    "PPCA_MAH",
    "OCSVM",
    "HDBSCAN"
  ],
  "thresholds": {
    "IF": 0.5097968077715113,
    "LOF": 1.2982531747822277,
    "AE": 0.16715457844471535,
    "PPCA_MAH": 89.74651558546566,
    "OCSVM": 4.6682991163394616e-05,
    "HDBSCAN": 0.43492627541758844
  },
  "fused_threshold": 0.8544128787878787,
  "evals": {
    "IF": {
      "silhouette": 0.4719172848572647,
      "dunn": 0.01640921363278368,
      "dbi": 2.3937141615021167
    },
    "LOF": {
      "silhouette": 0.3973743240874845,
      "dunn": 0.015969714814848494,
      "dbi": 2.370788039945375
    },
    "AE": {
      "silhouette": 0.20162756065534215,
      "dunn": 0.01133018591062536,
      "dbi": 4.281151786079796
    },
    "PPCA_MAH": {
      "silhouette": 0.45214910918564033,
      "dunn": 0.012307833423467533,
      "dbi": 1.9979754335631021
    },
    "OCSVM": {
      "silhouette": 0.4503584302149845,
      "dunn": 0.01464135757384162,
      "dbi": 2.420739850696323
    },
    "HDBSCAN": {
      "silhouette": 0.4911875273248624,
      "dunn": 0.016422393907890555,
      "dbi": 1.5243202514636955
    },
    "FUSED": {
      "silhouette": 0.46219059154257713,
      "dunn": 0.023168868187943645,
      "dbi": 1.8882623685911712
    }
  },
  "weights": {},
  "use_pca": true,
  "use_fa": true,
  "pca_components": 7
}