{
  "bootstrap": {
    "spearman_rho_mean": 0.9642473862199742,
    "spearman_rho_std": 0.006369530137260692,
    "jaccard_at_k_mean": 0.7396585337614972,
    "jaccard_at_k_std": 0.04131331429151741,
    "ari_mean": 0.8163724501973069,
    "ari_std": 0.03336378065214013,
    "silhouette_std": 0.013069130999657116,
    "dunn_std": 0.0023660671862880314,
    "dbi_std": 0.16331513357238395,
    "B": 12,
    "subsample": 0.8
  },
  "seed_sensitivity": {
    "spearman_rho_mean": 0.9831605776187802,
    "spearman_rho_std": 0.0017800111164051838,
    "trials": 3
  },
  "noise_robustness": {
    "spearman_rho_mean": 0.9716995310461018,
    "spearman_rho_std": 0.00644958115705939,
    "sigma": 0.01,
    "trials": 3
  },
  "k_top": 140,
  "n_samples": 1761,
  "contamination": 0.08
}