{
  "contamination": 0.02,
  "methods": [
    "IF",
    "LOF",
    "PPCA_MAH",
    "OCSVM",
    "HDBSCAN",
    "COPULA"
  ],
  "thresholds": {
    "IF": 0.5850364375758628,
    "LOF": 1.4066006165790415,
    "PPCA_MAH": 162.4495693783604,
    "OCSVM": 8.210298312802954e-05,
    "HDBSCAN": 0.6471735162970159,
    "COPULA": 10.922843024725172
  },
  "fused_threshold": 0.9587310606060604,
  "evals": {
    "IF": {
      "silhouette": 0.6599785518506571,
      "dunn": 0.04262285840727473,
      "dbi": 0.8714020820957467
    },
    "LOF": {
      "silhouette": 0.48114806206528266,
      "dunn": 0.030376419761585043,
      "dbi": 2.546134605440895
    },
    "PPCA_MAH": {
      "silhouette": 0.6609953056962331,
      "dunn": 0.03466267379543805,
      "dbi": 0.8715775734991363
    },
    "OCSVM": {
      "silhouette": 0.4930561189906787,
      "dunn": 0.01974652026469827,
      "dbi": 2.568229244261275
    },
    "HDBSCAN": {
      "silhouette": 0.6607926486893876,
      "dunn": 0.028655193861416895,
      "dbi": 0.8643281438131892
    },
    "COPULA": {
      "silhouette": 0.6512551892216079,
      "dunn": 0.028574224648886138,
      "dbi": 0.9207603596265895
    },
    "FUSED": {
      "silhouette": 0.6417989631221513,
      "dunn": 0.028574224648886138,
      "dbi": 1.1311569636848415
    }
  },
  "weights": {},
  "use_pca": true,
  "use_fa": false,
  "pca_components": 7
}