{
  "contamination": 0.1,
  "methods": [
    "IF",
    "LOF",
    "AE",
    "PPCA_MAH",
    "OCSVM",
    "HDBSCAN",
    "COPULA"
  ],
  "thresholds": {
    "IF": 0.5021529466294073,
    "LOF": 1.2470613996379645,
    "AE": 0.14868432020601668,
    "PPCA_MAH": 83.5760703881338,
    "OCSVM": 2.8744069815900275e-05,
    "HDBSCAN": 0.4222017256765984,
    "COPULA": 6.114251413369432
  },
  "fused_threshold": 0.8339285714285714,
  "evals": {
    "IF": {
      "silhouette": 0.4345939172040076,
      "dunn": 0.013267443066620305,
      "dbi": 2.7277033623757325
    },
    "LOF": {
      "silhouette": 0.33553345461344825,
      "dunn": 0.013981277153693284,
      "dbi": 2.774651738752889
    },
    "AE": {
      "silhouette": 0.204745701798828,
      "dunn": 0.014434217248251176,
      "dbi": 3.9965781827727427
    },
    "PPCA_MAH": {
      "silhouette": 0.41048444523767513,
      "dunn": 0.012157403216142847,
      "dbi": 2.1460041754753982
    },
    "OCSVM": {
      "silhouette": 0.41435424180290664,
      "dunn": 0.008301520120136656,
      "dbi": 2.728487860762776
    },
    "HDBSCAN": {
      "silhouette": 0.4658120776768992,
      "dunn": 0.02050834230534556,
      "dbi": 1.8457758348747202
    },
    "COPULA": {
      "silhouette": 0.42294751069263226,
      "dunn": 0.00776086095418653,
      "dbi": 2.5147634320138343
    },
    "FUSED": {
      "silhouette": 0.4272695604664996,
      "dunn": 0.019628463537705212,
      "dbi": 2.078405974413103
    }
  },
  "weights": {},
  "use_pca": true,
  "use_fa": true,
  "pca_components": 7
}