{
  "contamination": 0.02,
  "methods": [
    "IF",
    "LOF",
    "AE",
    "PPCA_MAH",
    "HDBSCAN",
    "COPULA"
  ],
  "thresholds": {
    "IF": 0.5713631851917685,
    "LOF": 1.4570727548812512,
    "AE": 0.3186416129901874,
    "PPCA_MAH": 164.08496155521496,
    "HDBSCAN": 0.6414829003709551,
    "COPULA": 10.945787152000579
  },
  "fused_threshold": 0.9372727272727273,
  "evals": {
    "IF": {
      "silhouette": 0.6549358748474292,
      "dunn": 0.046372033278113726,
      "dbi": 1.0278319005549426
    },
    "LOF": {
      "silhouette": 0.5669552521146407,
      "dunn": 0.03825798487507858,
      "dbi": 1.6893976585919759
    },
    "AE": {
      "silhouette": 0.32048934646538435,
      "dunn": 0.02344520452944335,
      "dbi": 3.0212654602140967
    },
    "PPCA_MAH": {
      "silhouette": 0.6607956475856526,
      "dunn": 0.035144036360884236,
      "dbi": 0.8723277024180744
    },
    "HDBSCAN": {
      "silhouette": 0.6608233646727995,
      "dunn": 0.025436213833530716,
      "dbi": 0.8630836260453417
    },
    "COPULA": {
      "silhouette": 0.651068485014538,
      "dunn": 0.02535575345989264,
      "dbi": 0.9209651360653835
    },
    "FUSED": {
      "silhouette": 0.6288945479556417,
      "dunn": 0.04853049892803817,
      "dbi": 1.166420944210969
    }
  },
  "weights": {},
  "use_pca": true,
  "use_fa": true,
  "pca_components": 7
}