{
  "bootstrap": {
    "spearman_rho_mean": 0.9648615588597848,
    "spearman_rho_std": 0.005884732265225743,
    "jaccard_at_k_mean": 0.6431864350981998,
    "jaccard_at_k_std": 0.08254308478886709,
    "ari_mean": 0.7590470671366378,
    "ari_std": 0.056186328637268024,
    "silhouette_std": 0.01808462603259885,
    "dunn_std": 0.009273720511677715,
    "dbi_std": 0.11185398133730914,
    "B": 12,
    "subsample": 0.8
  },
  "seed_sensitivity": {
    "spearman_rho_mean": 0.98380072217912,
    "spearman_rho_std": 0.001746077240654361,
    "trials": 3
  },
  "noise_robustness": {
    "spearman_rho_mean": 0.972970110506508,
    "spearman_rho_std": 0.006045472408073733,
    "sigma": 0.01,
    "trials": 3
  },
  "k_top": 35,
  "n_samples": 1761,
  "contamination": 0.02
}