{
  "bootstrap": {
    "spearman_rho_mean": 0.9613831026612325,
    "spearman_rho_std": 0.004098227079744255,
    "jaccard_at_k_mean": 0.6671245421245421,
    "jaccard_at_k_std": 0.10790619878292772,
    "ari_mean": 0.7788396892165679,
    "ari_std": 0.08056546846707796,
    "silhouette_std": 0.03294570177785591,
    "dunn_std": 0.02553441219661901,
    "dbi_std": 0.3501272283836113,
    "B": 4,
    "subsample": 0.8
  },
  "seed_sensitivity": {
    "spearman_rho_mean": 0.9661787083306508,
    "spearman_rho_std": 0.0,
    "trials": 1
  },
  "noise_robustness": {
    "spearman_rho_mean": 0.9801332531470607,
    "spearman_rho_std": 0.0,
    "sigma": 0.01,
    "trials": 1
  },
  "k_top": 14,
  "n_samples": 704,
  "contamination": 0.02
}