{
  "contamination": 0.08,
  "methods": [
    "IF",
    "LOF",
    "PPCA_MAH",
    "COPULA"
  ],
  "thresholds": {
    "IF": 0.5272770138318835,
    "LOF": 1.2544233171326573,
    "PPCA_MAH": 42.33294373679784,
    "COPULA": -7.782311453062998
  },
  "fused_threshold": 0.8717045454545453,
  "evals": {
    "IF": {
      "silhouette": 0.43913060722020514,
      "dunn": 0.020797773974213153,
      "dbi": 2.5268922702894296
    },
    "LOF": {
      "silhouette": 0.32600703796276087,
      "dunn": 0.016908608414843727,
      "dbi": 2.9899500463128534
    },
    "PPCA_MAH": {
      "silhouette": 0.4456054720394026,
      "dunn": 0.017174873342197628,
      "dbi": 1.8547390482104515
    },
    "COPULA": {
      "silhouette": 0.4242785461370146,
      "dunn": 0.01250357152715502,
      "dbi": 2.486235405477598
    },
    "FUSED": {
      "silhouette": 0.4127073724030763,
      "dunn": 0.016946190646435117,
      "dbi": 2.5900078892513263
    }
  },
  "weights": {},
  "use_pca": false,
  "use_fa": true,
  "pca_components": 13
}