{
  "contamination": 0.02,
  "methods": [
    "IF",
    "LOF",
    "PPCA_MAH",
    "HDBSCAN"
  ],
  "thresholds": {
    "IF": 0.6070815847464882,
    "LOF": 1.5535355087545102,
    "PPCA_MAH": 149.75114722612156,
    "HDBSCAN": 0.7739523555312604
  },
  "fused_threshold": 0.9705681818181817,
  "evals": {
    "IF": {
      "silhouette": 0.5905326806072354,
      "dunn": 0.023314964145398596,
      "dbi": 1.3641601140036115
    },
    "LOF": {
      "silhouette": 0.533779217858381,
      "dunn": 0.04076871190587538,
      "dbi": 1.7501492245085573
    },
    "PPCA_MAH": {
      "silhouette": 0.6008858920936972,
      "dunn": 0.0322626506482669,
      "dbi": 0.941490030211987
    },
    "HDBSCAN": {
      "silhouette": 0.5928423380992401,
      "dunn": 0.045724965004390515,
      "dbi": 1.1855005849258704
    },
    "FUSED": {
      "silhouette": 0.5913415001508042,
      "dunn": 0.05132497859337678,
      "dbi": 1.1373413077334908
    }
  },
  "weights": {},
  "use_pca": false,
  "use_fa": true,
  "pca_components": 13
}