{
  "contamination": 0.07,
  "methods": [
    "IF",
    "LOF",
    "AE",
    "PPCA_MAH",
    "HDBSCAN"
  ],
  "thresholds": {
    "IF": 0.5340786307434678,
    "LOF": 1.3827272075164219,
    "AE": 0.015578761428042672,
    "PPCA_MAH": 32.10379854795135,
    "HDBSCAN": 0.2021217026194544
  },
  "fused_threshold": 0.8520625889046943,
  "evals": {
    "IF": {
      "silhouette": 0.4430565108772271,
      "dunn": 0.02390834707839845,
      "dbi": 2.3623859716533775
    },
    "LOF": {
      "silhouette": 0.42615094518965885,
      "dunn": 0.021788461157840684,
      "dbi": 2.48451082754526
    },
    "AE": {
      "silhouette": 0.19753177315200532,
      "dunn": 0.012215447933532865,
      "dbi": 3.5987667777848373
    },
    "PPCA_MAH": {
      "silhouette": 0.4216122550941226,
      "dunn": 0.02709024489491915,
      "dbi": 1.7388196606217514
    },
    "HDBSCAN": {
      "silhouette": 0.3077000164066904,
      "dunn": 0.015613064999064386,
      "dbi": 2.8289701821142534
    },
    "FUSED": {
      "silhouette": 0.41225519639975555,
      "dunn": 0.028432611536462607,
      "dbi": 2.1454326594758033
    }
  },
  "weights": {},
  "use_pca": false,
  "use_fa": true,
  "pca_components": 13
}