{
  "bootstrap": {
    "spearman_rho_mean": 0.9345369959569605,
    "spearman_rho_std": 0.008637414618344877,
    "jaccard_at_k_mean": 0.5698936170212766,
    "jaccard_at_k_std": 0.05727901025545283,
    "ari_mean": 0.6668524570716613,
    "ari_std": 0.03679003178838886,
    "silhouette_std": 0.006873916886432114,
    "dunn_std": 0.014276711012376554,
    "dbi_std": 0.30946529985195603,
    "B": 4,
    "subsample": 0.8
  },
  "seed_sensitivity": {
    "spearman_rho_mean": 0.964522363101364,
    "spearman_rho_std": 0.0,
    "trials": 1
  },
  "noise_robustness": {
    "spearman_rho_mean": 0.7927719649116285,
    "spearman_rho_std": 0.0,
    "sigma": 0.01,
    "trials": 1
  },
  "k_top": 49,
  "n_samples": 704,
  "contamination": 0.07
}