{
  "bootstrap": {
    "spearman_rho_mean": 0.9737002675303472,
    "spearman_rho_std": 0.00582404050833333,
    "jaccard_at_k_mean": 0.5796370255643218,
    "jaccard_at_k_std": 0.05977315844630569,
    "ari_mean": 0.7093832068657079,
    "ari_std": 0.05194609356551283,
    "silhouette_std": 0.018032358799212635,
    "dunn_std": 0.007670996439125439,
    "dbi_std": 0.2483409332216211,
    "B": 12,
    "subsample": 0.8
  },
  "seed_sensitivity": {
    "spearman_rho_mean": 0.9813530944921812,
    "spearman_rho_std": 0.0074794818596291435,
    "trials": 3
  },
  "noise_robustness": {
    "spearman_rho_mean": 0.9188209754548824,
    "spearman_rho_std": 0.0015497517944345915,
    "sigma": 0.01,
    "trials": 3
  },
  "k_top": 70,
  "n_samples": 1761,
  "contamination": 0.04
}