{
  "contamination": 0.04,
  "methods": [
    "IF",
    "LOF",
    "AE",
    "PPCA_MAH",
    "OCSVM",
    "HDBSCAN"
  ],
  "thresholds": {
    "IF": 0.5703723952763773,
    "LOF": 1.313474795998646,
    "AE": 0.0033245728336670412,
    "PPCA_MAH": 78.33344977470067,
    "OCSVM": 7.128800619007308e-05,
    "HDBSCAN": 0.6892223467075533
  },
  "fused_threshold": 0.8890719696969694,
  "evals": {
    "IF": {
      "silhouette": 0.5182062915197168,
      "dunn": 0.01250357152715502,
      "dbi": 2.0657260785229195
    },
    "LOF": {
      "silhouette": 0.27890735239703834,
      "dunn": 0.016908608414843727,
      "dbi": 5.748693425444987
    },
    "AE": {
      "silhouette": 0.23786904838707493,
      "dunn": 0.008842392481656497,
      "dbi": 2.904243277976956
    },
    "PPCA_MAH": {
      "silhouette": 0.5309245021081686,
      "dunn": 0.0210111231863611,
      "dbi": 1.2764990949794337
    },
    "OCSVM": {
      "silhouette": 0.47172423538858177,
      "dunn": 0.013545328697251153,
      "dbi": 2.47448773552541
    },
    "HDBSCAN": {
      "silhouette": 0.5169406542122105,
      "dunn": 0.0210111231863611,
      "dbi": 1.6346644279951654
    },
    "FUSED": {
      "silhouette": 0.46789001018151877,
      "dunn": 0.0207313609898359,
      "dbi": 2.2521232022206217
    }
  },
  "weights": {},
  "use_pca": false,
  "use_fa": true,
  "pca_components": 13
}