{
  "contamination": 0.04,
  "methods": [
    "IF",
    "LOF",
    "PPCA_MAH",
    "OCSVM",
    "HDBSCAN",
    "COPULA"
  ],
  "thresholds": {
    "IF": 0.5608516042483223,
    "LOF": 1.3295548574645364,
    "PPCA_MAH": 1168.4299110940829,
    "OCSVM": 4.503591570497091e-05,
    "HDBSCAN": 0.5330075726914602,
    "COPULA": 7.543245871531006
  },
  "fused_threshold": 0.913560606060606,
  "evals": {
    "IF": {
      "silhouette": 0.5692449419865631,
      "dunn": 0.016602254137886734,
      "dbi": 1.9440148978295126
    },
    "LOF": {
      "silhouette": 0.37163918898468196,
      "dunn": 0.028940567812274606,
      "dbi": 3.3027268396909117
    },
    "PPCA_MAH": {
      "silhouette": 0.5745208031328946,
      "dunn": 0.018685448887299404,
      "dbi": 1.2502679088752389
    },
    "OCSVM": {
      "silhouette": 0.5248175465056925,
      "dunn": 0.018685448887299404,
      "dbi": 1.9976706286209072
    },
    "HDBSCAN": {
      "silhouette": 0.5867502162926969,
      "dunn": 0.03823528482299347,
      "dbi": 1.1481824220175978
    },
    "COPULA": {
      "silhouette": 0.5198283850987981,
      "dunn": 0.012374480532977728,
      "dbi": 2.3712741166397993
    },
    "FUSED": {
      "silhouette": 0.5521550514095623,
      "dunn": 0.044691068617221094,
      "dbi": 1.7326137453294395
    }
  },
  "weights": {},
  "use_pca": false,
  "use_fa": false,
  "pca_components": null
}