{
  "contamination": 0.06,
  "methods": [
    "IF",
    "LOF",
    "PPCA_MAH",
    "OCSVM",
    "COPULA"
  ],
  "thresholds": {
    "IF": 0.5444321407872266,
    "LOF": 1.3155949613044815,
    "PPCA_MAH": 55.88873212642567,
    "OCSVM": -5.42566623558127e-05,
    "COPULA": -6.929407422590902
  },
  "fused_threshold": 0.9052499999999999,
  "evals": {
    "IF": {
      "silhouette": 0.4767382119586116,
      "dunn": 0.020586259157216347,
      "dbi": 2.3535127030842977
    },
    "LOF": {
      "silhouette": 0.385858215300828,
      "dunn": 0.017174873342197628,
      "dbi": 2.497523336229765
    },
    "PPCA_MAH": {
      "silhouette": 0.48439187260845545,
      "dunn": 0.03358919672405222,
      "dbi": 1.5601139952710337
    },
    "OCSVM": {
      "silhouette": 0.4266390653586476,
      "dunn": 0.01652945657149469,
      "dbi": 2.8774388039042984
    },
    "COPULA": {
      "silhouette": 0.4679432226667396,
      "dunn": 0.019691237420275173,
      "dbi": 2.0697882887855084
    },
    "FUSED": {
      "silhouette": 0.45989886477613695,
      "dunn": 0.016946190646435117,
      "dbi": 2.370650323769857
    }
  },
  "weights": {},
  "use_pca": false,
  "use_fa": true,
  "pca_components": 13
}