{
  "bootstrap": {
    "spearman_rho_mean": 0.9843250879197423,
    "spearman_rho_std": 0.0012347840345472846,
    "jaccard_at_k_mean": 0.850015142998564,
    "jaccard_at_k_std": 0.029434892852374307,
    "ari_mean": 0.9048708676843717,
    "ari_std": 0.014659386359765873,
    "silhouette_std": 0.008954908659630797,
    "dunn_std": 0.004577726987657939,
    "dbi_std": 0.10643500130543174,
    "B": 12,
    "subsample": 0.8
  },
  "seed_sensitivity": {
    "spearman_rho_mean": 0.9954354458628921,
    "spearman_rho_std": 0.00034413290378371776,
    "trials": 3
  },
  "noise_robustness": {
    "spearman_rho_mean": 0.840690254741276,
    "spearman_rho_std": 0.00881092736237534,
    "sigma": 0.01,
    "trials": 3
  },
  "k_top": 105,
  "n_samples": 1761,
  "contamination": 0.06
}