{
  "contamination": 0.03,
  "methods": [
    "IF",
    "LOF",
    "AE",
    "PPCA_MAH",
    "OCSVM",
    "HDBSCAN"
  ],
  "thresholds": {
    "IF": 0.554394713477697,
    "LOF": 1.3326569525049285,
    "AE": 0.3012648969132754,
    "PPCA_MAH": 163.99375150012455,
    "OCSVM": 3.5584388771957034e-05,
    "HDBSCAN": 0.5437842109584327
  },
  "fused_threshold": 0.8948484848484844,
  "evals": {
    "IF": {
      "silhouette": 0.616507400384062,
      "dunn": 0.025497646243604677,
      "dbi": 1.0650420950532298
    },
    "LOF": {
      "silhouette": 0.352202754399177,
      "dunn": 0.021629082992436217,
      "dbi": 3.0047009745853246
    },
    "AE": {
      "silhouette": 0.28049434610480717,
      "dunn": 0.021519979425909965,
      "dbi": 2.7183187757039424
    },
    "PPCA_MAH": {
      "silhouette": 0.619943507695344,
      "dunn": 0.047607136953122985,
      "dbi": 0.806789080858506
    },
    "OCSVM": {
      "silhouette": 0.4844940398638919,
      "dunn": 0.020460358061029287,
      "dbi": 1.9343326690816316
    },
    "HDBSCAN": {
      "silhouette": 0.616745633960715,
      "dunn": 0.034830675791824334,
      "dbi": 0.9335381810951124
    },
    "FUSED": {
      "silhouette": 0.5308254900433131,
      "dunn": 0.029549996418821767,
      "dbi": 1.6984225279999923
    }
  },
  "weights": {},
  "use_pca": true,
  "use_fa": false,
  "pca_components": 7
}