{
  "bootstrap": {
    "spearman_rho_mean": 0.9517316204307026,
    "spearman_rho_std": 0.005249696790750359,
    "jaccard_at_k_mean": 0.5788647814963603,
    "jaccard_at_k_std": 0.06387206637226332,
    "ari_mean": 0.727490331394498,
    "ari_std": 0.04970440515592068,
    "silhouette_std": 0.01607070096855221,
    "dunn_std": 0.009771306250538162,
    "dbi_std": 0.20909787957585957,
    "B": 6,
    "subsample": 0.8
  },
  "seed_sensitivity": {
    "spearman_rho_mean": 0.9820619293767505,
    "spearman_rho_std": 0.0029276222768114812,
    "trials": 2
  },
  "noise_robustness": {
    "spearman_rho_mean": 0.9728704007595769,
    "spearman_rho_std": 0.011746207919233975,
    "sigma": 0.01,
    "trials": 2
  },
  "k_top": 39,
  "n_samples": 1321,
  "contamination": 0.03
}