{
  "bootstrap": {
    "spearman_rho_mean": 0.9614805127666011,
    "spearman_rho_std": 0.003721024360850453,
    "jaccard_at_k_mean": 0.6026208026208026,
    "jaccard_at_k_std": 0.06491448230106911,
    "ari_mean": 0.7069593517152497,
    "ari_std": 0.05336477081674685,
    "silhouette_std": 0.03795385688040482,
    "dunn_std": 0.013500394756554854,
    "dbi_std": 0.16631651827537536,
    "B": 4,
    "subsample": 0.8
  },
  "seed_sensitivity": {
    "spearman_rho_mean": 0.9990023921317057,
    "spearman_rho_std": 0.0,
    "trials": 1
  },
  "noise_robustness": {
    "spearman_rho_mean": 0.9851523437908094,
    "spearman_rho_std": 0.0,
    "sigma": 0.01,
    "trials": 1
  },
  "k_top": 35,
  "n_samples": 704,
  "contamination": 0.05
}