{
  "contamination": 0.05,
  "methods": [
    "IF",
    "LOF",
    "PPCA_MAH",
    "HDBSCAN",
    "COPULA"
  ],
  "thresholds": {
    "IF": 0.52539372996967,
    "LOF": 1.3140472453907008,
    "PPCA_MAH": 105.0427339178678,
    "HDBSCAN": 0.2650888062408058,
    "COPULA": 7.262276863837576
  },
  "fused_threshold": 0.8589046941678521,
  "evals": {
    "IF": {
      "silhouette": 0.4932587157513165,
      "dunn": 0.018540475244134158,
      "dbi": 2.0369368226893094
    },
    "LOF": {
      "silhouette": 0.3239880662500511,
      "dunn": 0.041340301921471666,
      "dbi": 3.638247548405392
    },
    "PPCA_MAH": {
      "silhouette": 0.4963162703732571,
      "dunn": 0.029934879077704844,
      "dbi": 1.6860255669541717
    },
    "HDBSCAN": {
      "silhouette": 0.36223810898746023,
      "dunn": 0.016518255662292564,
      "dbi": 2.2094910191771917
    },
    "COPULA": {
      "silhouette": 0.49270974065747386,
      "dunn": 0.018498496121144146,
      "dbi": 1.903605860084086
    },
    "FUSED": {
      "silhouette": 0.4829592636031256,
      "dunn": 0.03988545002338293,
      "dbi": 1.909945721854062
    }
  },
  "weights": {},
  "use_pca": true,
  "use_fa": false,
  "pca_components": 7
}