{
  "bootstrap": {
    "spearman_rho_mean": 0.9720006341130737,
    "spearman_rho_std": 0.004876789558378817,
    "jaccard_at_k_mean": 0.6853540817632783,
    "jaccard_at_k_std": 0.04360512009489119,
    "ari_mean": 0.7505640949249548,
    "ari_std": 0.039488784120981814,
    "silhouette_std": 0.009424062116356387,
    "dunn_std": 0.003230716206556209,
    "dbi_std": 0.1415210715592974,
    "B": 12,
    "subsample": 0.8
  },
  "seed_sensitivity": {
    "spearman_rho_mean": 0.9838317736484306,
    "spearman_rho_std": 0.007096168917758675,
    "trials": 3
  },
  "noise_robustness": {
    "spearman_rho_mean": 0.8482192479689307,
    "spearman_rho_std": 0.004032398868841337,
    "sigma": 0.01,
    "trials": 3
  },
  "k_top": 176,
  "n_samples": 1761,
  "contamination": 0.1
}