{
  "bootstrap": {
    "spearman_rho_mean": 0.951833769326743,
    "spearman_rho_std": 0.007045101589094779,
    "jaccard_at_k_mean": 0.6235727095598034,
    "jaccard_at_k_std": 0.04698574311401278,
    "ari_mean": 0.7111390562640652,
    "ari_std": 0.04128068634913167,
    "silhouette_std": 0.01428384112488361,
    "dunn_std": 0.003820250242273256,
    "dbi_std": 0.16918876856303475,
    "B": 12,
    "subsample": 0.8
  },
  "seed_sensitivity": {
    "spearman_rho_mean": 0.9756604058088669,
    "spearman_rho_std": 0.0024339217253508075,
    "trials": 3
  },
  "noise_robustness": {
    "spearman_rho_mean": 0.9583112468991514,
    "spearman_rho_std": 0.006597540865659975,
    "sigma": 0.01,
    "trials": 3
  },
  "k_top": 140,
  "n_samples": 1761,
  "contamination": 0.08
}