{
  "contamination": 0.08,
  "methods": [
    "IF",
    "LOF",
    "AE",
    "PPCA_MAH",
    "HDBSCAN"
  ],
  "thresholds": {
    "IF": 0.5105544124830235,
    "LOF": 1.2334914323607609,
    "AE": 0.16715457844471535,
    "PPCA_MAH": 89.74651558546566,
    "HDBSCAN": 0.4618747549359807
  },
  "fused_threshold": 0.8278636363636365,
  "evals": {
    "IF": {
      "silhouette": 0.47667592750177484,
      "dunn": 0.01708219202792265,
      "dbi": 2.0705878506924082
    },
    "LOF": {
      "silhouette": 0.21488771043668295,
      "dunn": 0.01036223148903153,
      "dbi": 6.150765329606976
    },
    "AE": {
      "silhouette": 0.20162756065534215,
      "dunn": 0.01133018591062536,
      "dbi": 4.281151786079796
    },
    "PPCA_MAH": {
      "silhouette": 0.45214910918564033,
      "dunn": 0.012307833423467533,
      "dbi": 1.9979754335631021
    },
    "HDBSCAN": {
      "silhouette": 0.5043954906645173,
      "dunn": 0.01809737407994018,
      "dbi": 1.5666201023592572
    },
    "FUSED": {
      "silhouette": 0.41017868771172517,
      "dunn": 0.01640921363278368,
      "dbi": 2.262970772617589
    }
  },
  "weights": {},
  "use_pca": true,
  "use_fa": true,
  "pca_components": 7
}