{
  "bootstrap": {
    "spearman_rho_mean": 0.9810652486470608,
    "spearman_rho_std": 0.0016655138774556617,
    "jaccard_at_k_mean": 0.6816748066748066,
    "jaccard_at_k_std": 0.09743754384828923,
    "ari_mean": 0.771913124288727,
    "ari_std": 0.09113966419774065,
    "silhouette_std": 0.033469378701963814,
    "dunn_std": 0.01299581075187951,
    "dbi_std": 0.3695416238026544,
    "B": 4,
    "subsample": 0.8
  },
  "seed_sensitivity": {
    "spearman_rho_mean": 0.9940022671425525,
    "spearman_rho_std": 0.0,
    "trials": 1
  },
  "noise_robustness": {
    "spearman_rho_mean": 0.9833871133187198,
    "spearman_rho_std": 0.0,
    "sigma": 0.01,
    "trials": 1
  },
  "k_top": 28,
  "n_samples": 704,
  "contamination": 0.04
}