{
  "bootstrap": {
    "spearman_rho_mean": 0.9703776092206319,
    "spearman_rho_std": 0.008562902134717278,
    "jaccard_at_k_mean": 0.688055544877134,
    "jaccard_at_k_std": 0.14424693901158042,
    "ari_mean": 0.76261861374105,
    "ari_std": 0.06974368763580537,
    "silhouette_std": 0.03164329318831978,
    "dunn_std": 0.018586373095395924,
    "dbi_std": 0.34993778445879453,
    "B": 4,
    "subsample": 0.8
  },
  "seed_sensitivity": {
    "spearman_rho_mean": 0.9680413974113067,
    "spearman_rho_std": 0.0,
    "trials": 1
  },
  "noise_robustness": {
    "spearman_rho_mean": 0.9914945920833409,
    "spearman_rho_std": 0.0,
    "sigma": 0.01,
    "trials": 1
  },
  "k_top": 28,
  "n_samples": 704,
  "contamination": 0.04
}