{
  "contamination": 0.04,
  "methods": [
    "IF",
    "LOF",
    "PPCA_MAH"
  ],
  "thresholds": {
    "IF": 0.5765774369300258,
    "LOF": 1.348588916707848,
    "PPCA_MAH": 842.545881847254
  },
  "fused_threshold": 0.9027975343764818,
  "evals": {
    "IF": {
      "silhouette": 0.5389177188588041,
      "dunn": 0.04653608156687289,
      "dbi": 1.9926119485314113
    },
    "LOF": {
      "silhouette": 0.36267880603602404,
      "dunn": 0.05034284322049256,
      "dbi": 3.382980934663678
    },
    "PPCA_MAH": {
      "silhouette": 0.5145650759293724,
      "dunn": 0.05191639516716484,
      "dbi": 1.3458371650457737
    },
    "FUSED": {
      "silhouette": 0.49244088124335544,
      "dunn": 0.051525369914469696,
      "dbi": 2.155714223462793
    }
  },
  "weights": {},
  "use_pca": false,
  "use_fa": false,
  "pca_components": null
}