{
  "contamination": 0.06,
  "methods": [
    "IF",
    "LOF",
    "AE",
    "PPCA_MAH",
    "HDBSCAN"
  ],
  "thresholds": {
    "IF": 0.5446415496592671,
    "LOF": 1.2838247892030763,
    "AE": 0.14853354065131744,
    "PPCA_MAH": 863.8935281514955,
    "HDBSCAN": 0.4994844263189283
  },
  "fused_threshold": 0.8636590909090908,
  "evals": {
    "IF": {
      "silhouette": 0.5211476405368212,
      "dunn": 0.013284360807939212,
      "dbi": 2.263982806470575
    },
    "LOF": {
      "silhouette": 0.23033040253962142,
      "dunn": 0.013159040868600709,
      "dbi": 5.761635388150646
    },
    "AE": {
      "silhouette": 0.2625029891808929,
      "dunn": 0.015802674152827642,
      "dbi": 3.5482075646634748
    },
    "PPCA_MAH": {
      "silhouette": 0.5166993904310927,
      "dunn": 0.026448650613792788,
      "dbi": 1.4285178572416966
    },
    "HDBSCAN": {
      "silhouette": 0.5387567266240485,
      "dunn": 0.02202153271339841,
      "dbi": 1.380071527157819
    },
    "FUSED": {
      "silhouette": 0.4355037999940749,
      "dunn": 0.02842943716477528,
      "dbi": 2.240883950414988
    }
  },
  "weights": {},
  "use_pca": false,
  "use_fa": false,
  "pca_components": null
}