{
  "contamination": 0.1,
  "methods": [
    "IF",
    "LOF",
    "PPCA_MAH",
    "OCSVM",
    "COPULA"
  ],
  "thresholds": {
    "IF": 0.5015093146562569,
    "LOF": 1.2556649857525146,
    "PPCA_MAH": 81.75379303968525,
    "OCSVM": 2.8744069815900275e-05,
    "COPULA": 6.114251413369432
  },
  "fused_threshold": 0.8612500000000001,
  "evals": {
    "IF": {
      "silhouette": 0.4506533840607746,
      "dunn": 0.015029295971284122,
      "dbi": 2.2799678905092664
    },
    "LOF": {
      "silhouette": 0.3517317019345898,
      "dunn": 0.015969714814848494,
      "dbi": 2.5860996760902033
    },
    "PPCA_MAH": {
      "silhouette": 0.416041933547653,
      "dunn": 0.012195981805684148,
      "dbi": 1.9316024892175632
    },
    "OCSVM": {
      "silhouette": 0.41435424180290664,
      "dunn": 0.008301520120136656,
      "dbi": 2.728487860762776
    },
    "COPULA": {
      "silhouette": 0.42294751069263226,
      "dunn": 0.00776086095418653,
      "dbi": 2.5147634320138343
    },
    "FUSED": {
      "silhouette": 0.44097189213412036,
      "dunn": 0.015956897850658094,
      "dbi": 2.184260258000742
    }
  },
  "weights": {},
  "use_pca": true,
  "use_fa": true,
  "pca_components": 7
}