{
  "contamination": 0.08,
  "methods": [
    "IF",
    "LOF",
    "PPCA_MAH",
    "OCSVM",
    "HDBSCAN",
    "COPULA"
  ],
  "thresholds": {
    "IF": 0.5241166256268307,
    "LOF": 1.2667133045598182,
    "PPCA_MAH": 41.02736068039648,
    "OCSVM": 4.2169849106343805e-05,
    "HDBSCAN": 0.49040936312332706,
    "COPULA": -7.782311453062998
  },
  "fused_threshold": 0.8800378787878789,
  "evals": {
    "IF": {
      "silhouette": 0.4394711030902082,
      "dunn": 0.020797773974213153,
      "dbi": 2.4674843334135144
    },
    "LOF": {
      "silhouette": 0.33753002157699113,
      "dunn": 0.01370642673353118,
      "dbi": 2.845658901178468
    },
    "PPCA_MAH": {
      "silhouette": 0.44656592908318643,
      "dunn": 0.017174873342197628,
      "dbi": 1.9068777378000386
    },
    "OCSVM": {
      "silhouette": 0.3967930204154838,
      "dunn": 0.01004340822344522,
      "dbi": 3.1091300199822136
    },
    "HDBSCAN": {
      "silhouette": 0.4258259238383501,
      "dunn": 0.022577720097978104,
      "dbi": 2.1807792985852013
    },
    "COPULA": {
      "silhouette": 0.4242785461370146,
      "dunn": 0.01250357152715502,
      "dbi": 2.486235405477598
    },
    "FUSED": {
      "silhouette": 0.4215744121668214,
      "dunn": 0.016946190646435117,
      "dbi": 2.641959073973201
    }
  },
  "weights": {},
  "use_pca": false,
  "use_fa": true,
  "pca_components": 13
}