{
  "contamination": 0.02,
  "methods": [
    "IF",
    "LOF",
    "PPCA_MAH",
    "OCSVM",
    "COPULA"
  ],
  "thresholds": {
    "IF": 0.615116974734604,
    "LOF": 1.547603254010891,
    "PPCA_MAH": 144.60866847572353,
    "OCSVM": 8.771936772231488e-05,
    "COPULA": -4.150478023881205
  },
  "fused_threshold": 0.9613636363636363,
  "evals": {
    "IF": {
      "silhouette": 0.5949507761951591,
      "dunn": 0.03336245022843252,
      "dbi": 1.3350990380352863
    },
    "LOF": {
      "silhouette": 0.5369244859325548,
      "dunn": 0.03580915854810553,
      "dbi": 1.7217085385841135
    },
    "PPCA_MAH": {
      "silhouette": 0.6005097932531946,
      "dunn": 0.0344843461383672,
      "dbi": 0.9431278633563037
    },
    "OCSVM": {
      "silhouette": 0.42293746405000376,
      "dunn": 0.01672880745187555,
      "dbi": 3.1333286471085477
    },
    "COPULA": {
      "silhouette": 0.5811008847402305,
      "dunn": 0.0210111231863611,
      "dbi": 1.2104605385984155
    },
    "FUSED": {
      "silhouette": 0.5766709974835675,
      "dunn": 0.0344843461383672,
      "dbi": 1.4069178157444742
    }
  },
  "weights": {},
  "use_pca": false,
  "use_fa": true,
  "pca_components": 13
}