{
  "bootstrap": {
    "spearman_rho_mean": 0.9882861127388166,
    "spearman_rho_std": 0.0007780327088849548,
    "jaccard_at_k_mean": 0.84760072920529,
    "jaccard_at_k_std": 0.05167110229742302,
    "ari_mean": 0.8973959515302146,
    "ari_std": 0.022159485492324354,
    "silhouette_std": 0.010101399431090164,
    "dunn_std": 0.00930402290883309,
    "dbi_std": 0.07172539860969399,
    "B": 12,
    "subsample": 0.8
  },
  "seed_sensitivity": {
    "spearman_rho_mean": 0.9995250062288376,
    "spearman_rho_std": 3.66288185533962e-05,
    "trials": 3
  },
  "noise_robustness": {
    "spearman_rho_mean": 0.8416000891083678,
    "spearman_rho_std": 0.005140550424112792,
    "sigma": 0.01,
    "trials": 3
  },
  "k_top": 35,
  "n_samples": 1761,
  "contamination": 0.02
}