{
  "contamination": 0.03,
  "methods": [
    "IF",
    "LOF",
    "PPCA_MAH",
    "OCSVM"
  ],
  "thresholds": {
    "IF": 0.5523434024160645,
    "LOF": 1.3543833024038625,
    "PPCA_MAH": 137.07152371836014,
    "OCSVM": 9.487782288717427e-05
  },
  "fused_threshold": 0.9322159090909091,
  "evals": {
    "IF": {
      "silhouette": 0.6131381058982979,
      "dunn": 0.025355753459892612,
      "dbi": 1.1599404446830632
    },
    "LOF": {
      "silhouette": 0.4376375821417949,
      "dunn": 0.016446508642382444,
      "dbi": 2.7220902071102278
    },
    "PPCA_MAH": {
      "silhouette": 0.6224240816945514,
      "dunn": 0.035446003292041055,
      "dbi": 0.972949993524175
    },
    "OCSVM": {
      "silhouette": 0.5241585060833046,
      "dunn": 0.01646113312629276,
      "dbi": 2.0465626081002455
    },
    "FUSED": {
      "silhouette": 0.5946036611260691,
      "dunn": 0.04108598675245927,
      "dbi": 1.4172962696501437
    }
  },
  "weights": {},
  "use_pca": true,
  "use_fa": false,
  "pca_components": 7
}