{
  "contamination": 0.02,
  "methods": [
    "IF",
    "LOF",
    "PPCA_MAH",
    "OCSVM",
    "HDBSCAN"
  ],
  "thresholds": {
    "IF": 0.581692915957477,
    "LOF": 1.4764659967794957,
    "PPCA_MAH": 183.74646175627157,
    "OCSVM": 8.210298312802954e-05,
    "HDBSCAN": 0.6471735162970159
  },
  "fused_threshold": 0.9608863636363636,
  "evals": {
    "IF": {
      "silhouette": 0.6613332798591504,
      "dunn": 0.028574224648886138,
      "dbi": 0.8511014424362455
    },
    "LOF": {
      "silhouette": 0.585307885728747,
      "dunn": 0.03642531392208016,
      "dbi": 1.508278063526996
    },
    "PPCA_MAH": {
      "silhouette": 0.6615573975385486,
      "dunn": 0.047502596713892696,
      "dbi": 0.8246761151813868
    },
    "OCSVM": {
      "silhouette": 0.4930561189906787,
      "dunn": 0.01974652026469827,
      "dbi": 2.568229244261275
    },
    "HDBSCAN": {
      "silhouette": 0.6607926486893876,
      "dunn": 0.028655193861416895,
      "dbi": 0.8643281438131892
    },
    "FUSED": {
      "silhouette": 0.6414054549359572,
      "dunn": 0.03466267379543805,
      "dbi": 1.0848730839867529
    }
  },
  "weights": {},
  "use_pca": true,
  "use_fa": false,
  "pca_components": 7
}