{
  "bootstrap": {
    "spearman_rho_mean": 0.9951017070863536,
    "spearman_rho_std": 0.001194577197388806,
    "jaccard_at_k_mean": 0.8489192509331379,
    "jaccard_at_k_std": 0.044831794797693336,
    "ari_mean": 0.9118452686037032,
    "ari_std": 0.02920893026335222,
    "silhouette_std": 0.01046274843996133,
    "dunn_std": 0.006991499247287033,
    "dbi_std": 0.09560203438430057,
    "B": 12,
    "subsample": 0.8
  },
  "seed_sensitivity": {
    "spearman_rho_mean": 0.9969638205252552,
    "spearman_rho_std": 0.00034503467330932624,
    "trials": 3
  },
  "noise_robustness": {
    "spearman_rho_mean": 0.9953909958335497,
    "spearman_rho_std": 0.00010641277187171129,
    "sigma": 0.01,
    "trials": 3
  },
  "k_top": 105,
  "n_samples": 1761,
  "contamination": 0.06
}