{
  "contamination": 0.02,
  "methods": [
    "IF",
    "LOF",
    "AE",
    "PPCA_MAH",
    "OCSVM",
    "HDBSCAN"
  ],
  "thresholds": {
    "IF": 0.6088598994827994,
    "LOF": 1.418842891284364,
    "AE": 0.22109271284077683,
    "PPCA_MAH": 2658.959656407047,
    "OCSVM": 9.029527517410101e-05,
    "HDBSCAN": 0.5907940802437847
  },
  "fused_threshold": 0.9240151515151515,
  "evals": {
    "IF": {
      "silhouette": 0.6470698987600507,
      "dunn": 0.04845705958768254,
      "dbi": 1.2848827763558164
    },
    "LOF": {
      "silhouette": 0.34484106925196856,
      "dunn": 0.013159040868600709,
      "dbi": 3.9587419156546395
    },
    "AE": {
      "silhouette": 0.397704342092826,
      "dunn": 0.023246881709723898,
      "dbi": 2.7942640945160333
    },
    "PPCA_MAH": {
      "silhouette": 0.6398466438113423,
      "dunn": 0.0512476329058676,
      "dbi": 1.1674207501982705
    },
    "OCSVM": {
      "silhouette": 0.48022370367867123,
      "dunn": 0.015953220873634356,
      "dbi": 1.9016205838419524
    },
    "HDBSCAN": {
      "silhouette": 0.6540521741445826,
      "dunn": 0.02546605731747789,
      "dbi": 0.9234694715088149
    },
    "FUSED": {
      "silhouette": 0.5563142241516816,
      "dunn": 0.02546605731747789,
      "dbi": 1.9368315772668507
    }
  },
  "weights": {},
  "use_pca": false,
  "use_fa": false,
  "pca_components": null
}