{
  "bootstrap": {
    "spearman_rho_mean": 0.9855763314681895,
    "spearman_rho_std": 0.0011897527130664343,
    "jaccard_at_k_mean": 0.9268199233716475,
    "jaccard_at_k_std": 0.05052098620786837,
    "ari_mean": 0.9641204061969425,
    "ari_std": 0.02001162651798951,
    "silhouette_std": 0.008011280048985067,
    "dunn_std": 0.0068518049306615595,
    "dbi_std": 0.05961145733760649,
    "B": 12,
    "subsample": 0.8
  },
  "seed_sensitivity": {
    "spearman_rho_mean": 0.9993380835663803,
    "spearman_rho_std": 2.0017764346800562e-05,
    "trials": 3
  },
  "noise_robustness": {
    "spearman_rho_mean": 0.8426403677246231,
    "spearman_rho_std": 0.0067685804674323695,
    "sigma": 0.01,
    "trials": 3
  },
  "k_top": 35,
  "n_samples": 1761,
  "contamination": 0.02
}