{
  "bootstrap": {
    "spearman_rho_mean": 0.9863725210040771,
    "spearman_rho_std": 0.0009356795189679829,
    "jaccard_at_k_mean": 0.9153256704980843,
    "jaccard_at_k_std": 0.03912363327806703,
    "ari_mean": 0.962632761172148,
    "ari_std": 0.02272897347224845,
    "silhouette_std": 0.007991470491636139,
    "dunn_std": 0.007879775619046755,
    "dbi_std": 0.06641531310699658,
    "B": 12,
    "subsample": 0.8
  },
  "seed_sensitivity": {
    "spearman_rho_mean": 0.9994218017542155,
    "spearman_rho_std": 0.0001123893262544158,
    "trials": 3
  },
  "noise_robustness": {
    "spearman_rho_mean": 0.8422614122912598,
    "spearman_rho_std": 0.005941286989539317,
    "sigma": 0.01,
    "trials": 3
  },
  "k_top": 35,
  "n_samples": 1761,
  "contamination": 0.02
}