{
  "contamination": 0.02,
  "methods": [
    "IF",
    "LOF",
    "PPCA_MAH",
    "HDBSCAN",
    "COPULA"
  ],
  "thresholds": {
    "IF": 0.6168966252197268,
    "LOF": 1.4956278071835594,
    "PPCA_MAH": 147.2492809956476,
    "HDBSCAN": 0.7598051359160725,
    "COPULA": -4.150478023881205
  },
  "fused_threshold": 0.9699545454545453,
  "evals": {
    "IF": {
      "silhouette": 0.588966859790328,
      "dunn": 0.02373859077869949,
      "dbi": 1.4609573229212716
    },
    "LOF": {
      "silhouette": 0.5343840180976369,
      "dunn": 0.03580915854810581,
      "dbi": 1.7700885397854877
    },
    "PPCA_MAH": {
      "silhouette": 0.6005097932531946,
      "dunn": 0.03448434613836716,
      "dbi": 0.9431278633563045
    },
    "HDBSCAN": {
      "silhouette": 0.5913703662331911,
      "dunn": 0.03336245022843254,
      "dbi": 1.122730688355867
    },
    "COPULA": {
      "silhouette": 0.5811008847402303,
      "dunn": 0.021011123186361037,
      "dbi": 1.2104605385984168
    },
    "FUSED": {
      "silhouette": 0.5910887180589769,
      "dunn": 0.045914498503647046,
      "dbi": 1.142057071108362
    }
  },
  "weights": {},
  "use_pca": false,
  "use_fa": true,
  "pca_components": 13
}