{
  "contamination": 0.04,
  "methods": [
    "IF",
    "LOF",
    "AE",
    "PPCA_MAH",
    "OCSVM",
    "COPULA"
  ],
  "thresholds": {
    "IF": 0.5404773765843869,
    "LOF": 1.316272363084001,
    "AE": 0.27263507310231017,
    "PPCA_MAH": 112.01595303833507,
    "OCSVM": 3.534241059135431e-05,
    "COPULA": 8.055751343089955
  },
  "fused_threshold": 0.8910606060606059,
  "evals": {
    "IF": {
      "silhouette": 0.5758665137319545,
      "dunn": 0.019941872303826776,
      "dbi": 1.4406058526605388
    },
    "LOF": {
      "silhouette": 0.3824178551109873,
      "dunn": 0.011951849110153252,
      "dbi": 3.000759447984896
    },
    "AE": {
      "silhouette": 0.26663531609981306,
      "dunn": 0.013520358558636411,
      "dbi": 3.708985505550518
    },
    "PPCA_MAH": {
      "silhouette": 0.5830663739743058,
      "dunn": 0.023110905573543797,
      "dbi": 1.3434379424617573
    },
    "OCSVM": {
      "silhouette": 0.5138820020054832,
      "dunn": 0.010199083470802069,
      "dbi": 2.053775252124896
    },
    "COPULA": {
      "silhouette": 0.5662104952876916,
      "dunn": 0.019761494920273945,
      "dbi": 1.3945878453252634
    },
    "FUSED": {
      "silhouette": 0.5406789687864465,
      "dunn": 0.016710775808991787,
      "dbi": 1.6159584792296688
    }
  },
  "weights": {},
  "use_pca": true,
  "use_fa": true,
  "pca_components": 7
}