{
  "contamination": 0.02,
  "methods": [
    "IF",
    "LOF",
    "AE",
    "PPCA_MAH",
    "OCSVM"
  ],
  "thresholds": {
    "IF": 0.5835859170089805,
    "LOF": 1.4570727548812512,
    "AE": 0.3186416129901874,
    "PPCA_MAH": 164.08496155521496,
    "OCSVM": 0.00011211266385448977
  },
  "fused_threshold": 0.9271590909090908,
  "evals": {
    "IF": {
      "silhouette": 0.6642509460892203,
      "dunn": 0.02535575345989264,
      "dbi": 0.836080377494397
    },
    "LOF": {
      "silhouette": 0.5669552521146407,
      "dunn": 0.03825798487507858,
      "dbi": 1.6893976585919759
    },
    "AE": {
      "silhouette": 0.32048934646538435,
      "dunn": 0.02344520452944335,
      "dbi": 3.0212654602140967
    },
    "PPCA_MAH": {
      "silhouette": 0.6607956475856526,
      "dunn": 0.035144036360884236,
      "dbi": 0.8723277024180744
    },
    "OCSVM": {
      "silhouette": 0.5063059698471383,
      "dunn": 0.025335403454405134,
      "dbi": 2.049685353204433
    },
    "FUSED": {
      "silhouette": 0.6160168736216984,
      "dunn": 0.04853049892803817,
      "dbi": 1.3114205517146615
    }
  },
  "weights": {},
  "use_pca": true,
  "use_fa": false,
  "pca_components": 7
}