{
  "bootstrap": {
    "spearman_rho_mean": 0.9722365428557005,
    "spearman_rho_std": 0.007443205199476017,
    "jaccard_at_k_mean": 0.6032567326684973,
    "jaccard_at_k_std": 0.07212882330834036,
    "ari_mean": 0.7295645650815367,
    "ari_std": 0.04908492541181926,
    "silhouette_std": 0.0210261329269288,
    "dunn_std": 0.009578102969205023,
    "dbi_std": 0.12849154585777453,
    "B": 12,
    "subsample": 0.8
  },
  "seed_sensitivity": {
    "spearman_rho_mean": 0.9786441599214019,
    "spearman_rho_std": 0.00196084003147421,
    "trials": 3
  },
  "noise_robustness": {
    "spearman_rho_mean": 0.9712463719882735,
    "spearman_rho_std": 0.008063005887840464,
    "sigma": 0.01,
    "trials": 3
  },
  "k_top": 35,
  "n_samples": 1761,
  "contamination": 0.02
}