{
  "bootstrap": {
    "spearman_rho_mean": 0.9716323987459287,
    "spearman_rho_std": 0.001968250384998224,
    "jaccard_at_k_mean": 0.7275641025641025,
    "jaccard_at_k_std": 0.061065893856595055,
    "ari_mean": 0.7549950087189394,
    "ari_std": 0.04723052099078756,
    "silhouette_std": 0.030814966262770242,
    "dunn_std": 0.02553441219661901,
    "dbi_std": 0.2473094614124263,
    "B": 4,
    "subsample": 0.8
  },
  "seed_sensitivity": {
    "spearman_rho_mean": 0.9759147925592463,
    "spearman_rho_std": 0.0,
    "trials": 1
  },
  "noise_robustness": {
    "spearman_rho_mean": 0.9845273727361423,
    "spearman_rho_std": 0.0,
    "sigma": 0.01,
    "trials": 1
  },
  "k_top": 14,
  "n_samples": 704,
  "contamination": 0.02
}