{
  "contamination": 0.02,
  "methods": [
    "IF",
    "LOF",
    "AE",
    "PPCA_MAH",
    "COPULA"
  ],
  "thresholds": {
    "IF": 0.5697147153131851,
    "LOF": 1.63472517037086,
    "AE": 0.7984710836322405,
    "PPCA_MAH": 139.69261641875426,
    "COPULA": 10.527530170584743
  },
  "fused_threshold": 0.9711977240398294,
  "evals": {
    "IF": {
      "silhouette": 0.6027993630338354,
      "dunn": 0.0598056618817088,
      "dbi": 1.1510540232446762
    },
    "LOF": {
      "silhouette": 0.5861266636287626,
      "dunn": 0.04436568622544537,
      "dbi": 1.3525003618231881
    },
    "AE": {
      "silhouette": 0.4707611920344971,
      "dunn": 0.058823751955512336,
      "dbi": 1.8676258560778678
    },
    "PPCA_MAH": {
      "silhouette": 0.5820397609438163,
      "dunn": 0.07554131307016601,
      "dbi": 1.1054375241177512
    },
    "COPULA": {
      "silhouette": 0.5994130564966423,
      "dunn": 0.04759024020402728,
      "dbi": 1.0776113016721083
    },
    "FUSED": {
      "silhouette": 0.5871555612649142,
      "dunn": 0.04759024020402728,
      "dbi": 1.185853032806496
    }
  },
  "weights": {},
  "use_pca": true,
  "use_fa": false,
  "pca_components": 7
}