{
  "bootstrap": {
    "spearman_rho_mean": 0.9679533104750329,
    "spearman_rho_std": 0.0021890459996956988,
    "jaccard_at_k_mean": 0.6973443223443223,
    "jaccard_at_k_std": 0.09273419369722605,
    "ari_mean": 0.780882423449298,
    "ari_std": 0.026947211035394214,
    "silhouette_std": 0.03111945464919022,
    "dunn_std": 0.02411412372894806,
    "dbi_std": 0.23877870906970697,
    "B": 4,
    "subsample": 0.8
  },
  "seed_sensitivity": {
    "spearman_rho_mean": 0.9723871909299382,
    "spearman_rho_std": 0.0,
    "trials": 1
  },
  "noise_robustness": {
    "spearman_rho_mean": 0.9857941343155672,
    "spearman_rho_std": 0.0,
    "sigma": 0.01,
    "trials": 1
  },
  "k_top": 14,
  "n_samples": 704,
  "contamination": 0.02
}