{
  "bootstrap": {
    "spearman_rho_mean": 0.9690319092987055,
    "spearman_rho_std": 0.004073750526038496,
    "jaccard_at_k_mean": 0.7002438528754317,
    "jaccard_at_k_std": 0.052694375968127094,
    "ari_mean": 0.7954488094411362,
    "ari_std": 0.034959347782237644,
    "silhouette_std": 0.028298628115660678,
    "dunn_std": 0.012043398879327658,
    "dbi_std": 0.10854424510862286,
    "B": 6,
    "subsample": 0.8
  },
  "seed_sensitivity": {
    "spearman_rho_mean": 0.9957425243614804,
    "spearman_rho_std": 0.002026615434193746,
    "trials": 2
  },
  "noise_robustness": {
    "spearman_rho_mean": 0.9850717680986741,
    "spearman_rho_std": 0.0006011002246193442,
    "sigma": 0.01,
    "trials": 2
  },
  "k_top": 39,
  "n_samples": 1321,
  "contamination": 0.03
}