{
  "contamination": 0.03,
  "methods": [
    "IF",
    "LOF",
    "AE",
    "PPCA_MAH",
    "OCSVM",
    "HDBSCAN",
    "COPULA"
  ],
  "thresholds": {
    "IF": 0.5501473035319075,
    "LOF": 1.3326569525049285,
    "AE": 0.3012648969132754,
    "PPCA_MAH": 163.99375150012455,
    "OCSVM": 3.5584388771957034e-05,
    "HDBSCAN": 0.32535855167377226,
    "COPULA": 9.502366592189274
  },
  "fused_threshold": 0.8858658008658005,
  "evals": {
    "IF": {
      "silhouette": 0.6135769422271591,
      "dunn": 0.025497646243604677,
      "dbi": 1.1353469810871846
    },
    "LOF": {
      "silhouette": 0.352202754399177,
      "dunn": 0.021629082992436217,
      "dbi": 3.0047009745853246
    },
    "AE": {
      "silhouette": 0.28049434610480717,
      "dunn": 0.021519979425909965,
      "dbi": 2.7183187757039424
    },
    "PPCA_MAH": {
      "silhouette": 0.619943507695344,
      "dunn": 0.047607136953122985,
      "dbi": 0.806789080858506
    },
    "OCSVM": {
      "silhouette": 0.4844940398638919,
      "dunn": 0.020460358061029287,
      "dbi": 1.9343326690816316
    },
    "HDBSCAN": {
      "silhouette": 0.3205517551936361,
      "dunn": 0.006133371853649681,
      "dbi": 2.620634135701545
    },
    "COPULA": {
      "silhouette": 0.6045558804440132,
      "dunn": 0.02050852223463924,
      "dbi": 1.026592139090731
    },
    "FUSED": {
      "silhouette": 0.5119278507944012,
      "dunn": 0.030325206107673447,
      "dbi": 1.7348401416471104
    }
  },
  "weights": {},
  "use_pca": true,
  "use_fa": false,
  "pca_components": 7
}