{
  "bootstrap": {
    "spearman_rho_mean": 0.9587778673055946,
    "spearman_rho_std": 0.0064072691182844605,
    "jaccard_at_k_mean": 0.679025985150716,
    "jaccard_at_k_std": 0.050595663528994264,
    "ari_mean": 0.7508161033638664,
    "ari_std": 0.04569439635033856,
    "silhouette_std": 0.012209739192115666,
    "dunn_std": 0.003888445028319246,
    "dbi_std": 0.19650689084879694,
    "B": 12,
    "subsample": 0.8
  },
  "seed_sensitivity": {
    "spearman_rho_mean": 0.9789966050509659,
    "spearman_rho_std": 0.0010503146215079448,
    "trials": 3
  },
  "noise_robustness": {
    "spearman_rho_mean": 0.9627374129420749,
    "spearman_rho_std": 0.005670389253696508,
    "sigma": 0.01,
    "trials": 3
  },
  "k_top": 176,
  "n_samples": 1761,
  "contamination": 0.1
}