{
  "contamination": 0.1,
  "methods": [
    "IF",
    "LOF",
    "AE",
    "PPCA_MAH",
    "HDBSCAN"
  ],
  "thresholds": {
    "IF": 0.498775841958666,
    "LOF": 1.2308202560843784,
    "AE": 0.14868432020601668,
    "PPCA_MAH": 83.5760703881338,
    "HDBSCAN": 0.4222017256765984
  },
  "fused_threshold": 0.8359090909090909,
  "evals": {
    "IF": {
      "silhouette": 0.4418434015084296,
      "dunn": 0.01708219202792265,
      "dbi": 2.4177051539474785
    },
    "LOF": {
      "silhouette": 0.31016662311868404,
      "dunn": 0.011571442574548844,
      "dbi": 3.1256410911853765
    },
    "AE": {
      "silhouette": 0.204745701798828,
      "dunn": 0.014434217248251176,
      "dbi": 3.9965781827727427
    },
    "PPCA_MAH": {
      "silhouette": 0.41048444523767513,
      "dunn": 0.012157403216142847,
      "dbi": 2.1460041754753982
    },
    "HDBSCAN": {
      "silhouette": 0.4658120776768992,
      "dunn": 0.02050834230534556,
      "dbi": 1.8457758348747202
    },
    "FUSED": {
      "silhouette": 0.4065301352934024,
      "dunn": 0.02050834230534556,
      "dbi": 2.092282306688145
    }
  },
  "weights": {},
  "use_pca": true,
  "use_fa": true,
  "pca_components": 7
}