{
  "bootstrap": {
    "spearman_rho_mean": 0.9724490290082812,
    "spearman_rho_std": 0.001924815074422283,
    "jaccard_at_k_mean": 0.7614102564102563,
    "jaccard_at_k_std": 0.049880033595410614,
    "ari_mean": 0.8369399030342656,
    "ari_std": 0.02953733675785866,
    "silhouette_std": 0.03151444876470537,
    "dunn_std": 0.0070239516296724085,
    "dbi_std": 0.3636507896195034,
    "B": 4,
    "subsample": 0.8
  },
  "seed_sensitivity": {
    "spearman_rho_mean": 0.9973821063090181,
    "spearman_rho_std": 0.0,
    "trials": 1
  },
  "noise_robustness": {
    "spearman_rho_mean": 0.6984087693346656,
    "spearman_rho_std": 0.0,
    "sigma": 0.01,
    "trials": 1
  },
  "k_top": 28,
  "n_samples": 704,
  "contamination": 0.04
}