{
  "contamination": 0.04,
  "methods": [
    "IF",
    "LOF",
    "PPCA_MAH",
    "COPULA"
  ],
  "thresholds": {
    "IF": 0.5640332900005501,
    "LOF": 1.333615152482635,
    "PPCA_MAH": 37.054647867447244,
    "COPULA": -7.7522378587158505
  },
  "fused_threshold": 0.9131009957325747,
  "evals": {
    "IF": {
      "silhouette": 0.4940510602917527,
      "dunn": 0.026282985741191763,
      "dbi": 2.097733024760787
    },
    "LOF": {
      "silhouette": 0.3686303708928458,
      "dunn": 0.028320792430744333,
      "dbi": 3.6089101395848036
    },
    "PPCA_MAH": {
      "silhouette": 0.5046704342746711,
      "dunn": 0.054750337567958926,
      "dbi": 1.2583955514762688
    },
    "COPULA": {
      "silhouette": 0.470416802341214,
      "dunn": 0.005949858912026055,
      "dbi": 2.103728107709484
    },
    "FUSED": {
      "silhouette": 0.461411726175197,
      "dunn": 0.02390834707839845,
      "dbi": 2.3339073716669234
    }
  },
  "weights": {},
  "use_pca": false,
  "use_fa": true,
  "pca_components": 13
}