{
  "contamination": 0.1,
  "methods": [
    "IF",
    "LOF",
    "PPCA_MAH",
    "HDBSCAN"
  ],
  "thresholds": {
    "IF": 0.4997728719112409,
    "LOF": 1.2308202560843784,
    "PPCA_MAH": 81.97318990352127,
    "HDBSCAN": 0.3099007064504046
  },
  "fused_threshold": 0.8409090909090909,
  "evals": {
    "IF": {
      "silhouette": 0.43949306032388297,
      "dunn": 0.01788950349070327,
      "dbi": 2.4785238607621034
    },
    "LOF": {
      "silhouette": 0.31016662311868404,
      "dunn": 0.011571442574548844,
      "dbi": 3.1256410911853765
    },
    "PPCA_MAH": {
      "silhouette": 0.4172440324209944,
      "dunn": 0.012157403216142847,
      "dbi": 1.9703035167182037
    },
    "HDBSCAN": {
      "silhouette": 0.4270535481668461,
      "dunn": 0.010163341185031453,
      "dbi": 1.9102464927396914
    },
    "FUSED": {
      "silhouette": 0.4257311104378601,
      "dunn": 0.019628463537705212,
      "dbi": 1.930336436787235
    }
  },
  "weights": {},
  "use_pca": true,
  "use_fa": true,
  "pca_components": 7
}