{
  "bootstrap": {
    "spearman_rho_mean": 0.9534328155253018,
    "spearman_rho_std": 0.0052235833152273385,
    "jaccard_at_k_mean": 0.8231644373449477,
    "jaccard_at_k_std": 0.10426952666910985,
    "ari_mean": 0.8662010009550155,
    "ari_std": 0.08604690059810091,
    "silhouette_std": 0.014180748348994255,
    "dunn_std": 0.003647162229900524,
    "dbi_std": 0.19810988471853752,
    "B": 12,
    "subsample": 0.8
  },
  "seed_sensitivity": {
    "spearman_rho_mean": 0.9978540746782775,
    "spearman_rho_std": 0.0006187163199757233,
    "trials": 3
  },
  "noise_robustness": {
    "spearman_rho_mean": 0.9801382098560562,
    "spearman_rho_std": 0.0045265863052971235,
    "sigma": 0.01,
    "trials": 3
  },
  "k_top": 176,
  "n_samples": 1761,
  "contamination": 0.1
}