{
  "contamination": 0.1,
  "methods": [
    "IF",
    "LOF",
    "AE",
    "PPCA_MAH"
  ],
  "thresholds": {
    "IF": 0.5016941059049043,
    "LOF": 1.2099591218702697,
    "AE": 0.14868432020601668,
    "PPCA_MAH": 83.5760703881338
  },
  "fused_threshold": 0.8014204545454545,
  "evals": {
    "IF": {
      "silhouette": 0.4281399194772759,
      "dunn": 0.013267443066620305,
      "dbi": 2.59438335773134
    },
    "LOF": {
      "silhouette": 0.19851093163708086,
      "dunn": 0.01036223148903153,
      "dbi": 5.896880184170161
    },
    "AE": {
      "silhouette": 0.204745701798828,
      "dunn": 0.014434217248251176,
      "dbi": 3.9965781827727427
    },
    "PPCA_MAH": {
      "silhouette": 0.41048444523767513,
      "dunn": 0.012157403216142847,
      "dbi": 2.1460041754753982
    },
    "FUSED": {
      "silhouette": 0.3418519235942211,
      "dunn": 0.014823377295223187,
      "dbi": 2.7976826889854483
    }
  },
  "weights": {},
  "use_pca": true,
  "use_fa": true,
  "pca_components": 7
}