{
  "bootstrap": {
    "spearman_rho_mean": 0.9431354648216962,
    "spearman_rho_std": 0.014097287112770784,
    "jaccard_at_k_mean": 0.5573247699257156,
    "jaccard_at_k_std": 0.040326218090614915,
    "ari_mean": 0.6396246989509451,
    "ari_std": 0.04242316378950023,
    "silhouette_std": 0.011796769414967745,
    "dunn_std": 0.004759896959459781,
    "dbi_std": 0.1814855298496252,
    "B": 12,
    "subsample": 0.8
  },
  "seed_sensitivity": {
    "spearman_rho_mean": 0.9583797253901029,
    "spearman_rho_std": 0.0052921473532732115,
    "trials": 3
  },
  "noise_robustness": {
    "spearman_rho_mean": 0.9494421099897828,
    "spearman_rho_std": 0.013249898365565747,
    "sigma": 0.01,
    "trials": 3
  },
  "k_top": 176,
  "n_samples": 1761,
  "contamination": 0.1
}