{
  "bootstrap": {
    "spearman_rho_mean": 0.973722267922277,
    "spearman_rho_std": 0.0026857748944541515,
    "jaccard_at_k_mean": 0.5619047619047619,
    "jaccard_at_k_std": 0.03809523809523807,
    "ari_mean": 0.6779978994706698,
    "ari_std": 0.029645216021295266,
    "silhouette_std": 0.024619898508786958,
    "dunn_std": 0.002771119345023345,
    "dbi_std": 0.2604451301369058,
    "B": 4,
    "subsample": 0.8
  },
  "seed_sensitivity": {
    "spearman_rho_mean": 0.9859858521252916,
    "spearman_rho_std": 0.0,
    "trials": 1
  },
  "noise_robustness": {
    "spearman_rho_mean": 0.8449962054699033,
    "spearman_rho_std": 0.0,
    "sigma": 0.01,
    "trials": 1
  },
  "k_top": 21,
  "n_samples": 704,
  "contamination": 0.03
}