{
  "contamination": 0.03,
  "methods": [
    "IF",
    "LOF",
    "AE",
    "PPCA_MAH",
    "OCSVM",
    "HDBSCAN",
    "COPULA"
  ],
  "thresholds": {
    "IF": 0.5789022603448649,
    "LOF": 1.4095784586817894,
    "AE": 0.02792529190685642,
    "PPCA_MAH": 48.768847750374135,
    "OCSVM": 7.720304200404105e-05,
    "HDBSCAN": 0.7621733725837105,
    "COPULA": -7.232167840379789
  },
  "fused_threshold": 0.9100711237553343,
  "evals": {
    "IF": {
      "silhouette": 0.5201008173357109,
      "dunn": 0.043709595976753605,
      "dbi": 1.9813857433807556
    },
    "LOF": {
      "silhouette": 0.41502106377984554,
      "dunn": 0.028320792430744333,
      "dbi": 3.630794828758048
    },
    "AE": {
      "silhouette": 0.27567600273641796,
      "dunn": 0.02916647645813988,
      "dbi": 2.7618484700392383
    },
    "PPCA_MAH": {
      "silhouette": 0.5256903200353874,
      "dunn": 0.037605136533415545,
      "dbi": 0.9560464130903936
    },
    "OCSVM": {
      "silhouette": 0.43773289652621195,
      "dunn": 0.020562617083415582,
      "dbi": 2.6193574726500093
    },
    "HDBSCAN": {
      "silhouette": 0.5158635998538172,
      "dunn": 0.05750451125584128,
      "dbi": 1.8267593037699332
    },
    "COPULA": {
      "silhouette": 0.5006772507398494,
      "dunn": 0.005949858912026055,
      "dbi": 1.6453172029659733
    },
    "FUSED": {
      "silhouette": 0.46097508740328214,
      "dunn": 0.03967227886052811,
      "dbi": 2.198312011830464
    }
  },
  "weights": {},
  "use_pca": false,
  "use_fa": true,
  "pca_components": 13
}