{
  "contamination": 0.03,
  "methods": [
    "IF",
    "LOF",
    "PPCA_MAH",
    "OCSVM"
  ],
  "thresholds": {
    "IF": 0.5931127137305435,
    "LOF": 1.3652097099304759,
    "PPCA_MAH": 1896.644455955829,
    "OCSVM": 0.00010720642037691419
  },
  "fused_threshold": 0.932613636363636,
  "evals": {
    "IF": {
      "silhouette": 0.5992501058447129,
      "dunn": 0.02555063908390335,
      "dbi": 1.5214189356047294
    },
    "LOF": {
      "silhouette": 0.4339147925725936,
      "dunn": 0.04387828501619404,
      "dbi": 2.4578091076614856
    },
    "PPCA_MAH": {
      "silhouette": 0.6018213389814043,
      "dunn": 0.03975702922287325,
      "dbi": 1.0042572554450793
    },
    "OCSVM": {
      "silhouette": 0.5237855651690946,
      "dunn": 0.030872246740673383,
      "dbi": 1.7487731432553406
    },
    "FUSED": {
      "silhouette": 0.591921956605605,
      "dunn": 0.025601460203670937,
      "dbi": 1.378315417758012
    }
  },
  "weights": {},
  "use_pca": false,
  "use_fa": false,
  "pca_components": null
}