{
  "bootstrap": {
    "spearman_rho_mean": 0.9821538460191679,
    "spearman_rho_std": 0.0019111264214591653,
    "jaccard_at_k_mean": 0.8355481727574751,
    "jaccard_at_k_std": 0.021594684385382035,
    "ari_mean": 0.8900008120903579,
    "ari_std": 0.01055429337954872,
    "silhouette_std": 0.020617946348011753,
    "dunn_std": 0.005474173688658106,
    "dbi_std": 0.2905763610497856,
    "B": 4,
    "subsample": 0.8
  },
  "seed_sensitivity": {
    "spearman_rho_mean": 0.9983036722164742,
    "spearman_rho_std": 0.0,
    "trials": 1
  },
  "noise_robustness": {
    "spearman_rho_mean": 0.8740168098683097,
    "spearman_rho_std": 0.0,
    "sigma": 0.01,
    "trials": 1
  },
  "k_top": 49,
  "n_samples": 704,
  "contamination": 0.07
}