{
  "contamination": 0.07,
  "methods": [
    "IF",
    "LOF",
    "PPCA_MAH",
    "HDBSCAN"
  ],
  "thresholds": {
    "IF": 0.5360702616501137,
    "LOF": 1.2720300548135497,
    "PPCA_MAH": 31.670075751484433,
    "HDBSCAN": 0.6294687049631505
  },
  "fused_threshold": 0.884068278805121,
  "evals": {
    "IF": {
      "silhouette": 0.44141255556934866,
      "dunn": 0.02390834707839845,
      "dbi": 2.4497578449819564
    },
    "LOF": {
      "silhouette": 0.26758329324689106,
      "dunn": 0.02227389307462366,
      "dbi": 4.8168358406975464
    },
    "PPCA_MAH": {
      "silhouette": 0.42927538375168445,
      "dunn": 0.02635973915299378,
      "dbi": 1.720154943588067
    },
    "HDBSCAN": {
      "silhouette": 0.4388449386436555,
      "dunn": 0.011136813177157699,
      "dbi": 2.249248213689452
    },
    "FUSED": {
      "silhouette": 0.4170815002279482,
      "dunn": 0.028432611536462607,
      "dbi": 2.368366270089008
    }
  },
  "weights": {},
  "use_pca": false,
  "use_fa": true,
  "pca_components": 13
}