{
  "bootstrap": {
    "spearman_rho_mean": 0.9843755206135493,
    "spearman_rho_std": 0.0012801591995047312,
    "jaccard_at_k_mean": 0.875,
    "jaccard_at_k_std": 0.0721687836487032,
    "ari_mean": 0.8973388806309903,
    "ari_std": 0.02805632465215678,
    "silhouette_std": 0.041295216151773936,
    "dunn_std": 0.01113600718986431,
    "dbi_std": 0.21660728905581036,
    "B": 4,
    "subsample": 0.8
  },
  "seed_sensitivity": {
    "spearman_rho_mean": 0.9992938175598319,
    "spearman_rho_std": 0.0,
    "trials": 1
  },
  "noise_robustness": {
    "spearman_rho_mean": 0.8177498648135909,
    "spearman_rho_std": 0.0,
    "sigma": 0.01,
    "trials": 1
  },
  "k_top": 14,
  "n_samples": 704,
  "contamination": 0.02
}