{
  "contamination": 0.02,
  "methods": [
    "IF",
    "LOF",
    "PPCA_MAH",
    "HDBSCAN",
    "COPULA"
  ],
  "thresholds": {
    "IF": 0.6057082662744054,
    "LOF": 1.551470861923681,
    "PPCA_MAH": 55.36269065939605,
    "HDBSCAN": 0.7919318285814073,
    "COPULA": -6.845300557194623
  },
  "fused_threshold": 0.9711977240398293,
  "evals": {
    "IF": {
      "silhouette": 0.5555768744255021,
      "dunn": 0.04089077856123733,
      "dbi": 1.6004783075946964
    },
    "LOF": {
      "silhouette": 0.49158209320361657,
      "dunn": 0.05371054889131535,
      "dbi": 2.735388519735908
    },
    "PPCA_MAH": {
      "silhouette": 0.5532741487687087,
      "dunn": 0.0578842665159745,
      "dbi": 0.9694162112972408
    },
    "HDBSCAN": {
      "silhouette": 0.5526179748959904,
      "dunn": 0.04089077856123733,
      "dbi": 1.629841959946258
    },
    "COPULA": {
      "silhouette": 0.5449862645289941,
      "dunn": 0.0061326036776860665,
      "dbi": 1.3658533312653205
    },
    "FUSED": {
      "silhouette": 0.5449714770853623,
      "dunn": 0.04089077856123733,
      "dbi": 1.6590255760649006
    }
  },
  "weights": {},
  "use_pca": false,
  "use_fa": true,
  "pca_components": 13
}