{
  "bootstrap": {
    "spearman_rho_mean": 0.9919653999903111,
    "spearman_rho_std": 0.002645832617901257,
    "jaccard_at_k_mean": 0.8709646959043479,
    "jaccard_at_k_std": 0.039326299452840344,
    "ari_mean": 0.9137126691683308,
    "ari_std": 0.025073174444377004,
    "silhouette_std": 0.009941702881342496,
    "dunn_std": 0.003341277725684343,
    "dbi_std": 0.11035187716371957,
    "B": 12,
    "subsample": 0.8
  },
  "seed_sensitivity": {
    "spearman_rho_mean": 0.993539207600063,
    "spearman_rho_std": 0.003484278662428842,
    "trials": 3
  },
  "noise_robustness": {
    "spearman_rho_mean": 0.9952078053713498,
    "spearman_rho_std": 0.0004219037786137041,
    "sigma": 0.01,
    "trials": 3
  },
  "k_top": 105,
  "n_samples": 1761,
  "contamination": 0.06
}