{
  "contamination": 0.06,
  "methods": [
    "IF",
    "LOF",
    "PPCA_MAH",
    "OCSVM"
  ],
  "thresholds": {
    "IF": 0.5243584834390883,
    "LOF": 1.336241044829162,
    "PPCA_MAH": 94.18904304996722,
    "OCSVM": 1.0506550730579292e-05
  },
  "fused_threshold": 0.8971874999999999,
  "evals": {
    "IF": {
      "silhouette": 0.5158965547443484,
      "dunn": 0.010854229509860324,
      "dbi": 1.9859971862159995
    },
    "LOF": {
      "silhouette": 0.44861310424513634,
      "dunn": 0.02443592007485666,
      "dbi": 2.0452186238011274
    },
    "PPCA_MAH": {
      "silhouette": 0.5202358472332671,
      "dunn": 0.008075519261728871,
      "dbi": 1.4516179635988562
    },
    "OCSVM": {
      "silhouette": 0.49264187121174624,
      "dunn": 0.013278099796034415,
      "dbi": 2.0318508368497077
    },
    "FUSED": {
      "silhouette": 0.5143275570479322,
      "dunn": 0.016217001868102657,
      "dbi": 1.6811224419015895
    }
  },
  "weights": {},
  "use_pca": true,
  "use_fa": true,
  "pca_components": 7
}