{
  "bootstrap": {
    "spearman_rho_mean": 0.9856507156007419,
    "spearman_rho_std": 0.0009462902099127178,
    "jaccard_at_k_mean": 0.899603721747301,
    "jaccard_at_k_std": 0.049390656143453004,
    "ari_mean": 0.9470139416985619,
    "ari_std": 0.021201559059659973,
    "silhouette_std": 0.00939849248644079,
    "dunn_std": 0.005045758997760982,
    "dbi_std": 0.11162218918468028,
    "B": 12,
    "subsample": 0.8
  },
  "seed_sensitivity": {
    "spearman_rho_mean": 0.9976634424817771,
    "spearman_rho_std": 0.0010391011314764876,
    "trials": 3
  },
  "noise_robustness": {
    "spearman_rho_mean": 0.9904360434576861,
    "spearman_rho_std": 0.005325286128358762,
    "sigma": 0.01,
    "trials": 3
  },
  "k_top": 52,
  "n_samples": 1761,
  "contamination": 0.03
}