{
  "bootstrap": {
    "spearman_rho_mean": 0.9859293169515748,
    "spearman_rho_std": 0.003343047684291768,
    "jaccard_at_k_mean": 0.8837466293205488,
    "jaccard_at_k_std": 0.07646756308809428,
    "ari_mean": 0.9390068011164022,
    "ari_std": 0.036112087710937185,
    "silhouette_std": 0.010381584859276973,
    "dunn_std": 0.00813333237739122,
    "dbi_std": 0.12011423094156637,
    "B": 12,
    "subsample": 0.8
  },
  "seed_sensitivity": {
    "spearman_rho_mean": 0.9991570769808297,
    "spearman_rho_std": 0.0004376227090157601,
    "trials": 3
  },
  "noise_robustness": {
    "spearman_rho_mean": 0.99022758715134,
    "spearman_rho_std": 0.0032717755933745745,
    "sigma": 0.01,
    "trials": 3
  },
  "k_top": 52,
  "n_samples": 1761,
  "contamination": 0.03
}