{
  "contamination": 0.03,
  "methods": [
    "IF",
    "LOF",
    "PPCA_MAH",
    "OCSVM",
    "HDBSCAN",
    "COPULA"
  ],
  "thresholds": {
    "IF": 0.556475574557487,
    "LOF": 1.42696386245351,
    "PPCA_MAH": 140.85176651587085,
    "OCSVM": 9.487782288717427e-05,
    "HDBSCAN": 0.5761150129274601,
    "COPULA": 9.165443945377978
  },
  "fused_threshold": 0.9464962121212122,
  "evals": {
    "IF": {
      "silhouette": 0.6093351513414287,
      "dunn": 0.03474687770808869,
      "dbi": 1.2645934672276067
    },
    "LOF": {
      "silhouette": 0.5615486138865561,
      "dunn": 0.028135212131385423,
      "dbi": 1.4671955336555205
    },
    "PPCA_MAH": {
      "silhouette": 0.6239195994188841,
      "dunn": 0.035446003292041055,
      "dbi": 0.8951854273873181
    },
    "OCSVM": {
      "silhouette": 0.5241585060833046,
      "dunn": 0.01646113312629276,
      "dbi": 2.0465626081002455
    },
    "HDBSCAN": {
      "silhouette": 0.6216445542782816,
      "dunn": 0.03514403636088423,
      "dbi": 0.9769862543779042
    },
    "COPULA": {
      "silhouette": 0.6130865775122644,
      "dunn": 0.019711131686622918,
      "dbi": 1.1031466679938298
    },
    "FUSED": {
      "silhouette": 0.6055164354892775,
      "dunn": 0.04108598675245927,
      "dbi": 1.3177692396728975
    }
  },
  "weights": {},
  "use_pca": true,
  "use_fa": false,
  "pca_components": 7
}