{
  "bootstrap": {
    "spearman_rho_mean": 0.9659275502868065,
    "spearman_rho_std": 0.004946122281379644,
    "jaccard_at_k_mean": 0.6528836380703963,
    "jaccard_at_k_std": 0.053285451585147234,
    "ari_mean": 0.7518457570543505,
    "ari_std": 0.048830782781576855,
    "silhouette_std": 0.012829003111768003,
    "dunn_std": 0.008770163643844208,
    "dbi_std": 0.12735204816966111,
    "B": 12,
    "subsample": 0.8
  },
  "seed_sensitivity": {
    "spearman_rho_mean": 0.9862107485344476,
    "spearman_rho_std": 0.0028777469638170887,
    "trials": 3
  },
  "noise_robustness": {
    "spearman_rho_mean": 0.980583749648142,
    "spearman_rho_std": 0.006112934893625358,
    "sigma": 0.01,
    "trials": 3
  },
  "k_top": 70,
  "n_samples": 1761,
  "contamination": 0.04
}