{
  "contamination": 0.04,
  "methods": [
    "IF",
    "LOF",
    "AE",
    "PPCA_MAH",
    "HDBSCAN"
  ],
  "thresholds": {
    "IF": 0.5638749858957335,
    "LOF": 1.346132524080257,
    "AE": 0.17783495749196934,
    "PPCA_MAH": 1332.3851056275223,
    "HDBSCAN": 0.5945105984690001
  },
  "fused_threshold": 0.901681818181818,
  "evals": {
    "IF": {
      "silhouette": 0.5737162862591108,
      "dunn": 0.038089468606442745,
      "dbi": 1.827516951901719
    },
    "LOF": {
      "silhouette": 0.48012485446999653,
      "dunn": 0.02842943716477528,
      "dbi": 2.1588796804127806
    },
    "AE": {
      "silhouette": 0.2845999878565556,
      "dunn": 0.026006035026405146,
      "dbi": 3.7220520449451646
    },
    "PPCA_MAH": {
      "silhouette": 0.5747789210588662,
      "dunn": 0.01908478075539944,
      "dbi": 1.2115481616634414
    },
    "HDBSCAN": {
      "silhouette": 0.5901512686070193,
      "dunn": 0.046103178684549065,
      "dbi": 1.1453749445813997
    },
    "FUSED": {
      "silhouette": 0.5416235774056334,
      "dunn": 0.042196607963685205,
      "dbi": 1.7026859830158108
    }
  },
  "weights": {},
  "use_pca": false,
  "use_fa": false,
  "pca_components": null
}