{
  "contamination": 0.07,
  "methods": [
    "IF",
    "LOF",
    "AE",
    "PPCA_MAH",
    "COPULA"
  ],
  "thresholds": {
    "IF": 0.5100721887544178,
    "LOF": 1.2993017466448376,
    "AE": 0.41174192026275724,
    "PPCA_MAH": 98.68889250832855,
    "COPULA": 6.751177442635203
  },
  "fused_threshold": 0.8818150782361309,
  "evals": {
    "IF": {
      "silhouette": 0.44722763199362736,
      "dunn": 0.018498496121144146,
      "dbi": 2.42613419313069
    },
    "LOF": {
      "silhouette": 0.35498605937068767,
      "dunn": 0.02687508119925931,
      "dbi": 2.9272627597532392
    },
    "AE": {
      "silhouette": 0.3426742266119424,
      "dunn": 0.018880077496542694,
      "dbi": 2.315773427704125
    },
    "PPCA_MAH": {
      "silhouette": 0.440011068287598,
      "dunn": 0.02137780424431333,
      "dbi": 1.8196386621436853
    },
    "COPULA": {
      "silhouette": 0.4436768364476565,
      "dunn": 0.01597202081169656,
      "dbi": 2.126525374718002
    },
    "FUSED": {
      "silhouette": 0.42912003342964183,
      "dunn": 0.038310204839555065,
      "dbi": 1.7518118336588642
    }
  },
  "weights": {},
  "use_pca": true,
  "use_fa": false,
  "pca_components": 7
}