{
  "bootstrap": {
    "spearman_rho_mean": 0.971218998849972,
    "spearman_rho_std": 0.0023109256488281515,
    "jaccard_at_k_mean": 0.6546258503401361,
    "jaccard_at_k_std": 0.07950827056741001,
    "ari_mean": 0.7454976447112722,
    "ari_std": 0.11158052295471795,
    "silhouette_std": 0.0327591206100027,
    "dunn_std": 0.009679076569931246,
    "dbi_std": 0.5805287890867606,
    "B": 4,
    "subsample": 0.8
  },
  "seed_sensitivity": {
    "spearman_rho_mean": 0.9750942401308162,
    "spearman_rho_std": 0.0,
    "trials": 1
  },
  "noise_robustness": {
    "spearman_rho_mean": 0.9855629759027192,
    "spearman_rho_std": 0.0,
    "sigma": 0.01,
    "trials": 1
  },
  "k_top": 49,
  "n_samples": 704,
  "contamination": 0.07
}