{
  "bootstrap": {
    "spearman_rho_mean": 0.9694085714632383,
    "spearman_rho_std": 0.002739736990721325,
    "jaccard_at_k_mean": 0.6795948616600791,
    "jaccard_at_k_std": 0.06101778656126482,
    "ari_mean": 0.7727006024820642,
    "ari_std": 0.0615793530451064,
    "silhouette_std": 0.024993331148343935,
    "dunn_std": 0.0109649006799565,
    "dbi_std": 0.5074529303447919,
    "B": 4,
    "subsample": 0.8
  },
  "seed_sensitivity": {
    "spearman_rho_mean": 0.9738506128285976,
    "spearman_rho_std": 0.0,
    "trials": 1
  },
  "noise_robustness": {
    "spearman_rho_mean": 0.9876185741644758,
    "spearman_rho_std": 0.0,
    "sigma": 0.01,
    "trials": 1
  },
  "k_top": 49,
  "n_samples": 704,
  "contamination": 0.07
}