{
  "contamination": 0.02,
  "methods": [
    "IF",
    "LOF",
    "PPCA_MAH",
    "HDBSCAN",
    "COPULA"
  ],
  "thresholds": {
    "IF": 0.5724824245853801,
    "LOF": 1.488901594595614,
    "PPCA_MAH": 185.3884882856439,
    "HDBSCAN": 0.6414829003709551,
    "COPULA": 10.945787152000579
  },
  "fused_threshold": 0.9723636363636363,
  "evals": {
    "IF": {
      "silhouette": 0.6523332023932303,
      "dunn": 0.02535575345989264,
      "dbi": 1.0152043242305318
    },
    "LOF": {
      "silhouette": 0.6111757036460896,
      "dunn": 0.03992672731453305,
      "dbi": 1.2881376768661021
    },
    "PPCA_MAH": {
      "silhouette": 0.6614060231225302,
      "dunn": 0.04860102119093928,
      "dbi": 0.8249443100179268
    },
    "HDBSCAN": {
      "silhouette": 0.6608233646727995,
      "dunn": 0.025436213833530716,
      "dbi": 0.8630836260453417
    },
    "COPULA": {
      "silhouette": 0.651068485014538,
      "dunn": 0.02535575345989264,
      "dbi": 0.9209651360653835
    },
    "FUSED": {
      "silhouette": 0.6566364189157445,
      "dunn": 0.025436213833530716,
      "dbi": 0.8975873707066422
    }
  },
  "weights": {},
  "use_pca": true,
  "use_fa": true,
  "pca_components": 7
}