{
  "contamination": 0.04,
  "methods": [
    "IF",
    "LOF",
    "PPCA_MAH",
    "OCSVM",
    "HDBSCAN"
  ],
  "thresholds": {
    "IF": 0.5433793225414881,
    "LOF": 1.325217633290485,
    "PPCA_MAH": 118.77213500857144,
    "OCSVM": 4.401850436881372e-05,
    "HDBSCAN": 0.5394588036849913
  },
  "fused_threshold": 0.9118409090909091,
  "evals": {
    "IF": {
      "silhouette": 0.574153289398825,
      "dunn": 0.025757636488734248,
      "dbi": 1.524559910821609
    },
    "LOF": {
      "silhouette": 0.37907596066061394,
      "dunn": 0.01185227141682858,
      "dbi": 3.0997674060480445
    },
    "PPCA_MAH": {
      "silhouette": 0.5927801429889993,
      "dunn": 0.02324002886333166,
      "dbi": 1.0474091396299556
    },
    "OCSVM": {
      "silhouette": 0.5275743703437222,
      "dunn": 0.015969714814848494,
      "dbi": 1.7631146961550377
    },
    "HDBSCAN": {
      "silhouette": 0.5896479349487643,
      "dunn": 0.04516861915706897,
      "dbi": 1.1293899667431555
    },
    "FUSED": {
      "silhouette": 0.5643413056700998,
      "dunn": 0.040682368970274635,
      "dbi": 1.5319818429513665
    }
  },
  "weights": {},
  "use_pca": true,
  "use_fa": true,
  "pca_components": 7
}