{
  "contamination": 0.1,
  "methods": [
    "IF",
    "LOF",
    "AE",
    "PPCA_MAH",
    "OCSVM",
    "COPULA"
  ],
  "thresholds": {
    "IF": 0.5140855852147942,
    "LOF": 1.2252104301323068,
    "AE": 0.0020451200429698734,
    "PPCA_MAH": 34.580643714319216,
    "OCSVM": -2.926432523864264e-05,
    "COPULA": -8.147901973526858
  },
  "fused_threshold": 0.8218749999999999,
  "evals": {
    "IF": {
      "silhouette": 0.4072635387177772,
      "dunn": 0.013545328697251153,
      "dbi": 2.7657917152387737
    },
    "LOF": {
      "silhouette": 0.2792029905773782,
      "dunn": 0.017174873342197628,
      "dbi": 3.3678615285961695
    },
    "AE": {
      "silhouette": 0.18667288023023423,
      "dunn": 0.009694663337082963,
      "dbi": 4.136463971452428
    },
    "PPCA_MAH": {
      "silhouette": 0.41122348094195427,
      "dunn": 0.009410138502671833,
      "dbi": 2.1903143341632605
    },
    "OCSVM": {
      "silhouette": 0.3677330713969458,
      "dunn": 0.008302137654008484,
      "dbi": 3.394960460947491
    },
    "COPULA": {
      "silhouette": 0.3916671540000097,
      "dunn": 0.013796455708172246,
      "dbi": 2.7421571651919368
    },
    "FUSED": {
      "silhouette": 0.3800920106257382,
      "dunn": 0.013545328697251153,
      "dbi": 2.8377070452245707
    }
  },
  "weights": {},
  "use_pca": false,
  "use_fa": true,
  "pca_components": 13
}