{
  "bootstrap": {
    "spearman_rho_mean": 0.9945694252181753,
    "spearman_rho_std": 0.002432998246587775,
    "jaccard_at_k_mean": 0.8227313457152169,
    "jaccard_at_k_std": 0.05303130703422479,
    "ari_mean": 0.8941950343428946,
    "ari_std": 0.021273737097569693,
    "silhouette_std": 0.010120867042701326,
    "dunn_std": 0.007146868706172917,
    "dbi_std": 0.10203949859916678,
    "B": 12,
    "subsample": 0.8
  },
  "seed_sensitivity": {
    "spearman_rho_mean": 0.9983819711893465,
    "spearman_rho_std": 0.0005152766175238737,
    "trials": 3
  },
  "noise_robustness": {
    "spearman_rho_mean": 0.9975051886801679,
    "spearman_rho_std": 0.0001781046128681882,
    "sigma": 0.01,
    "trials": 3
  },
  "k_top": 35,
  "n_samples": 1761,
  "contamination": 0.02
}