{
  "bootstrap": {
    "spearman_rho_mean": 0.9955473166623755,
    "spearman_rho_std": 0.000815321788334033,
    "jaccard_at_k_mean": 0.8278426646891609,
    "jaccard_at_k_std": 0.05713735815480777,
    "ari_mean": 0.909420983432723,
    "ari_std": 0.027398743729639755,
    "silhouette_std": 0.00884847247325633,
    "dunn_std": 0.007422264587234256,
    "dbi_std": 0.0755486752190013,
    "B": 12,
    "subsample": 0.8
  },
  "seed_sensitivity": {
    "spearman_rho_mean": 0.9986463876290247,
    "spearman_rho_std": 0.0002047751994511585,
    "trials": 3
  },
  "noise_robustness": {
    "spearman_rho_mean": 0.9982023744201348,
    "spearman_rho_std": 0.00014710801375172848,
    "sigma": 0.01,
    "trials": 3
  },
  "k_top": 35,
  "n_samples": 1761,
  "contamination": 0.02
}