{
  "contamination": 0.02,
  "methods": [
    "IF",
    "LOF",
    "PPCA_MAH",
    "OCSVM",
    "COPULA"
  ],
  "thresholds": {
    "IF": 0.5724824245853801,
    "LOF": 1.4091107394745739,
    "PPCA_MAH": 178.11471494627287,
    "OCSVM": 0.00011211266385488945,
    "COPULA": 10.945787152000579
  },
  "fused_threshold": 0.9565454545454543,
  "evals": {
    "IF": {
      "silhouette": 0.6523332023932303,
      "dunn": 0.025355753459892612,
      "dbi": 1.015204324230532
    },
    "LOF": {
      "silhouette": 0.48613103705100547,
      "dunn": 0.028135212131385423,
      "dbi": 2.424195962700357
    },
    "PPCA_MAH": {
      "silhouette": 0.6614060231225302,
      "dunn": 0.04860102119093931,
      "dbi": 0.8249443100179269
    },
    "OCSVM": {
      "silhouette": 0.5063059698471383,
      "dunn": 0.025335403454405107,
      "dbi": 2.049685353204432
    },
    "COPULA": {
      "silhouette": 0.651068485014538,
      "dunn": 0.025355753459892612,
      "dbi": 0.9209651360653833
    },
    "FUSED": {
      "silhouette": 0.6412589914885882,
      "dunn": 0.03474687770808869,
      "dbi": 1.0933606516004493
    }
  },
  "weights": {},
  "use_pca": true,
  "use_fa": false,
  "pca_components": 7
}