{
  "bootstrap": {
    "spearman_rho_mean": 0.9952203813648983,
    "spearman_rho_std": 0.000954892660993599,
    "jaccard_at_k_mean": 0.8164106218984267,
    "jaccard_at_k_std": 0.06683949411358243,
    "ari_mean": 0.8917722437091856,
    "ari_std": 0.014747004842793421,
    "silhouette_std": 0.014062304097140018,
    "dunn_std": 0.006304530836448605,
    "dbi_std": 0.03255387520127484,
    "B": 4,
    "subsample": 0.8
  },
  "seed_sensitivity": {
    "spearman_rho_mean": 0.9991472621817071,
    "spearman_rho_std": 0.0,
    "trials": 1
  },
  "noise_robustness": {
    "spearman_rho_mean": 0.998560258356964,
    "spearman_rho_std": 0.0,
    "sigma": 0.01,
    "trials": 1
  },
  "k_top": 49,
  "n_samples": 704,
  "contamination": 0.07
}