{
  "contamination": 0.07,
  "methods": [
    "IF",
    "LOF",
    "PPCA_MAH",
    "OCSVM"
  ],
  "thresholds": {
    "IF": 0.5096087178593762,
    "LOF": 1.3874453713239587,
    "PPCA_MAH": 98.68889250832855,
    "OCSVM": 2.255563245625363e-05
  },
  "fused_threshold": 0.8952631578947372,
  "evals": {
    "IF": {
      "silhouette": 0.44582740120615066,
      "dunn": 0.023737708074850566,
      "dbi": 2.224426254637563
    },
    "LOF": {
      "silhouette": 0.4420106138120757,
      "dunn": 0.026331914443199177,
      "dbi": 2.2556011673352665
    },
    "PPCA_MAH": {
      "silhouette": 0.440011068287598,
      "dunn": 0.02137780424431333,
      "dbi": 1.8196386621436853
    },
    "OCSVM": {
      "silhouette": 0.4129133004831446,
      "dunn": 0.021971001688089162,
      "dbi": 2.557795489563031
    },
    "FUSED": {
      "silhouette": 0.4647325641496536,
      "dunn": 0.011250267765929623,
      "dbi": 2.0169054309283747
    }
  },
  "weights": {},
  "use_pca": true,
  "use_fa": false,
  "pca_components": 7
}