{
  "bootstrap": {
    "spearman_rho_mean": 0.9947849498413143,
    "spearman_rho_std": 0.0013292002939822582,
    "jaccard_at_k_mean": 0.814444276653579,
    "jaccard_at_k_std": 0.02984945116187776,
    "ari_mean": 0.8803011756755056,
    "ari_std": 0.024314350572649746,
    "silhouette_std": 0.018528147105658373,
    "dunn_std": 0.006769383987461828,
    "dbi_std": 0.03797507896906133,
    "B": 4,
    "subsample": 0.8
  },
  "seed_sensitivity": {
    "spearman_rho_mean": 0.9992647900619713,
    "spearman_rho_std": 0.0,
    "trials": 1
  },
  "noise_robustness": {
    "spearman_rho_mean": 0.9989239597723469,
    "spearman_rho_std": 0.0,
    "sigma": 0.01,
    "trials": 1
  },
  "k_top": 49,
  "n_samples": 704,
  "contamination": 0.07
}