{
  "contamination": 0.08,
  "methods": [
    "IF",
    "LOF",
    "AE",
    "PPCA_MAH",
    "OCSVM",
    "COPULA"
  ],
  "thresholds": {
    "IF": 0.5302791679829375,
    "LOF": 1.2670691138250358,
    "AE": 0.13181039580447126,
    "PPCA_MAH": 561.8155269200463,
    "OCSVM": -2.8747390612336904e-05,
    "COPULA": 3.1266788338413174
  },
  "fused_threshold": 0.8616098484848483,
  "evals": {
    "IF": {
      "silhouette": 0.48677166284027074,
      "dunn": 0.015756416928731275,
      "dbi": 2.510836912417692
    },
    "LOF": {
      "silhouette": 0.36187759256062,
      "dunn": 0.016542795536776716,
      "dbi": 2.871613541361188
    },
    "AE": {
      "silhouette": 0.2541243058076593,
      "dunn": 0.015312164460485363,
      "dbi": 3.322653716113663
    },
    "PPCA_MAH": {
      "silhouette": 0.4736626464156518,
      "dunn": 0.01187388404858605,
      "dbi": 1.526659340083539
    },
    "OCSVM": {
      "silhouette": 0.44782207093052007,
      "dunn": 0.013284360807939212,
      "dbi": 2.4069776091750064
    },
    "COPULA": {
      "silhouette": 0.40862271393149474,
      "dunn": 0.011320487489984933,
      "dbi": 3.1426881898728616
    },
    "FUSED": {
      "silhouette": 0.4392960906211143,
      "dunn": 0.02341055054390994,
      "dbi": 2.274729603092329
    }
  },
  "weights": {},
  "use_pca": false,
  "use_fa": false,
  "pca_components": null
}