{
  "bootstrap": {
    "spearman_rho_mean": 0.9696183996935512,
    "spearman_rho_std": 0.009450078391707618,
    "jaccard_at_k_mean": 0.572102180584653,
    "jaccard_at_k_std": 0.05598573959533872,
    "ari_mean": 0.6889903559998642,
    "ari_std": 0.05426273754029632,
    "silhouette_std": 0.025456413343223593,
    "dunn_std": 0.009319775931129681,
    "dbi_std": 0.17307427605245965,
    "B": 12,
    "subsample": 0.8
  },
  "seed_sensitivity": {
    "spearman_rho_mean": 0.975684608940819,
    "spearman_rho_std": 0.0033810680537456287,
    "trials": 3
  },
  "noise_robustness": {
    "spearman_rho_mean": 0.9719079313979808,
    "spearman_rho_std": 0.008886208550555077,
    "sigma": 0.01,
    "trials": 3
  },
  "k_top": 70,
  "n_samples": 1761,
  "contamination": 0.04
}