{
  "contamination": 0.07,
  "methods": [
    "IF",
    "LOF",
    "AE",
    "PPCA_MAH",
    "OCSVM"
  ],
  "thresholds": {
    "IF": 0.517323755612219,
    "LOF": 1.2725067503151721,
    "AE": 0.41174192026275724,
    "PPCA_MAH": 98.68889250832855,
    "OCSVM": 2.255563245625363e-05
  },
  "fused_threshold": 0.8665576102418209,
  "evals": {
    "IF": {
      "silhouette": 0.43455877008709637,
      "dunn": 0.026472969952354142,
      "dbi": 1.9916465717938727
    },
    "LOF": {
      "silhouette": 0.2856153310773815,
      "dunn": 0.041340301921471666,
      "dbi": 4.071975567569019
    },
    "AE": {
      "silhouette": 0.3426742266119424,
      "dunn": 0.018880077496542694,
      "dbi": 2.315773427704125
    },
    "PPCA_MAH": {
      "silhouette": 0.440011068287598,
      "dunn": 0.02137780424431333,
      "dbi": 1.8196386621436853
    },
    "OCSVM": {
      "silhouette": 0.4129133004831446,
      "dunn": 0.021971001688089162,
      "dbi": 2.557795489563031
    },
    "FUSED": {
      "silhouette": 0.41092903849295853,
      "dunn": 0.02687508119925931,
      "dbi": 1.9486846241794136
    }
  },
  "weights": {},
  "use_pca": true,
  "use_fa": false,
  "pca_components": 7
}