{
  "bootstrap": {
    "spearman_rho_mean": 0.957617708165717,
    "spearman_rho_std": 0.006600264412182284,
    "jaccard_at_k_mean": 0.609102800694746,
    "jaccard_at_k_std": 0.03711237066709839,
    "ari_mean": 0.7482814234032387,
    "ari_std": 0.03002342909237275,
    "silhouette_std": 0.035122673668620284,
    "dunn_std": 0.0076345370588569985,
    "dbi_std": 0.49424043440460874,
    "B": 4,
    "subsample": 0.8
  },
  "seed_sensitivity": {
    "spearman_rho_mean": 0.9655957862850779,
    "spearman_rho_std": 0.0,
    "trials": 1
  },
  "noise_robustness": {
    "spearman_rho_mean": 0.9806798104178364,
    "spearman_rho_std": 0.0,
    "sigma": 0.01,
    "trials": 1
  },
  "k_top": 49,
  "n_samples": 704,
  "contamination": 0.07
}