{
  "contamination": 0.02,
  "methods": [
    "IF",
    "LOF",
    "AE",
    "PPCA_MAH",
    "OCSVM",
    "COPULA"
  ],
  "thresholds": {
    "IF": 0.6213612430198756,
    "LOF": 1.5535355087545102,
    "AE": 0.0059752873099435146,
    "PPCA_MAH": 146.56447780970703,
    "OCSVM": 7.419301288624737e-05,
    "COPULA": -4.200306309929945
  },
  "fused_threshold": 0.9458143939393938,
  "evals": {
    "IF": {
      "silhouette": 0.5959501380093752,
      "dunn": 0.03614336539537,
      "dbi": 1.2628185680939865
    },
    "LOF": {
      "silhouette": 0.533779217858381,
      "dunn": 0.04076871190587538,
      "dbi": 1.7501492245085573
    },
    "AE": {
      "silhouette": 0.30317164500312027,
      "dunn": 0.015187957752090342,
      "dbi": 2.5937259337287606
    },
    "PPCA_MAH": {
      "silhouette": 0.6020905243931871,
      "dunn": 0.045724965004390515,
      "dbi": 0.933826620998381
    },
    "OCSVM": {
      "silhouette": 0.49370159088043686,
      "dunn": 0.024711887787251547,
      "dbi": 2.294429391637242
    },
    "COPULA": {
      "silhouette": 0.5846351836170848,
      "dunn": 0.02128311076960288,
      "dbi": 1.198757514117958
    },
    "FUSED": {
      "silhouette": 0.5540756372725851,
      "dunn": 0.0232613253693138,
      "dbi": 1.597369399455417
    }
  },
  "weights": {},
  "use_pca": false,
  "use_fa": true,
  "pca_components": 13
}