{
  "contamination": 0.03,
  "methods": [
    "IF",
    "LOF",
    "PPCA_MAH",
    "HDBSCAN",
    "COPULA"
  ],
  "thresholds": {
    "IF": 0.554394713477697,
    "LOF": 1.4199829416033276,
    "PPCA_MAH": 164.048004101265,
    "HDBSCAN": 0.32535855167377226,
    "COPULA": 9.502366592189274
  },
  "fused_threshold": 0.9122424242424239,
  "evals": {
    "IF": {
      "silhouette": 0.616507400384062,
      "dunn": 0.025497646243604677,
      "dbi": 1.0650420950532298
    },
    "LOF": {
      "silhouette": 0.5099855030118715,
      "dunn": 0.04528386796817325,
      "dbi": 1.762520818123748
    },
    "PPCA_MAH": {
      "silhouette": 0.619943507695344,
      "dunn": 0.047607136953122985,
      "dbi": 0.806789080858506
    },
    "HDBSCAN": {
      "silhouette": 0.3205517551936361,
      "dunn": 0.006133371853649681,
      "dbi": 2.620634135701545
    },
    "COPULA": {
      "silhouette": 0.6045558804440132,
      "dunn": 0.02050852223463924,
      "dbi": 1.026592139090731
    },
    "FUSED": {
      "silhouette": 0.5495824958957344,
      "dunn": 0.03858055887683205,
      "dbi": 1.4923832769366323
    }
  },
  "weights": {},
  "use_pca": true,
  "use_fa": false,
  "pca_components": 7
}