{
  "bootstrap": {
    "spearman_rho_mean": 0.9645131233417987,
    "spearman_rho_std": 0.002537164097524653,
    "jaccard_at_k_mean": 0.6613850692798061,
    "jaccard_at_k_std": 0.0336026208071417,
    "ari_mean": 0.7906216438286081,
    "ari_std": 0.05947215139050742,
    "silhouette_std": 0.02501179591612046,
    "dunn_std": 0.004862433211017738,
    "dbi_std": 0.16109961627862893,
    "B": 6,
    "subsample": 0.8
  },
  "seed_sensitivity": {
    "spearman_rho_mean": 0.9979657289329881,
    "spearman_rho_std": 4.4232229458707195e-05,
    "trials": 2
  },
  "noise_robustness": {
    "spearman_rho_mean": 0.9801415728803204,
    "spearman_rho_std": 4.5727439235698775e-06,
    "sigma": 0.01,
    "trials": 2
  },
  "k_top": 39,
  "n_samples": 1321,
  "contamination": 0.03
}