{
  "bootstrap": {
    "spearman_rho_mean": 0.9642279079027561,
    "spearman_rho_std": 0.0022841553650763966,
    "jaccard_at_k_mean": 0.6544125096756676,
    "jaccard_at_k_std": 0.04228319980164203,
    "ari_mean": 0.7906216438286081,
    "ari_std": 0.05947215139050742,
    "silhouette_std": 0.025576839380975994,
    "dunn_std": 0.004862433211017738,
    "dbi_std": 0.16021803850923044,
    "B": 6,
    "subsample": 0.8
  },
  "seed_sensitivity": {
    "spearman_rho_mean": 0.9979570536902043,
    "spearman_rho_std": 4.3780610684052146e-05,
    "trials": 2
  },
  "noise_robustness": {
    "spearman_rho_mean": 0.9801399691593241,
    "spearman_rho_std": 1.3154144942406631e-05,
    "sigma": 0.01,
    "trials": 2
  },
  "k_top": 39,
  "n_samples": 1321,
  "contamination": 0.03
}