{
  "bootstrap": {
    "spearman_rho_mean": 0.9674401640532738,
    "spearman_rho_std": 0.0035710543108859157,
    "jaccard_at_k_mean": 0.6278912738155357,
    "jaccard_at_k_std": 0.07408472062287648,
    "ari_mean": 0.745517570811303,
    "ari_std": 0.05314318474302873,
    "silhouette_std": 0.03223772755560702,
    "dunn_std": 0.006897084694993559,
    "dbi_std": 0.14776887330761296,
    "B": 6,
    "subsample": 0.8
  },
  "seed_sensitivity": {
    "spearman_rho_mean": 0.9981369003991781,
    "spearman_rho_std": 0.00021006920369204263,
    "trials": 2
  },
  "noise_robustness": {
    "spearman_rho_mean": 0.9829272735954907,
    "spearman_rho_std": 0.00018483987442574623,
    "sigma": 0.01,
    "trials": 2
  },
  "k_top": 39,
  "n_samples": 1321,
  "contamination": 0.03
}