{
  "contamination": 0.02,
  "methods": [
    "IF",
    "LOF",
    "AE",
    "PPCA_MAH",
    "HDBSCAN",
    "COPULA"
  ],
  "thresholds": {
    "IF": 0.6227560286748144,
    "LOF": 1.5535355087545102,
    "AE": 0.0059752873099435146,
    "PPCA_MAH": 146.56447780970703,
    "HDBSCAN": 0.7739523555312604,
    "COPULA": -4.200306309929945
  },
  "fused_threshold": 0.9503030303030302,
  "evals": {
    "IF": {
      "silhouette": 0.5979129754875644,
      "dunn": 0.044563102117791575,
      "dbi": 1.1688352694585387
    },
    "LOF": {
      "silhouette": 0.533779217858381,
      "dunn": 0.04076871190587538,
      "dbi": 1.7501492245085573
    },
    "AE": {
      "silhouette": 0.30317164500312027,
      "dunn": 0.015187957752090342,
      "dbi": 2.5937259337287606
    },
    "PPCA_MAH": {
      "silhouette": 0.6020905243931871,
      "dunn": 0.045724965004390515,
      "dbi": 0.933826620998381
    },
    "HDBSCAN": {
      "silhouette": 0.5928423380992401,
      "dunn": 0.045724965004390515,
      "dbi": 1.1855005849258704
    },
    "COPULA": {
      "silhouette": 0.5846351836170848,
      "dunn": 0.02128311076960288,
      "dbi": 1.198757514117958
    },
    "FUSED": {
      "silhouette": 0.5628875963470696,
      "dunn": 0.03218842668278137,
      "dbi": 1.416191116210383
    }
  },
  "weights": {},
  "use_pca": false,
  "use_fa": true,
  "pca_components": 13
}