{
  "contamination": 0.03,
  "methods": [
    "IF",
    "LOF",
    "PPCA_MAH",
    "OCSVM",
    "HDBSCAN",
    "COPULA"
  ],
  "thresholds": {
    "IF": 0.5604996177067822,
    "LOF": 1.4651398547457999,
    "PPCA_MAH": 164.048004101265,
    "OCSVM": 3.5584388771957034e-05,
    "HDBSCAN": 0.6249542476485115,
    "COPULA": 9.502366592189274
  },
  "fused_threshold": 0.9491161616161614,
  "evals": {
    "IF": {
      "silhouette": 0.6155971545530333,
      "dunn": 0.025497646243604677,
      "dbi": 1.0466582273091052
    },
    "LOF": {
      "silhouette": 0.5516429972515119,
      "dunn": 0.041060804599676905,
      "dbi": 1.4041320766154048
    },
    "PPCA_MAH": {
      "silhouette": 0.619943507695344,
      "dunn": 0.047607136953122985,
      "dbi": 0.806789080858506
    },
    "OCSVM": {
      "silhouette": 0.4844940398638919,
      "dunn": 0.020460358061029287,
      "dbi": 1.9343326690816316
    },
    "HDBSCAN": {
      "silhouette": 0.6137705834524443,
      "dunn": 0.04674495085872215,
      "dbi": 1.007733719128302
    },
    "COPULA": {
      "silhouette": 0.6045558804440132,
      "dunn": 0.02050852223463924,
      "dbi": 1.026592139090731
    },
    "FUSED": {
      "silhouette": 0.601711667089066,
      "dunn": 0.04575355895339471,
      "dbi": 1.2200723106055158
    }
  },
  "weights": {},
  "use_pca": true,
  "use_fa": false,
  "pca_components": 7
}