{
  "bootstrap": {
    "spearman_rho_mean": 0.982434031767836,
    "spearman_rho_std": 0.004338595186437781,
    "jaccard_at_k_mean": 0.8805704099821746,
    "jaccard_at_k_std": 0.058850531262813484,
    "ari_mean": 0.9167003290653843,
    "ari_std": 0.03216623824539418,
    "silhouette_std": 0.006940279753319183,
    "dunn_std": 0.009067504316238775,
    "dbi_std": 0.03526352516157915,
    "B": 6,
    "subsample": 0.8
  },
  "seed_sensitivity": {
    "spearman_rho_mean": 0.99928448185503,
    "spearman_rho_std": 1.5141223918546665e-05,
    "trials": 2
  },
  "noise_robustness": {
    "spearman_rho_mean": 0.9867889821374364,
    "spearman_rho_std": 0.0010601365783229344,
    "sigma": 0.01,
    "trials": 2
  },
  "k_top": 39,
  "n_samples": 1321,
  "contamination": 0.03
}