{
  "bootstrap": {
    "spearman_rho_mean": 0.9828835981877599,
    "spearman_rho_std": 0.005607785088393413,
    "jaccard_at_k_mean": 0.8728399187958011,
    "jaccard_at_k_std": 0.0792626153543423,
    "ari_mean": 0.9259327075778928,
    "ari_std": 0.03861415785171064,
    "silhouette_std": 0.00814978041712544,
    "dunn_std": 0.009104310972046694,
    "dbi_std": 0.052377892937781806,
    "B": 6,
    "subsample": 0.8
  },
  "seed_sensitivity": {
    "spearman_rho_mean": 0.9994269943900247,
    "spearman_rho_std": 3.68376247203428e-05,
    "trials": 2
  },
  "noise_robustness": {
    "spearman_rho_mean": 0.9958766856917349,
    "spearman_rho_std": 0.0003175185812565595,
    "sigma": 0.01,
    "trials": 2
  },
  "k_top": 39,
  "n_samples": 1321,
  "contamination": 0.03
}