{
  "bootstrap": {
    "spearman_rho_mean": 0.9846551065234781,
    "spearman_rho_std": 0.004757071129417533,
    "jaccard_at_k_mean": 0.8995098039215685,
    "jaccard_at_k_std": 0.05372625053133084,
    "ari_mean": 0.9369925542541836,
    "ari_std": 0.03118174984269014,
    "silhouette_std": 0.007611233491655219,
    "dunn_std": 0.0071148477009321575,
    "dbi_std": 0.040706895680435465,
    "B": 6,
    "subsample": 0.8
  },
  "seed_sensitivity": {
    "spearman_rho_mean": 0.9994197559868353,
    "spearman_rho_std": 4.6971679379614883e-05,
    "trials": 2
  },
  "noise_robustness": {
    "spearman_rho_mean": 0.9958689613486231,
    "spearman_rho_std": 0.00032136097588431056,
    "sigma": 0.01,
    "trials": 2
  },
  "k_top": 39,
  "n_samples": 1321,
  "contamination": 0.03
}