{
  "bootstrap": {
    "spearman_rho_mean": 0.9793080381239718,
    "spearman_rho_std": 0.002517947176377343,
    "jaccard_at_k_mean": 0.6973443223443223,
    "jaccard_at_k_std": 0.09273419369722606,
    "ari_mean": 0.8222318540506266,
    "ari_std": 0.06649142605409904,
    "silhouette_std": 0.04058450666047132,
    "dunn_std": 0.012609759189894147,
    "dbi_std": 0.25250673753448005,
    "B": 4,
    "subsample": 0.8
  },
  "seed_sensitivity": {
    "spearman_rho_mean": 0.9818935696603592,
    "spearman_rho_std": 0.0,
    "trials": 1
  },
  "noise_robustness": {
    "spearman_rho_mean": 0.9897957223649172,
    "spearman_rho_std": 0.0,
    "sigma": 0.01,
    "trials": 1
  },
  "k_top": 14,
  "n_samples": 704,
  "contamination": 0.02
}