{
  "contamination": 0.02,
  "methods": [
    "IF",
    "LOF",
    "AE",
    "PPCA_MAH",
    "OCSVM",
    "COPULA"
  ],
  "thresholds": {
    "IF": 0.5875309925886741,
    "LOF": 1.510031490333636,
    "AE": 0.7984710836322405,
    "PPCA_MAH": 139.69261641875426,
    "OCSVM": 0.00014920238350381207,
    "COPULA": 10.527530170584743
  },
  "fused_threshold": 0.9608914177335228,
  "evals": {
    "IF": {
      "silhouette": 0.598326149785834,
      "dunn": 0.0598056618817088,
      "dbi": 1.0906010448031678
    },
    "LOF": {
      "silhouette": 0.5309770129417828,
      "dunn": 0.04436568622544537,
      "dbi": 1.6660879156853028
    },
    "AE": {
      "silhouette": 0.4707611920344971,
      "dunn": 0.058823751955512336,
      "dbi": 1.8676258560778678
    },
    "PPCA_MAH": {
      "silhouette": 0.5820397609438163,
      "dunn": 0.07554131307016601,
      "dbi": 1.1054375241177512
    },
    "OCSVM": {
      "silhouette": 0.3153672513071815,
      "dunn": 0.029125144518408176,
      "dbi": 4.1924723441547584
    },
    "COPULA": {
      "silhouette": 0.5994130564966423,
      "dunn": 0.04759024020402728,
      "dbi": 1.0776113016721083
    },
    "FUSED": {
      "silhouette": 0.5843604635976416,
      "dunn": 0.04759024020402728,
      "dbi": 1.1755624873707315
    }
  },
  "weights": {},
  "use_pca": true,
  "use_fa": false,
  "pca_components": 7
}