{
  "bootstrap": {
    "spearman_rho_mean": 0.9785353021757267,
    "spearman_rho_std": 0.0024888668191645857,
    "jaccard_at_k_mean": 0.6620879120879121,
    "jaccard_at_k_std": 0.05234219473422432,
    "ari_mean": 0.8402026300136587,
    "ari_std": 0.04737035275036384,
    "silhouette_std": 0.04344014684167422,
    "dunn_std": 0.014978630845917851,
    "dbi_std": 0.24316484685495207,
    "B": 4,
    "subsample": 0.8
  },
  "seed_sensitivity": {
    "spearman_rho_mean": 0.9813195188058346,
    "spearman_rho_std": 0.0,
    "trials": 1
  },
  "noise_robustness": {
    "spearman_rho_mean": 0.9910906870948101,
    "spearman_rho_std": 0.0,
    "sigma": 0.01,
    "trials": 1
  },
  "k_top": 14,
  "n_samples": 704,
  "contamination": 0.02
}