{
  "bootstrap": {
    "spearman_rho_mean": 0.9300053675348066,
    "spearman_rho_std": 0.004916838865370703,
    "jaccard_at_k_mean": 0.5198693388348561,
    "jaccard_at_k_std": 0.05276784360265384,
    "ari_mean": 0.6904659642110144,
    "ari_std": 0.05635380434114319,
    "silhouette_std": 0.01714538170296432,
    "dunn_std": 0.012585014337825844,
    "dbi_std": 0.13553904783992152,
    "B": 6,
    "subsample": 0.8
  },
  "seed_sensitivity": {
    "spearman_rho_mean": 0.9877898192456361,
    "spearman_rho_std": 0.0011369968259445917,
    "trials": 2
  },
  "noise_robustness": {
    "spearman_rho_mean": 0.9663003897029051,
    "spearman_rho_std": 0.004726255194135942,
    "sigma": 0.01,
    "trials": 2
  },
  "k_top": 26,
  "n_samples": 1321,
  "contamination": 0.02
}