{
  "contamination": 0.02,
  "methods": [
    "IF",
    "LOF",
    "AE",
    "PPCA_MAH",
    "HDBSCAN"
  ],
  "thresholds": {
    "IF": 0.6032821111866082,
    "LOF": 1.4177081118325896,
    "AE": 0.23601962197304338,
    "PPCA_MAH": 2424.287271498077,
    "HDBSCAN": 0.34422493512206054
  },
  "fused_threshold": 0.9013939393939393,
  "evals": {
    "IF": {
      "silhouette": 0.6509300404894884,
      "dunn": 0.0505332805981658,
      "dbi": 0.9806975637915736
    },
    "LOF": {
      "silhouette": 0.43316488665838226,
      "dunn": 0.04471954226347955,
      "dbi": 2.535893203850054
    },
    "AE": {
      "silhouette": 0.35059291785891133,
      "dunn": 0.04300947558589297,
      "dbi": 2.8556258840761757
    },
    "PPCA_MAH": {
      "silhouette": 0.6341229435960278,
      "dunn": 0.05477208523124067,
      "dbi": 0.8283092563067598
    },
    "HDBSCAN": {
      "silhouette": 0.3763297589010929,
      "dunn": 0.008314062004092272,
      "dbi": 2.4268892517246012
    },
    "FUSED": {
      "silhouette": 0.5965057579605278,
      "dunn": 0.03255725075234519,
      "dbi": 1.2900284885820303
    }
  },
  "weights": {},
  "use_pca": false,
  "use_fa": false,
  "pca_components": null
}