{
  "contamination": 0.1,
  "methods": [
    "IF",
    "LOF",
    "PPCA_MAH",
    "OCSVM"
  ],
  "thresholds": {
    "IF": 0.517311814032924,
    "LOF": 1.2445154265305267,
    "PPCA_MAH": 323.8304073480155,
    "OCSVM": -7.187659562646331e-06
  },
  "fused_threshold": 0.8632102272727272,
  "evals": {
    "IF": {
      "silhouette": 0.45386157050001064,
      "dunn": 0.015756416928731275,
      "dbi": 2.589805826887497
    },
    "LOF": {
      "silhouette": 0.3299028969128849,
      "dunn": 0.016542795536776716,
      "dbi": 2.988321900734944
    },
    "PPCA_MAH": {
      "silhouette": 0.4318739908917696,
      "dunn": 0.011698233315352148,
      "dbi": 1.6746172506812709
    },
    "OCSVM": {
      "silhouette": 0.41501764511118605,
      "dunn": 0.010512031693239816,
      "dbi": 2.6477540680918548
    },
    "FUSED": {
      "silhouette": 0.42764430163083283,
      "dunn": 0.013284360807939212,
      "dbi": 2.344727071957129
    }
  },
  "weights": {},
  "use_pca": false,
  "use_fa": false,
  "pca_components": null
}