{
  "bootstrap": {
    "spearman_rho_mean": 0.9956142236640996,
    "spearman_rho_std": 0.0011581227071453502,
    "jaccard_at_k_mean": 0.8731392163218373,
    "jaccard_at_k_std": 0.020692377075563987,
    "ari_mean": 0.9007392261131856,
    "ari_std": 0.014547725470230448,
    "silhouette_std": 0.008589059194177346,
    "dunn_std": 0.001186493834839655,
    "dbi_std": 0.10286853142745564,
    "B": 12,
    "subsample": 0.8
  },
  "seed_sensitivity": {
    "spearman_rho_mean": 0.9984151770886087,
    "spearman_rho_std": 9.590344525523507e-05,
    "trials": 3
  },
  "noise_robustness": {
    "spearman_rho_mean": 0.9951470698617332,
    "spearman_rho_std": 0.00031563118868790875,
    "sigma": 0.01,
    "trials": 3
  },
  "k_top": 176,
  "n_samples": 1761,
  "contamination": 0.1
}