{
  "bootstrap": {
    "spearman_rho_mean": 0.9619232514340115,
    "spearman_rho_std": 0.004035713897487584,
    "jaccard_at_k_mean": 0.7128571428571429,
    "jaccard_at_k_std": 0.08165382378538995,
    "ari_mean": 0.803930822950555,
    "ari_std": 0.05370976734463038,
    "silhouette_std": 0.03894525340654135,
    "dunn_std": 0.0110423905597756,
    "dbi_std": 0.3716121968688264,
    "B": 4,
    "subsample": 0.8
  },
  "seed_sensitivity": {
    "spearman_rho_mean": 0.9987260046591787,
    "spearman_rho_std": 0.0,
    "trials": 1
  },
  "noise_robustness": {
    "spearman_rho_mean": 0.9910424036224112,
    "spearman_rho_std": 0.0,
    "sigma": 0.01,
    "trials": 1
  },
  "k_top": 28,
  "n_samples": 704,
  "contamination": 0.04
}