{
  "bootstrap": {
    "spearman_rho_mean": 0.9606886309268483,
    "spearman_rho_std": 0.002828767887580462,
    "jaccard_at_k_mean": 0.7614102564102565,
    "jaccard_at_k_std": 0.049880033595410614,
    "ari_mean": 0.8145963790771449,
    "ari_std": 0.053048946956502196,
    "silhouette_std": 0.0408256609336989,
    "dunn_std": 0.012673261022225038,
    "dbi_std": 0.353964137478291,
    "B": 4,
    "subsample": 0.8
  },
  "seed_sensitivity": {
    "spearman_rho_mean": 0.9988132153817109,
    "spearman_rho_std": 0.0,
    "trials": 1
  },
  "noise_robustness": {
    "spearman_rho_mean": 0.9936305984404243,
    "spearman_rho_std": 0.0,
    "sigma": 0.01,
    "trials": 1
  },
  "k_top": 28,
  "n_samples": 704,
  "contamination": 0.04
}