{
  "contamination": 0.04,
  "methods": [
    "IF",
    "LOF",
    "PPCA_MAH",
    "HDBSCAN"
  ],
  "thresholds": {
    "IF": 0.5369117354847177,
    "LOF": 1.3301460201655246,
    "PPCA_MAH": 110.06252194481392,
    "HDBSCAN": 0.4237959394475972
  },
  "fused_threshold": 0.9000853485064013,
  "evals": {
    "IF": {
      "silhouette": 0.5227295624888341,
      "dunn": 0.038310204839555065,
      "dbi": 1.5780881568115368
    },
    "LOF": {
      "silhouette": 0.35510665179967194,
      "dunn": 0.049347287557839056,
      "dbi": 3.2601433227008245
    },
    "PPCA_MAH": {
      "silhouette": 0.530050382042549,
      "dunn": 0.0342563007203361,
      "dbi": 1.2684079778566424
    },
    "HDBSCAN": {
      "silhouette": 0.5391710314722006,
      "dunn": 0.04061602399669866,
      "dbi": 1.2492620823332574
    },
    "FUSED": {
      "silhouette": 0.5103291167358827,
      "dunn": 0.0598056618817088,
      "dbi": 1.664904955157735
    }
  },
  "weights": {},
  "use_pca": true,
  "use_fa": false,
  "pca_components": 7
}