{
  "bootstrap": {
    "spearman_rho_mean": 0.9951588503983485,
    "spearman_rho_std": 0.000577906583785819,
    "jaccard_at_k_mean": 0.9151220834100987,
    "jaccard_at_k_std": 0.03349464272596193,
    "ari_mean": 0.9471236645659354,
    "ari_std": 0.01641330154516912,
    "silhouette_std": 0.006910474351885859,
    "dunn_std": 0.0025590027372543833,
    "dbi_std": 0.08401541675746761,
    "B": 12,
    "subsample": 0.8
  },
  "seed_sensitivity": {
    "spearman_rho_mean": 0.9990161518527838,
    "spearman_rho_std": 4.839341180474908e-05,
    "trials": 3
  },
  "noise_robustness": {
    "spearman_rho_mean": 0.9064283319240517,
    "spearman_rho_std": 0.005463731329326793,
    "sigma": 0.01,
    "trials": 3
  },
  "k_top": 176,
  "n_samples": 1761,
  "contamination": 0.1
}