{
  "bootstrap": {
    "spearman_rho_mean": 0.9831508608867913,
    "spearman_rho_std": 0.0009280201584469832,
    "jaccard_at_k_mean": 0.7293285786881613,
    "jaccard_at_k_std": 0.05588615875908364,
    "ari_mean": 0.8330616878240401,
    "ari_std": 0.03519082966882632,
    "silhouette_std": 0.010085494564709497,
    "dunn_std": 0.007337953324564635,
    "dbi_std": 0.16953996445272662,
    "B": 12,
    "subsample": 0.8
  },
  "seed_sensitivity": {
    "spearman_rho_mean": 0.9984368285631353,
    "spearman_rho_std": 0.0003737467945224739,
    "trials": 3
  },
  "noise_robustness": {
    "spearman_rho_mean": 0.8231505613049036,
    "spearman_rho_std": 0.005778064023656638,
    "sigma": 0.01,
    "trials": 3
  },
  "k_top": 70,
  "n_samples": 1761,
  "contamination": 0.04
}