{
  "bootstrap": {
    "spearman_rho_mean": 0.9921243501395691,
    "spearman_rho_std": 0.0011958388474435653,
    "jaccard_at_k_mean": 0.7932795698924732,
    "jaccard_at_k_std": 0.04823227920743768,
    "ari_mean": 0.8684822286241598,
    "ari_std": 0.01722329810294849,
    "silhouette_std": 0.024908418631381577,
    "dunn_std": 0.008490169115192014,
    "dbi_std": 0.08082190075229329,
    "B": 4,
    "subsample": 0.8
  },
  "seed_sensitivity": {
    "spearman_rho_mean": 0.9973555197832598,
    "spearman_rho_std": 0.0,
    "trials": 1
  },
  "noise_robustness": {
    "spearman_rho_mean": 0.9966762149357851,
    "spearman_rho_std": 0.0,
    "sigma": 0.01,
    "trials": 1
  },
  "k_top": 35,
  "n_samples": 704,
  "contamination": 0.05
}