{
  "contamination": 0.05,
  "methods": [
    "IF",
    "LOF",
    "PPCA_MAH"
  ],
  "thresholds": {
    "IF": 0.5297592242348261,
    "LOF": 1.3760294114703377,
    "PPCA_MAH": 105.0427339178678
  },
  "fused_threshold": 0.9194404931247038,
  "evals": {
    "IF": {
      "silhouette": 0.49579808374597184,
      "dunn": 0.018575417022873505,
      "dbi": 1.8255041083394976
    },
    "LOF": {
      "silhouette": 0.4267572099036476,
      "dunn": 0.040143263217251535,
      "dbi": 2.3268773104512133
    },
    "PPCA_MAH": {
      "silhouette": 0.4963162703732571,
      "dunn": 0.029934879077704844,
      "dbi": 1.6860255669541717
    },
    "FUSED": {
      "silhouette": 0.4987134133237023,
      "dunn": 0.018880077496542694,
      "dbi": 1.8168475149265075
    }
  },
  "weights": {},
  "use_pca": true,
  "use_fa": false,
  "pca_components": 7
}