{
  "bootstrap": {
    "spearman_rho_mean": 0.9909679459666704,
    "spearman_rho_std": 0.0022362724896279242,
    "jaccard_at_k_mean": 0.8516129032258065,
    "jaccard_at_k_std": 0.02607388312469281,
    "ari_mean": 0.8987096111962669,
    "ari_std": 0.028232229074409892,
    "silhouette_std": 0.028473693730023248,
    "dunn_std": 0.008735925534528918,
    "dbi_std": 0.10833439012015722,
    "B": 4,
    "subsample": 0.8
  },
  "seed_sensitivity": {
    "spearman_rho_mean": 0.9965186958047151,
    "spearman_rho_std": 0.0,
    "trials": 1
  },
  "noise_robustness": {
    "spearman_rho_mean": 0.9973894308715974,
    "spearman_rho_std": 0.0,
    "sigma": 0.01,
    "trials": 1
  },
  "k_top": 35,
  "n_samples": 704,
  "contamination": 0.05
}