{
  "contamination": 0.1,
  "methods": [
    "IF",
    "LOF",
    "AE",
    "PPCA_MAH",
    "HDBSCAN",
    "COPULA"
  ],
  "thresholds": {
    "IF": 0.5140855852147942,
    "LOF": 1.2592781865404403,
    "AE": 0.0020451200429698734,
    "PPCA_MAH": 34.580643714319216,
    "HDBSCAN": 0.58086670064096,
    "COPULA": -8.147901973526858
  },
  "fused_threshold": 0.8395833333333332,
  "evals": {
    "IF": {
      "silhouette": 0.4072635387177772,
      "dunn": 0.013545328697251153,
      "dbi": 2.7657917152387737
    },
    "LOF": {
      "silhouette": 0.32717744108578567,
      "dunn": 0.006831102998499142,
      "dbi": 2.865477339714452
    },
    "AE": {
      "silhouette": 0.18667288023023423,
      "dunn": 0.009694663337082963,
      "dbi": 4.136463971452428
    },
    "PPCA_MAH": {
      "silhouette": 0.41122348094195427,
      "dunn": 0.009410138502671833,
      "dbi": 2.1903143341632605
    },
    "HDBSCAN": {
      "silhouette": 0.40219961476917293,
      "dunn": 0.020586259157216347,
      "dbi": 2.369034781014145
    },
    "COPULA": {
      "silhouette": 0.3916671540000097,
      "dunn": 0.013796455708172246,
      "dbi": 2.7421571651919368
    },
    "FUSED": {
      "silhouette": 0.39353988503656656,
      "dunn": 0.01691134081625223,
      "dbi": 2.590610345961847
    }
  },
  "weights": {},
  "use_pca": false,
  "use_fa": true,
  "pca_components": 13
}