{
  "contamination": 0.04,
  "methods": [
    "IF",
    "LOF",
    "PPCA_MAH",
    "OCSVM"
  ],
  "thresholds": {
    "IF": 0.5749845254408562,
    "LOF": 1.4003381620664304,
    "PPCA_MAH": 78.55657277654946,
    "OCSVM": 4.672103308251509e-05
  },
  "fused_threshold": 0.9311079545454546,
  "evals": {
    "IF": {
      "silhouette": 0.5267156591878266,
      "dunn": 0.020219593064112227,
      "dbi": 1.7085127017100372
    },
    "LOF": {
      "silhouette": 0.44422860399304503,
      "dunn": 0.028053861395365854,
      "dbi": 2.0835831631740396
    },
    "PPCA_MAH": {
      "silhouette": 0.53205463011226,
      "dunn": 0.027325595437935866,
      "dbi": 1.30234363528601
    },
    "OCSVM": {
      "silhouette": 0.47615992486013375,
      "dunn": 0.010297013455226255,
      "dbi": 2.466564715230509
    },
    "FUSED": {
      "silhouette": 0.5080038671639902,
      "dunn": 0.024768871445517277,
      "dbi": 1.9043265351099028
    }
  },
  "weights": {},
  "use_pca": false,
  "use_fa": true,
  "pca_components": 13
}