{
  "contamination": 0.02,
  "methods": [
    "IF",
    "LOF",
    "PPCA_MAH"
  ],
  "thresholds": {
    "IF": 0.5754432406029093,
    "LOF": 1.4749379305660477,
    "PPCA_MAH": 187.91664234926176
  },
  "fused_threshold": 0.9703409090909089,
  "evals": {
    "IF": {
      "silhouette": 0.6620342557593875,
      "dunn": 0.04365908059285007,
      "dbi": 0.8406256920934464
    },
    "LOF": {
      "silhouette": 0.5851149450767302,
      "dunn": 0.03992672731453305,
      "dbi": 1.4970064072131688
    },
    "PPCA_MAH": {
      "silhouette": 0.6638522394654176,
      "dunn": 0.04860102119093928,
      "dbi": 0.8117841558764
    },
    "FUSED": {
      "silhouette": 0.6553642523941691,
      "dunn": 0.025436213833530716,
      "dbi": 0.8915835631743946
    }
  },
  "weights": {},
  "use_pca": true,
  "use_fa": true,
  "pca_components": 7
}