{
  "contamination": 0.02,
  "methods": [
    "IF",
    "LOF",
    "PPCA_MAH",
    "HDBSCAN",
    "COPULA"
  ],
  "thresholds": {
    "IF": 0.6197752771639413,
    "LOF": 1.5610945697975314,
    "PPCA_MAH": 96.42566145525637,
    "HDBSCAN": 0.7615411228900747,
    "COPULA": -4.266146428641369
  },
  "fused_threshold": 0.9686969696969697,
  "evals": {
    "IF": {
      "silhouette": 0.5801694815528021,
      "dunn": 0.02109566943223123,
      "dbi": 1.177259732254059
    },
    "LOF": {
      "silhouette": 0.5092498241394527,
      "dunn": 0.03888278992251114,
      "dbi": 1.838458263348818
    },
    "PPCA_MAH": {
      "silhouette": 0.5945164090824011,
      "dunn": 0.04046729057091139,
      "dbi": 0.878718137847336
    },
    "HDBSCAN": {
      "silhouette": 0.5898620226930332,
      "dunn": 0.03398468216638422,
      "dbi": 0.9319879677825852
    },
    "COPULA": {
      "silhouette": 0.5681437934720888,
      "dunn": 0.021023517454401872,
      "dbi": 1.2022440185795369
    },
    "FUSED": {
      "silhouette": 0.5849183726633248,
      "dunn": 0.0453005728126393,
      "dbi": 1.0058162895036675
    }
  },
  "weights": {},
  "use_pca": false,
  "use_fa": true,
  "pca_components": 13
}