{
  "bootstrap": {
    "spearman_rho_mean": 0.9851597195288644,
    "spearman_rho_std": 0.0011285947555539346,
    "jaccard_at_k_mean": 0.8675889328063241,
    "jaccard_at_k_std": 0.04150197628458496,
    "ari_mean": 0.93838031950623,
    "ari_std": 0.03170526461039629,
    "silhouette_std": 0.007442421102748364,
    "dunn_std": 0.010418851222016098,
    "dbi_std": 0.037538802568629244,
    "B": 6,
    "subsample": 0.8
  },
  "seed_sensitivity": {
    "spearman_rho_mean": 0.9987310779942848,
    "spearman_rho_std": 0.00018857713273345844,
    "trials": 2
  },
  "noise_robustness": {
    "spearman_rho_mean": 0.8334070307162778,
    "spearman_rho_std": 0.009033449979623465,
    "sigma": 0.01,
    "trials": 2
  },
  "k_top": 26,
  "n_samples": 1321,
  "contamination": 0.02
}