{
  "bootstrap": {
    "spearman_rho_mean": 0.9889295164838031,
    "spearman_rho_std": 0.002281433281620604,
    "jaccard_at_k_mean": 0.7888888888888889,
    "jaccard_at_k_std": 0.14185717038670784,
    "ari_mean": 0.8157851654257586,
    "ari_std": 0.03728896563503969,
    "silhouette_std": 0.041713843269851204,
    "dunn_std": 0.009244581426818483,
    "dbi_std": 0.11247747157376031,
    "B": 4,
    "subsample": 0.8
  },
  "seed_sensitivity": {
    "spearman_rho_mean": 0.9948230672606195,
    "spearman_rho_std": 0.0,
    "trials": 1
  },
  "noise_robustness": {
    "spearman_rho_mean": 0.9951544389475493,
    "spearman_rho_std": 0.0,
    "sigma": 0.01,
    "trials": 1
  },
  "k_top": 21,
  "n_samples": 704,
  "contamination": 0.03
}