{
  "contamination": 0.03,
  "methods": [
    "IF",
    "LOF",
    "PPCA_MAH",
    "OCSVM"
  ],
  "thresholds": {
    "IF": 0.5549424261387272,
    "LOF": 1.4165012063678348,
    "PPCA_MAH": 122.03422683068318,
    "OCSVM": 7.762990740658799e-05
  },
  "fused_threshold": 0.9287802275960171,
  "evals": {
    "IF": {
      "silhouette": 0.5503929924911777,
      "dunn": 0.038310204839555065,
      "dbi": 1.6021451808381908
    },
    "LOF": {
      "silhouette": 0.4562246104896523,
      "dunn": 0.04759024020402728,
      "dbi": 2.2340734301035146
    },
    "PPCA_MAH": {
      "silhouette": 0.5570322079351896,
      "dunn": 0.04703393309996374,
      "dbi": 1.255227849627813
    },
    "OCSVM": {
      "silhouette": 0.44045063461208883,
      "dunn": 0.022424212856614483,
      "dbi": 2.488584042590307
    },
    "FUSED": {
      "silhouette": 0.5402877624419201,
      "dunn": 0.04436568622544537,
      "dbi": 1.564820491657138
    }
  },
  "weights": {},
  "use_pca": true,
  "use_fa": false,
  "pca_components": 7
}