{
  "bootstrap": {
    "spearman_rho_mean": 0.9668763151284072,
    "spearman_rho_std": 0.0036724703152482027,
    "jaccard_at_k_mean": 0.5672672672672672,
    "jaccard_at_k_std": 0.03594959602743286,
    "ari_mean": 0.6706467932538769,
    "ari_std": 0.03657458955697701,
    "silhouette_std": 0.021823785586533754,
    "dunn_std": 0.006917208746511039,
    "dbi_std": 0.23321961527209964,
    "B": 4,
    "subsample": 0.8
  },
  "seed_sensitivity": {
    "spearman_rho_mean": 0.9713688615163878,
    "spearman_rho_std": 0.0,
    "trials": 1
  },
  "noise_robustness": {
    "spearman_rho_mean": 0.8378526763736525,
    "spearman_rho_std": 0.0,
    "sigma": 0.01,
    "trials": 1
  },
  "k_top": 35,
  "n_samples": 704,
  "contamination": 0.05
}