{
  "bootstrap": {
    "spearman_rho_mean": 0.96654863028271,
    "spearman_rho_std": 0.001917610095187688,
    "jaccard_at_k_mean": 0.5808393532851738,
    "jaccard_at_k_std": 0.07226951557565357,
    "ari_mean": 0.693352624872364,
    "ari_std": 0.04637070585797389,
    "silhouette_std": 0.02399879341363003,
    "dunn_std": 0.005554182375912032,
    "dbi_std": 0.27082116766602754,
    "B": 4,
    "subsample": 0.8
  },
  "seed_sensitivity": {
    "spearman_rho_mean": 0.968269834143759,
    "spearman_rho_std": 0.0,
    "trials": 1
  },
  "noise_robustness": {
    "spearman_rho_mean": 0.8433073254732633,
    "spearman_rho_std": 0.0,
    "sigma": 0.01,
    "trials": 1
  },
  "k_top": 35,
  "n_samples": 704,
  "contamination": 0.05
}