{
  "contamination": 0.05,
  "methods": [
    "IF",
    "LOF",
    "AE",
    "PPCA_MAH",
    "OCSVM"
  ],
  "thresholds": {
    "IF": 0.5541863013627857,
    "LOF": 1.3079418829986142,
    "AE": 0.01971598808080612,
    "PPCA_MAH": 35.71851409401288,
    "OCSVM": 9.566461930110993e-06
  },
  "fused_threshold": 0.8699431009957325,
  "evals": {
    "IF": {
      "silhouette": 0.475076351534843,
      "dunn": 0.011136813177157699,
      "dbi": 2.2110343167770696
    },
    "LOF": {
      "silhouette": 0.33310694965323245,
      "dunn": 0.02227389307462366,
      "dbi": 4.23619142215722
    },
    "AE": {
      "silhouette": 0.1906803417069782,
      "dunn": 0.016385295111920727,
      "dbi": 3.5108888305013526
    },
    "PPCA_MAH": {
      "silhouette": 0.4713800963912117,
      "dunn": 0.03933818420133353,
      "dbi": 1.4109359821444252
    },
    "OCSVM": {
      "silhouette": 0.3963984195897598,
      "dunn": 0.01968280349459186,
      "dbi": 3.547454966394221
    },
    "FUSED": {
      "silhouette": 0.3919662683558741,
      "dunn": 0.023387294260622193,
      "dbi": 3.2779099076069724
    }
  },
  "weights": {},
  "use_pca": false,
  "use_fa": true,
  "pca_components": 13
}