{
  "bootstrap": {
    "spearman_rho_mean": 0.9801046957148479,
    "spearman_rho_std": 0.0054907035284134575,
    "jaccard_at_k_mean": 0.648587427312655,
    "jaccard_at_k_std": 0.05096660215725495,
    "ari_mean": 0.7650476531137943,
    "ari_std": 0.04406068591479668,
    "silhouette_std": 0.01465490151798555,
    "dunn_std": 0.0038397514097387336,
    "dbi_std": 0.15187656762674215,
    "B": 12,
    "subsample": 0.8
  },
  "seed_sensitivity": {
    "spearman_rho_mean": 0.989672856401754,
    "spearman_rho_std": 0.0010310219317756337,
    "trials": 3
  },
  "noise_robustness": {
    "spearman_rho_mean": 0.9838626634452431,
    "spearman_rho_std": 0.0040906147489132,
    "sigma": 0.01,
    "trials": 3
  },
  "k_top": 70,
  "n_samples": 1761,
  "contamination": 0.04
}