{
  "contamination": 0.04,
  "methods": [
    "IF",
    "LOF",
    "AE",
    "PPCA_MAH",
    "OCSVM",
    "HDBSCAN",
    "COPULA"
  ],
  "thresholds": {
    "IF": 0.541883987836972,
    "LOF": 1.3420111470859384,
    "AE": 0.2198859240728988,
    "PPCA_MAH": 111.86738764194207,
    "OCSVM": 4.401850436881372e-05,
    "HDBSCAN": 0.606007192776508,
    "COPULA": 8.024735550041669
  },
  "fused_threshold": 0.9008116883116882,
  "evals": {
    "IF": {
      "silhouette": 0.5739622665097129,
      "dunn": 0.024208666683180155,
      "dbi": 1.4829983456516624
    },
    "LOF": {
      "silhouette": 0.4725809311091819,
      "dunn": 0.02903791250224018,
      "dbi": 2.1211475741974284
    },
    "AE": {
      "silhouette": 0.23388689694641931,
      "dunn": 0.014823377295223187,
      "dbi": 4.3090024022692495
    },
    "PPCA_MAH": {
      "silhouette": 0.5829188861248719,
      "dunn": 0.023166515508791508,
      "dbi": 1.3455876829361186
    },
    "OCSVM": {
      "silhouette": 0.5275743703437222,
      "dunn": 0.015969714814848494,
      "dbi": 1.7631146961550377
    },
    "HDBSCAN": {
      "silhouette": 0.593037124424122,
      "dunn": 0.04550885137073223,
      "dbi": 1.1604710212617972
    },
    "COPULA": {
      "silhouette": 0.5674808980207987,
      "dunn": 0.019711131686622925,
      "dbi": 1.4115540191735643
    },
    "FUSED": {
      "silhouette": 0.5459105158141508,
      "dunn": 0.016422393907890555,
      "dbi": 1.566819438965077
    }
  },
  "weights": {},
  "use_pca": true,
  "use_fa": false,
  "pca_components": 7
}