{
  "bootstrap": {
    "spearman_rho_mean": 0.964067063647462,
    "spearman_rho_std": 0.007495655199046563,
    "jaccard_at_k_mean": 0.5921928060472951,
    "jaccard_at_k_std": 0.10636917243900554,
    "ari_mean": 0.7399111243431126,
    "ari_std": 0.07826056292588457,
    "silhouette_std": 0.029457816694127902,
    "dunn_std": 0.009888785246956081,
    "dbi_std": 0.1734934998730423,
    "B": 12,
    "subsample": 0.8
  },
  "seed_sensitivity": {
    "spearman_rho_mean": 0.977361214010903,
    "spearman_rho_std": 0.009670538327820125,
    "trials": 3
  },
  "noise_robustness": {
    "spearman_rho_mean": 0.7894294299641024,
    "spearman_rho_std": 0.007039152595494132,
    "sigma": 0.01,
    "trials": 3
  },
  "k_top": 35,
  "n_samples": 1761,
  "contamination": 0.02
}