{
  "contamination": 0.03,
  "methods": [
    "IF",
    "LOF",
    "AE",
    "PPCA_MAH"
  ],
  "thresholds": {
    "IF": 0.5871971060716022,
    "LOF": 1.524585343773912,
    "AE": 0.5013063171695923,
    "PPCA_MAH": 1441.0303942728203
  },
  "fused_threshold": 0.9316891891891892,
  "evals": {
    "IF": {
      "silhouette": 0.562500284889088,
      "dunn": 0.07694264562852299,
      "dbi": 1.8491609039774541
    },
    "LOF": {
      "silhouette": 0.529120631554004,
      "dunn": 0.021215705950494775,
      "dbi": 1.6672943901413775
    },
    "AE": {
      "silhouette": 0.4997359913516133,
      "dunn": 0.0653308964237268,
      "dbi": 1.528810335446803
    },
    "PPCA_MAH": {
      "silhouette": 0.5644991691780397,
      "dunn": 0.049403941289462724,
      "dbi": 1.180816226130748
    },
    "FUSED": {
      "silhouette": 0.5541362813414671,
      "dunn": 0.021215705950494775,
      "dbi": 1.3455045431477544
    }
  },
  "weights": {},
  "use_pca": false,
  "use_fa": false,
  "pca_components": null
}