{
  "contamination": 0.02,
  "methods": [
    "IF",
    "LOF",
    "AE",
    "PPCA_MAH",
    "OCSVM",
    "HDBSCAN"
  ],
  "thresholds": {
    "IF": 0.5745504370887752,
    "LOF": 1.4764659967794957,
    "AE": 0.36266673496917856,
    "PPCA_MAH": 164.55598033189432,
    "OCSVM": 8.210298312802954e-05,
    "HDBSCAN": 0.6471735162970159
  },
  "fused_threshold": 0.9313825757575755,
  "evals": {
    "IF": {
      "silhouette": 0.6519856667054417,
      "dunn": 0.047813173202938694,
      "dbi": 0.9154891618004636
    },
    "LOF": {
      "silhouette": 0.585307885728747,
      "dunn": 0.03642531392208016,
      "dbi": 1.508278063526996
    },
    "AE": {
      "silhouette": 0.3674228422388408,
      "dunn": 0.024005766108224705,
      "dbi": 2.803452816479026
    },
    "PPCA_MAH": {
      "silhouette": 0.6609953056962331,
      "dunn": 0.03466267379543805,
      "dbi": 0.8715775734991363
    },
    "OCSVM": {
      "silhouette": 0.4930561189906787,
      "dunn": 0.01974652026469827,
      "dbi": 2.568229244261275
    },
    "HDBSCAN": {
      "silhouette": 0.6607926486893876,
      "dunn": 0.028655193861416895,
      "dbi": 0.8643281438131892
    },
    "FUSED": {
      "silhouette": 0.6244011027352462,
      "dunn": 0.03456472961767395,
      "dbi": 1.3538466260751014
    }
  },
  "weights": {},
  "use_pca": true,
  "use_fa": false,
  "pca_components": 7
}