{
  "bootstrap": {
    "spearman_rho_mean": 0.9906877075305726,
    "spearman_rho_std": 0.001239109955088935,
    "jaccard_at_k_mean": 0.8750000000000001,
    "jaccard_at_k_std": 0.07216878364870322,
    "ari_mean": 0.8499199148689395,
    "ari_std": 0.0418908848234331,
    "silhouette_std": 0.04120695084696634,
    "dunn_std": 0.014095566524492129,
    "dbi_std": 0.18531823910175632,
    "B": 4,
    "subsample": 0.8
  },
  "seed_sensitivity": {
    "spearman_rho_mean": 0.9991416474259628,
    "spearman_rho_std": 0.0,
    "trials": 1
  },
  "noise_robustness": {
    "spearman_rho_mean": 0.9981856110732281,
    "spearman_rho_std": 0.0,
    "sigma": 0.01,
    "trials": 1
  },
  "k_top": 14,
  "n_samples": 704,
  "contamination": 0.02
}