{
  "contamination": 0.02,
  "methods": [
    "IF",
    "LOF",
    "AE",
    "PPCA_MAH",
    "HDBSCAN"
  ],
  "thresholds": {
    "IF": 0.6050444654398915,
    "LOF": 1.454018271798123,
    "AE": 0.6294855629367251,
    "PPCA_MAH": 2076.4550958847717,
    "HDBSCAN": 0.45145670640435226
  },
  "fused_threshold": 0.9336785206258891,
  "evals": {
    "IF": {
      "silhouette": 0.5912937503416331,
      "dunn": 0.07694264562852299,
      "dbi": 1.7385021474548106
    },
    "LOF": {
      "silhouette": 0.49286514013160454,
      "dunn": 0.06263156084469501,
      "dbi": 2.649792186553423
    },
    "AE": {
      "silhouette": 0.5109007303536542,
      "dunn": 0.02210728108862208,
      "dbi": 1.5734993733258467
    },
    "PPCA_MAH": {
      "silhouette": 0.6030123468382474,
      "dunn": 0.04422967236715653,
      "dbi": 1.0064647120488133
    },
    "HDBSCAN": {
      "silhouette": 0.5942899038312336,
      "dunn": 0.06774757888155378,
      "dbi": 1.1426261279445398
    },
    "FUSED": {
      "silhouette": 0.5884275068343481,
      "dunn": 0.06774757888155378,
      "dbi": 1.4090239092441132
    }
  },
  "weights": {},
  "use_pca": false,
  "use_fa": false,
  "pca_components": null
}