{
  "bootstrap": {
    "spearman_rho_mean": 0.9568383756242794,
    "spearman_rho_std": 0.0027515915672836943,
    "jaccard_at_k_mean": 0.7326007326007327,
    "jaccard_at_k_std": 0.10942361300659562,
    "ari_mean": 0.807664818187692,
    "ari_std": 0.1117086240896566,
    "silhouette_std": 0.041766248713065,
    "dunn_std": 0.016045089018322786,
    "dbi_std": 0.2837141985524037,
    "B": 4,
    "subsample": 0.8
  },
  "seed_sensitivity": {
    "spearman_rho_mean": 0.9878185824384437,
    "spearman_rho_std": 0.0,
    "trials": 1
  },
  "noise_robustness": {
    "spearman_rho_mean": 0.9623470913846458,
    "spearman_rho_std": 0.0,
    "sigma": 0.01,
    "trials": 1
  },
  "k_top": 14,
  "n_samples": 704,
  "contamination": 0.02
}