{
  "bootstrap": {
    "spearman_rho_mean": 0.9755775729159959,
    "spearman_rho_std": 0.00564081505608115,
    "jaccard_at_k_mean": 0.7323490758603737,
    "jaccard_at_k_std": 0.04698146730556054,
    "ari_mean": 0.7962971690517898,
    "ari_std": 0.03744937487116449,
    "silhouette_std": 0.011692646195215007,
    "dunn_std": 0.004269704456580287,
    "dbi_std": 0.1328147354780214,
    "B": 12,
    "subsample": 0.8
  },
  "seed_sensitivity": {
    "spearman_rho_mean": 0.9834590877259289,
    "spearman_rho_std": 0.002588914807521591,
    "trials": 3
  },
  "noise_robustness": {
    "spearman_rho_mean": 0.979696350026788,
    "spearman_rho_std": 0.006196830880994614,
    "sigma": 0.01,
    "trials": 3
  },
  "k_top": 176,
  "n_samples": 1761,
  "contamination": 0.1
}