{
  "bootstrap": {
    "spearman_rho_mean": 0.9692978335885718,
    "spearman_rho_std": 0.0021531622530000234,
    "jaccard_at_k_mean": 0.9150326797385621,
    "jaccard_at_k_std": 0.09266305149514918,
    "ari_mean": 0.9013137473031664,
    "ari_std": 0.04431176814633743,
    "silhouette_std": 0.029232512840045483,
    "dunn_std": 0.02279572098920032,
    "dbi_std": 0.1360018702582414,
    "B": 4,
    "subsample": 0.8
  },
  "seed_sensitivity": {
    "spearman_rho_mean": 0.9950215282916005,
    "spearman_rho_std": 0.0,
    "trials": 1
  },
  "noise_robustness": {
    "spearman_rho_mean": 0.9909132328691956,
    "spearman_rho_std": 0.0,
    "sigma": 0.01,
    "trials": 1
  },
  "k_top": 21,
  "n_samples": 704,
  "contamination": 0.03
}