{
  "contamination": 0.03,
  "methods": [
    "IF",
    "LOF",
    "PPCA_MAH",
    "HDBSCAN"
  ],
  "thresholds": {
    "IF": 0.5549424261387272,
    "LOF": 1.4467806488897272,
    "PPCA_MAH": 122.03422683068318,
    "HDBSCAN": 0.47338710665403105
  },
  "fused_threshold": 0.945558321479374,
  "evals": {
    "IF": {
      "silhouette": 0.5503929924911777,
      "dunn": 0.038310204839555065,
      "dbi": 1.6021451808381908
    },
    "LOF": {
      "silhouette": 0.4826833414803046,
      "dunn": 0.018880077496542694,
      "dbi": 2.0294444847463904
    },
    "PPCA_MAH": {
      "silhouette": 0.5570322079351896,
      "dunn": 0.04703393309996374,
      "dbi": 1.255227849627813
    },
    "HDBSCAN": {
      "silhouette": 0.5689076637183207,
      "dunn": 0.04759024020402728,
      "dbi": 1.1540429949833308
    },
    "FUSED": {
      "silhouette": 0.5520063187122509,
      "dunn": 0.0598056618817088,
      "dbi": 1.3385560985789589
    }
  },
  "weights": {},
  "use_pca": true,
  "use_fa": false,
  "pca_components": 7
}