{
  "contamination": 0.04,
  "methods": [
    "IF",
    "LOF",
    "AE",
    "PPCA_MAH",
    "HDBSCAN"
  ],
  "thresholds": {
    "IF": 0.5669897677122746,
    "LOF": 1.3567741756719487,
    "AE": 0.22698621834838795,
    "PPCA_MAH": 1193.1999799243265,
    "HDBSCAN": 0.5330075726914602
  },
  "fused_threshold": 0.9114318181818182,
  "evals": {
    "IF": {
      "silhouette": 0.577039643033899,
      "dunn": 0.03618876318974303,
      "dbi": 1.690600928620983
    },
    "LOF": {
      "silhouette": 0.48943994916402656,
      "dunn": 0.03071255223967093,
      "dbi": 1.9460824142050643
    },
    "AE": {
      "silhouette": 0.3204690021470373,
      "dunn": 0.022928434788426526,
      "dbi": 3.0248971990026816
    },
    "PPCA_MAH": {
      "silhouette": 0.5699113979328891,
      "dunn": 0.02001694943057684,
      "dbi": 1.2709062230894916
    },
    "HDBSCAN": {
      "silhouette": 0.5867502162926969,
      "dunn": 0.03823528482299347,
      "dbi": 1.1481824220175978
    },
    "FUSED": {
      "silhouette": 0.5385380451300897,
      "dunn": 0.02335513963334371,
      "dbi": 1.6194405018002913
    }
  },
  "weights": {},
  "use_pca": false,
  "use_fa": false,
  "pca_components": null
}