{
  "bootstrap": {
    "spearman_rho_mean": 0.9935967912673714,
    "spearman_rho_std": 0.0007344418376516533,
    "jaccard_at_k_mean": 0.8787632910572484,
    "jaccard_at_k_std": 0.02594192888241884,
    "ari_mean": 0.9190333746607512,
    "ari_std": 0.01956959902124356,
    "silhouette_std": 0.008266073501005312,
    "dunn_std": 0.00152066737679958,
    "dbi_std": 0.09659099875268275,
    "B": 12,
    "subsample": 0.8
  },
  "seed_sensitivity": {
    "spearman_rho_mean": 0.9972528326523588,
    "spearman_rho_std": 0.0004814513210808743,
    "trials": 3
  },
  "noise_robustness": {
    "spearman_rho_mean": 0.8870722932857658,
    "spearman_rho_std": 0.0053737754995761,
    "sigma": 0.01,
    "trials": 3
  },
  "k_top": 140,
  "n_samples": 1761,
  "contamination": 0.08
}