{
  "bootstrap": {
    "spearman_rho_mean": 0.9826792904370305,
    "spearman_rho_std": 0.0035477207525056115,
    "jaccard_at_k_mean": 0.8703288209060577,
    "jaccard_at_k_std": 0.04433957756389583,
    "ari_mean": 0.9206835800860831,
    "ari_std": 0.027531824996723936,
    "silhouette_std": 0.010656399403863391,
    "dunn_std": 0.006637751309153601,
    "dbi_std": 0.09399151572804183,
    "B": 12,
    "subsample": 0.8
  },
  "seed_sensitivity": {
    "spearman_rho_mean": 0.9967585368660846,
    "spearman_rho_std": 0.0013783884859634575,
    "trials": 3
  },
  "noise_robustness": {
    "spearman_rho_mean": 0.9945828342292024,
    "spearman_rho_std": 0.00016735215829329924,
    "sigma": 0.01,
    "trials": 3
  },
  "k_top": 70,
  "n_samples": 1761,
  "contamination": 0.04
}