{
  "contamination": 0.04,
  "methods": [
    "IF",
    "LOF",
    "PPCA_MAH",
    "OCSVM",
    "HDBSCAN"
  ],
  "thresholds": {
    "IF": 0.5380214402649726,
    "LOF": 1.325217633290485,
    "PPCA_MAH": 119.20060447145117,
    "OCSVM": 4.401850436881372e-05,
    "HDBSCAN": 0.606007192776508
  },
  "fused_threshold": 0.9108863636363634,
  "evals": {
    "IF": {
      "silhouette": 0.5695871439924095,
      "dunn": 0.025651468247730933,
      "dbi": 1.5548648166911825
    },
    "LOF": {
      "silhouette": 0.37907596066061394,
      "dunn": 0.01185227141682858,
      "dbi": 3.0997674060480445
    },
    "PPCA_MAH": {
      "silhouette": 0.5927679917189136,
      "dunn": 0.02324002886333166,
      "dbi": 1.0266309316085815
    },
    "OCSVM": {
      "silhouette": 0.5275743703437222,
      "dunn": 0.015969714814848494,
      "dbi": 1.7631146961550377
    },
    "HDBSCAN": {
      "silhouette": 0.593037124424122,
      "dunn": 0.04550885137073223,
      "dbi": 1.1604710212617972
    },
    "FUSED": {
      "silhouette": 0.5605941758499041,
      "dunn": 0.040682368970274635,
      "dbi": 1.5671489937641319
    }
  },
  "weights": {},
  "use_pca": true,
  "use_fa": true,
  "pca_components": 7
}