{
  "bootstrap": {
    "spearman_rho_mean": 0.9549707090571204,
    "spearman_rho_std": 0.0054742060292425,
    "jaccard_at_k_mean": 0.5675901365556538,
    "jaccard_at_k_std": 0.05969156137397316,
    "ari_mean": 0.6986250727405992,
    "ari_std": 0.07316966015499546,
    "silhouette_std": 0.027706200729867573,
    "dunn_std": 0.016719334979315187,
    "dbi_std": 0.2347690964591599,
    "B": 6,
    "subsample": 0.8
  },
  "seed_sensitivity": {
    "spearman_rho_mean": 0.9962727400585101,
    "spearman_rho_std": 1.515228559445525e-05,
    "trials": 2
  },
  "noise_robustness": {
    "spearman_rho_mean": 0.9762828725062997,
    "spearman_rho_std": 0.0010180239891905973,
    "sigma": 0.01,
    "trials": 2
  },
  "k_top": 26,
  "n_samples": 1321,
  "contamination": 0.02
}