{
  "contamination": 0.02,
  "methods": [
    "IF",
    "LOF",
    "PPCA_MAH",
    "OCSVM",
    "HDBSCAN"
  ],
  "thresholds": {
    "IF": 0.6060096627068903,
    "LOF": 1.515206125157731,
    "PPCA_MAH": 2424.287271498077,
    "OCSVM": 0.0001303270098633287,
    "HDBSCAN": 0.34422493512206054
  },
  "fused_threshold": 0.9230606060606058,
  "evals": {
    "IF": {
      "silhouette": 0.6440039486236137,
      "dunn": 0.025601460203670937,
      "dbi": 1.161783494510634
    },
    "LOF": {
      "silhouette": 0.6137899887917599,
      "dunn": 0.05530645587902485,
      "dbi": 1.092031825199021
    },
    "PPCA_MAH": {
      "silhouette": 0.6341229435960278,
      "dunn": 0.05477208523124067,
      "dbi": 0.8283092563067598
    },
    "OCSVM": {
      "silhouette": 0.48973535727940043,
      "dunn": 0.030757564101496878,
      "dbi": 2.529979553978063
    },
    "HDBSCAN": {
      "silhouette": 0.3763297589010929,
      "dunn": 0.008314062004092272,
      "dbi": 2.4268892517246012
    },
    "FUSED": {
      "silhouette": 0.6068143749255781,
      "dunn": 0.03255725075234519,
      "dbi": 1.232875611138661
    }
  },
  "weights": {},
  "use_pca": false,
  "use_fa": false,
  "pca_components": null
}