{
  "contamination": 0.02,
  "methods": [
    "IF",
    "LOF",
    "PPCA_MAH",
    "OCSVM",
    "HDBSCAN",
    "COPULA"
  ],
  "thresholds": {
    "IF": 0.624439610294238,
    "LOF": 1.6016000887972497,
    "PPCA_MAH": 111.58995758304964,
    "OCSVM": 3.256334319292479e-05,
    "HDBSCAN": 0.6602110327663345,
    "COPULA": -4.266146428641369
  },
  "fused_threshold": 0.9673484848484847,
  "evals": {
    "IF": {
      "silhouette": 0.5765871625967305,
      "dunn": 0.02109566943223123,
      "dbi": 1.2170692813973372
    },
    "LOF": {
      "silhouette": 0.5318085569416884,
      "dunn": 0.03888278992251114,
      "dbi": 1.4818892088101152
    },
    "PPCA_MAH": {
      "silhouette": 0.5950232045597695,
      "dunn": 0.07049877489561272,
      "dbi": 0.8042708501559234
    },
    "OCSVM": {
      "silhouette": 0.4499765181605902,
      "dunn": 0.03229398205334166,
      "dbi": 2.2642837889089384
    },
    "HDBSCAN": {
      "silhouette": 0.5843086066173506,
      "dunn": 0.03398468216638422,
      "dbi": 0.9889326994732637
    },
    "COPULA": {
      "silhouette": 0.5681437934720888,
      "dunn": 0.021023517454401872,
      "dbi": 1.2022440185795369
    },
    "FUSED": {
      "silhouette": 0.5783539538708725,
      "dunn": 0.03398468216638422,
      "dbi": 1.0514540060959336
    }
  },
  "weights": {},
  "use_pca": false,
  "use_fa": true,
  "pca_components": 13
}