{
  "bootstrap": {
    "spearman_rho_mean": 0.9744312787924954,
    "spearman_rho_std": 0.003222544741386206,
    "jaccard_at_k_mean": 0.829407114624506,
    "jaccard_at_k_std": 0.07643577963561993,
    "ari_mean": 0.8988151783582322,
    "ari_std": 0.01891836155061922,
    "silhouette_std": 0.007361313752912034,
    "dunn_std": 0.003454681385499308,
    "dbi_std": 0.057522513164225526,
    "B": 6,
    "subsample": 0.8
  },
  "seed_sensitivity": {
    "spearman_rho_mean": 0.9985083383907358,
    "spearman_rho_std": 6.535340364410835e-05,
    "trials": 2
  },
  "noise_robustness": {
    "spearman_rho_mean": 0.8510355139113788,
    "spearman_rho_std": 0.005629439622150956,
    "sigma": 0.01,
    "trials": 2
  },
  "k_top": 26,
  "n_samples": 1321,
  "contamination": 0.02
}