{
  "bootstrap": {
    "spearman_rho_mean": 0.9766004286514364,
    "spearman_rho_std": 0.003285380323269285,
    "jaccard_at_k_mean": 0.8443939393939394,
    "jaccard_at_k_std": 0.09370020869386876,
    "ari_mean": 0.914269518887784,
    "ari_std": 0.03810647001215029,
    "silhouette_std": 0.009576256006471969,
    "dunn_std": 0.0007827578795017999,
    "dbi_std": 0.030663171594798918,
    "B": 6,
    "subsample": 0.8
  },
  "seed_sensitivity": {
    "spearman_rho_mean": 0.998403783345853,
    "spearman_rho_std": 0.00022423309050589868,
    "trials": 2
  },
  "noise_robustness": {
    "spearman_rho_mean": 0.8429797401219667,
    "spearman_rho_std": 0.008243603482040285,
    "sigma": 0.01,
    "trials": 2
  },
  "k_top": 26,
  "n_samples": 1321,
  "contamination": 0.02
}