{
  "contamination": 0.07,
  "methods": [
    "IF",
    "LOF",
    "PPCA_MAH",
    "COPULA"
  ],
  "thresholds": {
    "IF": 0.5116794962600925,
    "LOF": 1.3157555641104084,
    "PPCA_MAH": 98.68889250832855,
    "COPULA": 6.751177442635203
  },
  "fused_threshold": 0.897414651493599,
  "evals": {
    "IF": {
      "silhouette": 0.4379144810265272,
      "dunn": 0.038310204839555065,
      "dbi": 2.075172469797254
    },
    "LOF": {
      "silhouette": 0.3653030955265375,
      "dunn": 0.0393319359547321,
      "dbi": 3.0146847645715344
    },
    "PPCA_MAH": {
      "silhouette": 0.440011068287598,
      "dunn": 0.02137780424431333,
      "dbi": 1.8196386621436853
    },
    "COPULA": {
      "silhouette": 0.4436768364476565,
      "dunn": 0.01597202081169656,
      "dbi": 2.126525374718002
    },
    "FUSED": {
      "silhouette": 0.4599618499502913,
      "dunn": 0.011482334882067702,
      "dbi": 1.8325152992115048
    }
  },
  "weights": {},
  "use_pca": true,
  "use_fa": false,
  "pca_components": 7
}