{
  "bootstrap": {
    "spearman_rho_mean": 0.9931031277353374,
    "spearman_rho_std": 0.0015697652191504266,
    "jaccard_at_k_mean": 0.8463455149501661,
    "jaccard_at_k_std": 0.01870154526444799,
    "ari_mean": 0.8938535418002801,
    "ari_std": 0.01836084811930992,
    "silhouette_std": 0.015612551113916904,
    "dunn_std": 0.006625732914345578,
    "dbi_std": 0.07649585404043284,
    "B": 4,
    "subsample": 0.8
  },
  "seed_sensitivity": {
    "spearman_rho_mean": 0.9966852531541505,
    "spearman_rho_std": 0.0,
    "trials": 1
  },
  "noise_robustness": {
    "spearman_rho_mean": 0.9967106434089252,
    "spearman_rho_std": 0.0,
    "sigma": 0.01,
    "trials": 1
  },
  "k_top": 49,
  "n_samples": 704,
  "contamination": 0.07
}