{
  "contamination": 0.04,
  "methods": [
    "IF",
    "LOF",
    "PPCA_MAH"
  ],
  "thresholds": {
    "IF": 0.5747370607049627,
    "LOF": 1.4003381620664304,
    "PPCA_MAH": 80.04611876501416
  },
  "fused_threshold": 0.9307575757575757,
  "evals": {
    "IF": {
      "silhouette": 0.5255926656300572,
      "dunn": 0.028959240058711762,
      "dbi": 1.85740495296593
    },
    "LOF": {
      "silhouette": 0.44422860399304503,
      "dunn": 0.028053861395365854,
      "dbi": 2.0835831631740396
    },
    "PPCA_MAH": {
      "silhouette": 0.5311113513463297,
      "dunn": 0.02128311076960288,
      "dbi": 1.2348305826126533
    },
    "FUSED": {
      "silhouette": 0.5080324852707936,
      "dunn": 0.030231630904442527,
      "dbi": 1.772155056956866
    }
  },
  "weights": {},
  "use_pca": false,
  "use_fa": true,
  "pca_components": 13
}