{
  "bootstrap": {
    "spearman_rho_mean": 0.9653748891449329,
    "spearman_rho_std": 0.0023205481404538534,
    "jaccard_at_k_mean": 0.6301566951566951,
    "jaccard_at_k_std": 0.08372120147237179,
    "ari_mean": 0.7739363895841226,
    "ari_std": 0.04386350678165593,
    "silhouette_std": 0.0027253892339957164,
    "dunn_std": 0.00035320762893626247,
    "dbi_std": 0.13202288223211017,
    "B": 6,
    "subsample": 0.8
  },
  "seed_sensitivity": {
    "spearman_rho_mean": 0.9891751720928703,
    "spearman_rho_std": 0.002102386676683554,
    "trials": 2
  },
  "noise_robustness": {
    "spearman_rho_mean": 0.9714219904857968,
    "spearman_rho_std": 0.0023625803059658113,
    "sigma": 0.01,
    "trials": 2
  },
  "k_top": 26,
  "n_samples": 1321,
  "contamination": 0.02
}