{
  "contamination": 0.02,
  "methods": [
    "IF",
    "LOF",
    "AE",
    "PPCA_MAH",
    "OCSVM",
    "HDBSCAN"
  ],
  "thresholds": {
    "IF": 0.6081240657272754,
    "LOF": 1.4362687046803098,
    "AE": 0.23601962197304338,
    "PPCA_MAH": 2424.287271498077,
    "OCSVM": 0.0001303270098633287,
    "HDBSCAN": 0.6482593833779766
  },
  "fused_threshold": 0.9224999999999999,
  "evals": {
    "IF": {
      "silhouette": 0.6516440741271995,
      "dunn": 0.05140712687693222,
      "dbi": 0.9628715029670547
    },
    "LOF": {
      "silhouette": 0.29264342857516146,
      "dunn": 0.04024691740498084,
      "dbi": 3.745875949717348
    },
    "AE": {
      "silhouette": 0.35059291785891133,
      "dunn": 0.04300947558589297,
      "dbi": 2.8556258840761757
    },
    "PPCA_MAH": {
      "silhouette": 0.6341229435960278,
      "dunn": 0.05477208523124067,
      "dbi": 0.8283092563067598
    },
    "OCSVM": {
      "silhouette": 0.48973535727940043,
      "dunn": 0.030757564101496878,
      "dbi": 2.529979553978063
    },
    "HDBSCAN": {
      "silhouette": 0.6603200146699213,
      "dunn": 0.0804238544404509,
      "dbi": 0.735608286620646
    },
    "FUSED": {
      "silhouette": 0.5686938495412699,
      "dunn": 0.031613676480846585,
      "dbi": 1.7934984190549783
    }
  },
  "weights": {},
  "use_pca": false,
  "use_fa": false,
  "pca_components": null
}