{
  "bootstrap": {
    "spearman_rho_mean": 0.9808962730627574,
    "spearman_rho_std": 0.004984870684862788,
    "jaccard_at_k_mean": 0.6138047138047138,
    "jaccard_at_k_std": 0.06137466242452671,
    "ari_mean": 0.7411896995976077,
    "ari_std": 0.05678676993542647,
    "silhouette_std": 0.01723617069931788,
    "dunn_std": 0.00935669473739952,
    "dbi_std": 0.09303593292575661,
    "B": 12,
    "subsample": 0.8
  },
  "seed_sensitivity": {
    "spearman_rho_mean": 0.9893129062907153,
    "spearman_rho_std": 0.0011385264881740584,
    "trials": 3
  },
  "noise_robustness": {
    "spearman_rho_mean": 0.9840029407518852,
    "spearman_rho_std": 0.004259461302754679,
    "sigma": 0.01,
    "trials": 3
  },
  "k_top": 35,
  "n_samples": 1761,
  "contamination": 0.02
}