{
  "contamination": 0.02,
  "methods": [
    "IF",
    "LOF",
    "AE",
    "PPCA_MAH",
    "OCSVM",
    "HDBSCAN",
    "COPULA"
  ],
  "thresholds": {
    "IF": 0.5835859170089805,
    "LOF": 1.488901594595614,
    "AE": 0.3186416129901874,
    "PPCA_MAH": 164.08496155521496,
    "OCSVM": 0.00011211266385448977,
    "HDBSCAN": 0.685112132350958,
    "COPULA": 10.945787152000579
  },
  "fused_threshold": 0.9421103896103896,
  "evals": {
    "IF": {
      "silhouette": 0.6642509460892203,
      "dunn": 0.02535575345989264,
      "dbi": 0.836080377494397
    },
    "LOF": {
      "silhouette": 0.6111757036460896,
      "dunn": 0.03992672731453305,
      "dbi": 1.2881376768661021
    },
    "AE": {
      "silhouette": 0.32048934646538435,
      "dunn": 0.02344520452944335,
      "dbi": 3.0212654602140967
    },
    "PPCA_MAH": {
      "silhouette": 0.6607956475856526,
      "dunn": 0.035144036360884236,
      "dbi": 0.8723277024180744
    },
    "OCSVM": {
      "silhouette": 0.5063059698471383,
      "dunn": 0.025335403454405134,
      "dbi": 2.049685353204433
    },
    "HDBSCAN": {
      "silhouette": 0.6658551753945224,
      "dunn": 0.025436213833530716,
      "dbi": 0.819434635643126
    },
    "COPULA": {
      "silhouette": 0.651068485014538,
      "dunn": 0.02535575345989264,
      "dbi": 0.9209651360653835
    },
    "FUSED": {
      "silhouette": 0.634071689091947,
      "dunn": 0.04365908059285007,
      "dbi": 1.1429686134456327
    }
  },
  "weights": {},
  "use_pca": true,
  "use_fa": false,
  "pca_components": 7
}