{
  "contamination": 0.07,
  "methods": [
    "IF",
    "LOF",
    "AE",
    "PPCA_MAH",
    "OCSVM",
    "HDBSCAN",
    "COPULA"
  ],
  "thresholds": {
    "IF": 0.5423583356886194,
    "LOF": 1.3416306093428891,
    "AE": 0.2823442113230862,
    "PPCA_MAH": 556.733871703488,
    "OCSVM": 9.753078946896924e-06,
    "HDBSCAN": 0.5988587104335608,
    "COPULA": 3.384443214748655
  },
  "fused_threshold": 0.8802783986994516,
  "evals": {
    "IF": {
      "silhouette": 0.4735070918322171,
      "dunn": 0.030086476302549084,
      "dbi": 2.4456299952182974
    },
    "LOF": {
      "silhouette": 0.3679802885080413,
      "dunn": 0.03906838991782195,
      "dbi": 3.1542706237898033
    },
    "AE": {
      "silhouette": 0.35204041539061315,
      "dunn": 0.03841444389302901,
      "dbi": 2.2745745574051086
    },
    "PPCA_MAH": {
      "silhouette": 0.46473213852096457,
      "dunn": 0.05191639516716484,
      "dbi": 1.4113855018392958
    },
    "OCSVM": {
      "silhouette": 0.4251406137555546,
      "dunn": 0.027380078415939122,
      "dbi": 2.6153689784796272
    },
    "HDBSCAN": {
      "silhouette": 0.4878539866286624,
      "dunn": 0.021215705950494775,
      "dbi": 1.663885693168893
    },
    "COPULA": {
      "silhouette": 0.3930354153627451,
      "dunn": 0.02691997328136976,
      "dbi": 3.5447817464499813
    },
    "FUSED": {
      "silhouette": 0.44047290883540685,
      "dunn": 0.04653608156687289,
      "dbi": 2.2811787171373163
    }
  },
  "weights": {},
  "use_pca": false,
  "use_fa": false,
  "pca_components": null
}