{
  "contamination": 0.06,
  "methods": [
    "IF",
    "LOF",
    "AE",
    "PPCA_MAH",
    "OCSVM",
    "HDBSCAN"
  ],
  "thresholds": {
    "IF": 0.5231818899920317,
    "LOF": 1.2726558119943443,
    "AE": 0.22579877129275744,
    "PPCA_MAH": 96.30102107379048,
    "OCSVM": 4.4686694008788655e-05,
    "HDBSCAN": 0.479667311555982
  },
  "fused_threshold": 0.870340909090909,
  "evals": {
    "IF": {
      "silhouette": 0.530473304754322,
      "dunn": 0.015867571975722406,
      "dbi": 1.6586505753723895
    },
    "LOF": {
      "silhouette": 0.34275090147859594,
      "dunn": 0.011047437548089957,
      "dbi": 3.091972523488277
    },
    "AE": {
      "silhouette": 0.22612478193522725,
      "dunn": 0.024005766108224705,
      "dbi": 4.351625012539484
    },
    "PPCA_MAH": {
      "silhouette": 0.5068919639513781,
      "dunn": 0.009542667466328826,
      "dbi": 1.736659343772595
    },
    "OCSVM": {
      "silhouette": 0.4834203445308751,
      "dunn": 0.010170264550184742,
      "dbi": 2.2716621873729386
    },
    "HDBSCAN": {
      "silhouette": 0.5364715447871561,
      "dunn": 0.025802445346228796,
      "dbi": 1.3389353011912943
    },
    "FUSED": {
      "silhouette": 0.48411251600343014,
      "dunn": 0.02048929049025877,
      "dbi": 1.9115863818270746
    }
  },
  "weights": {},
  "use_pca": true,
  "use_fa": false,
  "pca_components": 7
}