{
  "bootstrap": {
    "spearman_rho_mean": 0.9793969109648983,
    "spearman_rho_std": 0.004102666496374156,
    "jaccard_at_k_mean": 0.783982683982684,
    "jaccard_at_k_std": 0.0451971686698522,
    "ari_mean": 0.8242487262490992,
    "ari_std": 0.02743757260114937,
    "silhouette_std": 0.018030417845805904,
    "dunn_std": 0.004960293290888145,
    "dbi_std": 0.24308737601062064,
    "B": 4,
    "subsample": 0.8
  },
  "seed_sensitivity": {
    "spearman_rho_mean": 0.9989031869922361,
    "spearman_rho_std": 0.0,
    "trials": 1
  },
  "noise_robustness": {
    "spearman_rho_mean": 0.9837698249132456,
    "spearman_rho_std": 0.0,
    "sigma": 0.01,
    "trials": 1
  },
  "k_top": 49,
  "n_samples": 704,
  "contamination": 0.07
}