{
  "contamination": 0.07,
  "methods": [
    "IF",
    "LOF",
    "PPCA_MAH",
    "OCSVM",
    "HDBSCAN",
    "COPULA"
  ],
  "thresholds": {
    "IF": 0.5462974820388395,
    "LOF": 1.313438376343528,
    "PPCA_MAH": 556.733871703488,
    "OCSVM": 9.753078946896924e-06,
    "HDBSCAN": 0.36476056864899775,
    "COPULA": 3.384443214748655
  },
  "fused_threshold": 0.8739118065433856,
  "evals": {
    "IF": {
      "silhouette": 0.4752719045016679,
      "dunn": 0.030086476302549084,
      "dbi": 2.3871916272835256
    },
    "LOF": {
      "silhouette": 0.34041640094803294,
      "dunn": 0.04422967236715653,
      "dbi": 3.1454848198514522
    },
    "PPCA_MAH": {
      "silhouette": 0.46473213852096457,
      "dunn": 0.05191639516716484,
      "dbi": 1.4113855018392958
    },
    "OCSVM": {
      "silhouette": 0.4251406137555546,
      "dunn": 0.027380078415939122,
      "dbi": 2.6153689784796272
    },
    "HDBSCAN": {
      "silhouette": 0.4773568150594106,
      "dunn": 0.021055912945728433,
      "dbi": 1.770296934513573
    },
    "COPULA": {
      "silhouette": 0.3930354153627451,
      "dunn": 0.02691997328136976,
      "dbi": 3.5447817464499813
    },
    "FUSED": {
      "silhouette": 0.4466966652203007,
      "dunn": 0.04389654217276798,
      "dbi": 2.147374249355562
    }
  },
  "weights": {},
  "use_pca": false,
  "use_fa": false,
  "pca_components": null
}