{
  "contamination": 0.06,
  "methods": [
    "IF",
    "LOF",
    "PPCA_MAH",
    "OCSVM"
  ],
  "thresholds": {
    "IF": 0.5435927297650421,
    "LOF": 1.2838247892030763,
    "PPCA_MAH": 768.8347505118094,
    "OCSVM": 1.92354606888036e-05
  },
  "fused_threshold": 0.869431818181818,
  "evals": {
    "IF": {
      "silhouette": 0.5260991724279642,
      "dunn": 0.013284360807939212,
      "dbi": 2.2000601972907154
    },
    "LOF": {
      "silhouette": 0.23033040253962142,
      "dunn": 0.013159040868600709,
      "dbi": 5.761635388150646
    },
    "PPCA_MAH": {
      "silhouette": 0.516260246088519,
      "dunn": 0.026448650613792788,
      "dbi": 1.463536842001734
    },
    "OCSVM": {
      "silhouette": 0.48246889682345223,
      "dunn": 0.013284360807939212,
      "dbi": 2.290146857069851
    },
    "FUSED": {
      "silhouette": 0.4464415980192382,
      "dunn": 0.01908478075539944,
      "dbi": 2.397446745904464
    }
  },
  "weights": {},
  "use_pca": false,
  "use_fa": false,
  "pca_components": null
}