{
  "bootstrap": {
    "spearman_rho_mean": 0.9878661431952546,
    "spearman_rho_std": 0.0013609208907526134,
    "jaccard_at_k_mean": 0.7611622574929636,
    "jaccard_at_k_std": 0.02849746575103224,
    "ari_mean": 0.8385142854698661,
    "ari_std": 0.024010049652794557,
    "silhouette_std": 0.014264897418100744,
    "dunn_std": 0.007002677328517721,
    "dbi_std": 0.16560276708226565,
    "B": 12,
    "subsample": 0.8
  },
  "seed_sensitivity": {
    "spearman_rho_mean": 0.9977759223047741,
    "spearman_rho_std": 0.0002732576018551902,
    "trials": 3
  },
  "noise_robustness": {
    "spearman_rho_mean": 0.9935376042296286,
    "spearman_rho_std": 0.0007083938993310498,
    "sigma": 0.01,
    "trials": 3
  },
  "k_top": 105,
  "n_samples": 1761,
  "contamination": 0.06
}