{
  "contamination": 0.02,
  "methods": [
    "IF",
    "LOF",
    "AE",
    "PPCA_MAH",
    "OCSVM",
    "HDBSCAN",
    "COPULA"
  ],
  "thresholds": {
    "IF": 0.6099246216604726,
    "LOF": 1.4808747012201795,
    "AE": 0.22109271284077683,
    "PPCA_MAH": 2658.959656407047,
    "OCSVM": 9.029527517410101e-05,
    "HDBSCAN": 0.661760555711404,
    "COPULA": 14.91778832131587
  },
  "fused_threshold": 0.9474188311688311,
  "evals": {
    "IF": {
      "silhouette": 0.6541723925924605,
      "dunn": 0.04845705958768254,
      "dbi": 1.0408170595028798
    },
    "LOF": {
      "silhouette": 0.6004328684097421,
      "dunn": 0.04835160114809409,
      "dbi": 1.427389120699043
    },
    "AE": {
      "silhouette": 0.397704342092826,
      "dunn": 0.023246881709723898,
      "dbi": 2.7942640945160333
    },
    "PPCA_MAH": {
      "silhouette": 0.6398466438113423,
      "dunn": 0.0512476329058676,
      "dbi": 1.1674207501982705
    },
    "OCSVM": {
      "silhouette": 0.48022370367867123,
      "dunn": 0.015953220873634356,
      "dbi": 1.9016205838419524
    },
    "HDBSCAN": {
      "silhouette": 0.6620367201332669,
      "dunn": 0.02546605731747789,
      "dbi": 0.8455841823150562
    },
    "COPULA": {
      "silhouette": 0.6038355775868387,
      "dunn": 0.024451490246898647,
      "dbi": 1.8921568890657603
    },
    "FUSED": {
      "silhouette": 0.6318645729300524,
      "dunn": 0.04835160114809409,
      "dbi": 1.2189183350165442
    }
  },
  "weights": {},
  "use_pca": false,
  "use_fa": false,
  "pca_components": null
}