{
  "contamination": 0.02,
  "methods": [
    "IF",
    "LOF",
    "AE",
    "PPCA_MAH",
    "COPULA"
  ],
  "thresholds": {
    "IF": 0.6046636765857991,
    "LOF": 1.419546729895059,
    "AE": 0.0059752873099435146,
    "PPCA_MAH": 146.56447780970703,
    "COPULA": -4.200306309929945
  },
  "fused_threshold": 0.9447499999999998,
  "evals": {
    "IF": {
      "silhouette": 0.5774376453787902,
      "dunn": 0.023314964145398596,
      "dbi": 1.6419245801816604
    },
    "LOF": {
      "silhouette": 0.46461631074872384,
      "dunn": 0.028053861395365854,
      "dbi": 2.477827630114322
    },
    "AE": {
      "silhouette": 0.30317164500312027,
      "dunn": 0.015187957752090342,
      "dbi": 2.5937259337287606
    },
    "PPCA_MAH": {
      "silhouette": 0.6020905243931871,
      "dunn": 0.045724965004390515,
      "dbi": 0.933826620998381
    },
    "COPULA": {
      "silhouette": 0.5846351836170848,
      "dunn": 0.02128311076960288,
      "dbi": 1.198757514117958
    },
    "FUSED": {
      "silhouette": 0.5608754869144973,
      "dunn": 0.03218842668278137,
      "dbi": 1.4107429017629907
    }
  },
  "weights": {},
  "use_pca": false,
  "use_fa": true,
  "pca_components": 13
}