{
  "bootstrap": {
    "spearman_rho_mean": 0.991668435291366,
    "spearman_rho_std": 0.0010935448412632885,
    "jaccard_at_k_mean": 0.8598065602248245,
    "jaccard_at_k_std": 0.026123895104793494,
    "ari_mean": 0.8988531084238504,
    "ari_std": 0.020362730516776034,
    "silhouette_std": 0.009100599041772546,
    "dunn_std": 0.0029282946710842642,
    "dbi_std": 0.2007488525134413,
    "B": 12,
    "subsample": 0.8
  },
  "seed_sensitivity": {
    "spearman_rho_mean": 0.9940851358412557,
    "spearman_rho_std": 0.002658675914105423,
    "trials": 3
  },
  "noise_robustness": {
    "spearman_rho_mean": 0.9956319903621433,
    "spearman_rho_std": 0.0002699808277370989,
    "sigma": 0.01,
    "trials": 3
  },
  "k_top": 176,
  "n_samples": 1761,
  "contamination": 0.1
}