{
  "contamination": 0.1,
  "methods": [
    "IF",
    "LOF",
    "PPCA_MAH",
    "OCSVM"
  ],
  "thresholds": {
    "IF": 0.5016941059049043,
    "LOF": 1.2470613996379645,
    "PPCA_MAH": 81.89198375063353,
    "OCSVM": 2.8744069815900275e-05
  },
  "fused_threshold": 0.8461647727272728,
  "evals": {
    "IF": {
      "silhouette": 0.4281399194772759,
      "dunn": 0.013267443066620305,
      "dbi": 2.59438335773134
    },
    "LOF": {
      "silhouette": 0.33553345461344825,
      "dunn": 0.013981277153693284,
      "dbi": 2.774651738752889
    },
    "PPCA_MAH": {
      "silhouette": 0.416041933547653,
      "dunn": 0.012195981805684148,
      "dbi": 1.9316024892175632
    },
    "OCSVM": {
      "silhouette": 0.41435424180290664,
      "dunn": 0.008301520120136656,
      "dbi": 2.728487860762776
    },
    "FUSED": {
      "silhouette": 0.4293907868654926,
      "dunn": 0.015969714814848494,
      "dbi": 2.2298905431004776
    }
  },
  "weights": {},
  "use_pca": true,
  "use_fa": true,
  "pca_components": 7
}