{
  "bootstrap": {
    "spearman_rho_mean": 0.9902282939289808,
    "spearman_rho_std": 0.0009727635320412955,
    "jaccard_at_k_mean": 0.6428378545769851,
    "jaccard_at_k_std": 0.10417678582839934,
    "ari_mean": 0.7981199098041931,
    "ari_std": 0.05453977767909355,
    "silhouette_std": 0.020676859963046128,
    "dunn_std": 0.01166022592732084,
    "dbi_std": 0.17276303601612197,
    "B": 6,
    "subsample": 0.8
  },
  "seed_sensitivity": {
    "spearman_rho_mean": 0.9989329841065209,
    "spearman_rho_std": 2.4269938701471094e-05,
    "trials": 2
  },
  "noise_robustness": {
    "spearman_rho_mean": 0.9977287114003395,
    "spearman_rho_std": 4.06558404647539e-06,
    "sigma": 0.01,
    "trials": 2
  },
  "k_top": 26,
  "n_samples": 1321,
  "contamination": 0.02
}