{
  "bootstrap": {
    "spearman_rho_mean": 0.9888822093227296,
    "spearman_rho_std": 0.001750491327620908,
    "jaccard_at_k_mean": 0.6323052362707535,
    "jaccard_at_k_std": 0.10036080985610173,
    "ari_mean": 0.7693430301699813,
    "ari_std": 0.07452285628168512,
    "silhouette_std": 0.023096348145871026,
    "dunn_std": 0.005087170510763602,
    "dbi_std": 0.17346590183965627,
    "B": 6,
    "subsample": 0.8
  },
  "seed_sensitivity": {
    "spearman_rho_mean": 0.9975700502484506,
    "spearman_rho_std": 0.0012275692143484673,
    "trials": 2
  },
  "noise_robustness": {
    "spearman_rho_mean": 0.9953204047226696,
    "spearman_rho_std": 0.0006394208945449398,
    "sigma": 0.01,
    "trials": 2
  },
  "k_top": 26,
  "n_samples": 1321,
  "contamination": 0.02
}