{
  "contamination": 0.02,
  "methods": [
    "IF",
    "LOF",
    "PPCA_MAH",
    "COPULA"
  ],
  "thresholds": {
    "IF": 0.5767049309907533,
    "LOF": 1.4136693155814923,
    "PPCA_MAH": 221.47439723826795,
    "COPULA": 11.964754259380813
  },
  "fused_threshold": 0.9310227272727272,
  "evals": {
    "IF": {
      "silhouette": 0.653711194144855,
      "dunn": 0.04648014802253738,
      "dbi": 0.868783244455006
    },
    "LOF": {
      "silhouette": 0.39827277571582526,
      "dunn": 0.008590357672932777,
      "dbi": 2.6347042495342334
    },
    "PPCA_MAH": {
      "silhouette": 0.6567145509919978,
      "dunn": 0.09513026657585176,
      "dbi": 0.7129310130655019
    },
    "COPULA": {
      "silhouette": 0.6470906671437157,
      "dunn": 0.03387059971245031,
      "dbi": 0.8179098582294183
    },
    "FUSED": {
      "silhouette": 0.5673426931091365,
      "dunn": 0.04695385020546155,
      "dbi": 1.4321642818235099
    }
  },
  "weights": {},
  "use_pca": true,
  "use_fa": false,
  "pca_components": 7
}