{
  "bootstrap": {
    "spearman_rho_mean": 0.9907730475393022,
    "spearman_rho_std": 0.00032121481891014624,
    "jaccard_at_k_mean": 0.6428378545769851,
    "jaccard_at_k_std": 0.10417678582839934,
    "ari_mean": 0.7981199098041931,
    "ari_std": 0.05453977767909355,
    "silhouette_std": 0.020676859963046128,
    "dunn_std": 0.01166022592732084,
    "dbi_std": 0.17276303601612197,
    "B": 6,
    "subsample": 0.8
  },
  "seed_sensitivity": {
    "spearman_rho_mean": 0.9989305003478371,
    "spearman_rho_std": 2.178618001780208e-05,
    "trials": 2
  },
  "noise_robustness": {
    "spearman_rho_mean": 0.9977136794913236,
    "spearman_rho_std": 5.290428269910663e-07,
    "sigma": 0.01,
    "trials": 2
  },
  "k_top": 26,
  "n_samples": 1321,
  "contamination": 0.02
}