{
  "contamination": 0.05,
  "methods": [
    "IF",
    "LOF",
    "PPCA_MAH",
    "OCSVM",
    "HDBSCAN"
  ],
  "thresholds": {
    "IF": 0.5297592242348261,
    "LOF": 1.3610824318936452,
    "PPCA_MAH": 105.0427339178678,
    "OCSVM": 3.0377272055415377e-05,
    "HDBSCAN": 0.6422495961591029
  },
  "fused_threshold": 0.9112517780938836,
  "evals": {
    "IF": {
      "silhouette": 0.49579808374597184,
      "dunn": 0.018575417022873505,
      "dbi": 1.8255041083394976
    },
    "LOF": {
      "silhouette": 0.4023186703728253,
      "dunn": 0.04436568622544537,
      "dbi": 2.4386748509434426
    },
    "PPCA_MAH": {
      "silhouette": 0.4963162703732571,
      "dunn": 0.029934879077704844,
      "dbi": 1.6860255669541717
    },
    "OCSVM": {
      "silhouette": 0.4555237830522904,
      "dunn": 0.0354543922162477,
      "dbi": 2.620737609751662
    },
    "HDBSCAN": {
      "silhouette": 0.5276268165765169,
      "dunn": 0.04436568622544537,
      "dbi": 1.346719267466637
    },
    "FUSED": {
      "silhouette": 0.49217896448929127,
      "dunn": 0.018880077496542694,
      "dbi": 1.8130539823417045
    }
  },
  "weights": {},
  "use_pca": true,
  "use_fa": false,
  "pca_components": 7
}