{
  "bootstrap": {
    "spearman_rho_mean": 0.9952927433726035,
    "spearman_rho_std": 0.0006318671934633308,
    "jaccard_at_k_mean": 0.8509399031947598,
    "jaccard_at_k_std": 0.05061191945902087,
    "ari_mean": 0.9100248751213972,
    "ari_std": 0.03894551316549951,
    "silhouette_std": 0.009913531826921371,
    "dunn_std": 0.013019006286905895,
    "dbi_std": 0.13269956742832267,
    "B": 12,
    "subsample": 0.8
  },
  "seed_sensitivity": {
    "spearman_rho_mean": 0.9977550966271015,
    "spearman_rho_std": 0.0002918699911590987,
    "trials": 3
  },
  "noise_robustness": {
    "spearman_rho_mean": 0.9919155506571088,
    "spearman_rho_std": 0.0005894137931778708,
    "sigma": 0.01,
    "trials": 3
  },
  "k_top": 52,
  "n_samples": 1761,
  "contamination": 0.03
}