{
  "contamination": 0.02,
  "methods": [
    "IF",
    "LOF",
    "AE",
    "PPCA_MAH",
    "OCSVM",
    "COPULA"
  ],
  "thresholds": {
    "IF": 0.5892073911815884,
    "LOF": 1.4639810726997486,
    "AE": 0.3577463044350331,
    "PPCA_MAH": 221.47439723826795,
    "OCSVM": 6.765578206944047e-05,
    "COPULA": 11.964754259380813
  },
  "fused_threshold": 0.9374242424242424,
  "evals": {
    "IF": {
      "silhouette": 0.6549018770357123,
      "dunn": 0.05417520626762668,
      "dbi": 0.8183042142630071
    },
    "LOF": {
      "silhouette": 0.5447351866372568,
      "dunn": 0.04834132078917115,
      "dbi": 1.6519357738095384
    },
    "AE": {
      "silhouette": 0.2576643462536786,
      "dunn": 0.025011055503356885,
      "dbi": 2.7729916072813383
    },
    "PPCA_MAH": {
      "silhouette": 0.6567145509919978,
      "dunn": 0.09513026657585176,
      "dbi": 0.7129310130655019
    },
    "OCSVM": {
      "silhouette": 0.5243489061728213,
      "dunn": 0.028982565651028212,
      "dbi": 2.0316097253456453
    },
    "COPULA": {
      "silhouette": 0.6470906671437157,
      "dunn": 0.03387059971245031,
      "dbi": 0.8179098582294183
    },
    "FUSED": {
      "silhouette": 0.592141642855224,
      "dunn": 0.027919860818959575,
      "dbi": 1.4216102898341696
    }
  },
  "weights": {},
  "use_pca": true,
  "use_fa": false,
  "pca_components": 7
}