{
  "bootstrap": {
    "spearman_rho_mean": 0.9789373605829662,
    "spearman_rho_std": 0.002365836498830982,
    "jaccard_at_k_mean": 0.5583308772963945,
    "jaccard_at_k_std": 0.06492006254253477,
    "ari_mean": 0.6901589355179653,
    "ari_std": 0.06266149072713972,
    "silhouette_std": 0.01190141689431236,
    "dunn_std": 0.0021296178465812746,
    "dbi_std": 0.09653429398161455,
    "B": 6,
    "subsample": 0.8
  },
  "seed_sensitivity": {
    "spearman_rho_mean": 0.9856207270797177,
    "spearman_rho_std": 0.00164367443485669,
    "trials": 2
  },
  "noise_robustness": {
    "spearman_rho_mean": 0.9845999409991115,
    "spearman_rho_std": 0.0076860044179652975,
    "sigma": 0.01,
    "trials": 2
  },
  "k_top": 26,
  "n_samples": 1321,
  "contamination": 0.02
}