{
  "bootstrap": {
    "spearman_rho_mean": 0.9776152459539612,
    "spearman_rho_std": 0.003582541246140588,
    "jaccard_at_k_mean": 0.6161823361823362,
    "jaccard_at_k_std": 0.03594172639657285,
    "ari_mean": 0.738007630468475,
    "ari_std": 0.03171437229716505,
    "silhouette_std": 0.016378260634721517,
    "dunn_std": 0.001045425539159249,
    "dbi_std": 0.12414325889261871,
    "B": 6,
    "subsample": 0.8
  },
  "seed_sensitivity": {
    "spearman_rho_mean": 0.986074452937651,
    "spearman_rho_std": 0.002897026971979466,
    "trials": 2
  },
  "noise_robustness": {
    "spearman_rho_mean": 0.9824073392281985,
    "spearman_rho_std": 0.006758906710930046,
    "sigma": 0.01,
    "trials": 2
  },
  "k_top": 26,
  "n_samples": 1321,
  "contamination": 0.02
}