{
  "contamination": 0.02,
  "methods": [
    "IF",
    "LOF",
    "PPCA_MAH",
    "OCSVM"
  ],
  "thresholds": {
    "IF": 0.578537286172096,
    "LOF": 1.4066006165790415,
    "PPCA_MAH": 182.04967819344105,
    "OCSVM": 8.210298312802954e-05
  },
  "fused_threshold": 0.9548863636363635,
  "evals": {
    "IF": {
      "silhouette": 0.657679973808163,
      "dunn": 0.04262285840727473,
      "dbi": 0.8416205283662201
    },
    "LOF": {
      "silhouette": 0.48114806206528266,
      "dunn": 0.030376419761585043,
      "dbi": 2.546134605440895
    },
    "PPCA_MAH": {
      "silhouette": 0.6640011094115725,
      "dunn": 0.047502596713892696,
      "dbi": 0.8115502058957894
    },
    "OCSVM": {
      "silhouette": 0.4930561189906787,
      "dunn": 0.01974652026469827,
      "dbi": 2.568229244261275
    },
    "FUSED": {
      "silhouette": 0.6426488081020928,
      "dunn": 0.028574224648886138,
      "dbi": 1.1358050478858273
    }
  },
  "weights": {},
  "use_pca": true,
  "use_fa": true,
  "pca_components": 7
}