{
  "bootstrap": {
    "spearman_rho_mean": 0.9828101285027342,
    "spearman_rho_std": 0.0022150234571062534,
    "jaccard_at_k_mean": 0.7261538461538461,
    "jaccard_at_k_std": 0.03384615384615386,
    "ari_mean": 0.7968519633398609,
    "ari_std": 0.06887843035728572,
    "silhouette_std": 0.029303874275356682,
    "dunn_std": 0.03540455305988083,
    "dbi_std": 0.16129341453650306,
    "B": 4,
    "subsample": 0.8
  },
  "seed_sensitivity": {
    "spearman_rho_mean": 0.990100444428449,
    "spearman_rho_std": 0.0,
    "trials": 1
  },
  "noise_robustness": {
    "spearman_rho_mean": 0.9759972149589917,
    "spearman_rho_std": 0.0,
    "sigma": 0.01,
    "trials": 1
  },
  "k_top": 28,
  "n_samples": 704,
  "contamination": 0.04
}