{
  "contamination": 0.04,
  "methods": [
    "IF",
    "LOF",
    "AE",
    "PPCA_MAH",
    "COPULA"
  ],
  "thresholds": {
    "IF": 0.5744535443118344,
    "LOF": 1.374108751588311,
    "AE": 0.37680547405869463,
    "PPCA_MAH": 1141.705807665129,
    "COPULA": 5.810206376185577
  },
  "fused_threshold": 0.9085746799431009,
  "evals": {
    "IF": {
      "silhouette": 0.5348370726158049,
      "dunn": 0.011889386218588857,
      "dbi": 2.102187887975761
    },
    "LOF": {
      "silhouette": 0.4341150479223648,
      "dunn": 0.05034284322049256,
      "dbi": 2.558447737156895
    },
    "AE": {
      "silhouette": 0.4501913413771175,
      "dunn": 0.060498065615418616,
      "dbi": 1.7612604222668486
    },
    "PPCA_MAH": {
      "silhouette": 0.5220677844321266,
      "dunn": 0.05703420866418917,
      "dbi": 1.2494904544698766
    },
    "COPULA": {
      "silhouette": 0.47434813058900394,
      "dunn": 0.027694054097493363,
      "dbi": 2.8848472552779767
    },
    "FUSED": {
      "silhouette": 0.49177456525157354,
      "dunn": 0.02210728108862208,
      "dbi": 2.0151916763033966
    }
  },
  "weights": {},
  "use_pca": false,
  "use_fa": false,
  "pca_components": null
}