{
  "bootstrap": {
    "spearman_rho_mean": 0.9826011850971895,
    "spearman_rho_std": 0.00253415720729224,
    "jaccard_at_k_mean": 0.7104843304843305,
    "jaccard_at_k_std": 0.05424821628606232,
    "ari_mean": 0.8108895991498667,
    "ari_std": 0.04756576770029425,
    "silhouette_std": 0.03839089647686509,
    "dunn_std": 0.026624089005010985,
    "dbi_std": 0.2993905909885991,
    "B": 4,
    "subsample": 0.8
  },
  "seed_sensitivity": {
    "spearman_rho_mean": 0.9944156888260334,
    "spearman_rho_std": 0.0,
    "trials": 1
  },
  "noise_robustness": {
    "spearman_rho_mean": 0.9804898823145891,
    "spearman_rho_std": 0.0,
    "sigma": 0.01,
    "trials": 1
  },
  "k_top": 28,
  "n_samples": 704,
  "contamination": 0.04
}