{
  "contamination": 0.08,
  "methods": [
    "IF",
    "LOF",
    "AE",
    "PPCA_MAH",
    "OCSVM"
  ],
  "thresholds": {
    "IF": 0.5150839201232874,
    "LOF": 1.2334914323607609,
    "AE": 0.16715457844471535,
    "PPCA_MAH": 89.74651558546566,
    "OCSVM": 4.6682991163394616e-05
  },
  "fused_threshold": 0.8198863636363636,
  "evals": {
    "IF": {
      "silhouette": 0.46599776139982463,
      "dunn": 0.013267443066620305,
      "dbi": 2.405579362173524
    },
    "LOF": {
      "silhouette": 0.21488771043668295,
      "dunn": 0.01036223148903153,
      "dbi": 6.150765329606976
    },
    "AE": {
      "silhouette": 0.20162756065534215,
      "dunn": 0.01133018591062536,
      "dbi": 4.281151786079796
    },
    "PPCA_MAH": {
      "silhouette": 0.45214910918564033,
      "dunn": 0.012307833423467533,
      "dbi": 1.9979754335631021
    },
    "OCSVM": {
      "silhouette": 0.4503584302149845,
      "dunn": 0.01464135757384162,
      "dbi": 2.420739850696323
    },
    "FUSED": {
      "silhouette": 0.40483341362478065,
      "dunn": 0.016203986436416563,
      "dbi": 2.55536709805963
    }
  },
  "weights": {},
  "use_pca": true,
  "use_fa": true,
  "pca_components": 7
}