{
  "bootstrap": {
    "spearman_rho_mean": 0.9621741105814888,
    "spearman_rho_std": 0.01032136245889864,
    "jaccard_at_k_mean": 0.6511837114993934,
    "jaccard_at_k_std": 0.042477739381752054,
    "ari_mean": 0.7393340165493315,
    "ari_std": 0.042798694011999136,
    "silhouette_std": 0.011447082444030124,
    "dunn_std": 0.004874397835304249,
    "dbi_std": 0.15857020644624528,
    "B": 12,
    "subsample": 0.8
  },
  "seed_sensitivity": {
    "spearman_rho_mean": 0.9741055881352004,
    "spearman_rho_std": 0.0022363180145858323,
    "trials": 3
  },
  "noise_robustness": {
    "spearman_rho_mean": 0.965734989952647,
    "spearman_rho_std": 0.008601240432107941,
    "sigma": 0.01,
    "trials": 3
  },
  "k_top": 140,
  "n_samples": 1761,
  "contamination": 0.08
}