{
  "contamination": 0.05,
  "methods": [
    "IF",
    "LOF",
    "AE",
    "PPCA_MAH"
  ],
  "thresholds": {
    "IF": 0.5503567794795485,
    "LOF": 1.3232804871572195,
    "AE": 0.01971598808080612,
    "PPCA_MAH": 35.71851409401288
  },
  "fused_threshold": 0.8807610241820769,
  "evals": {
    "IF": {
      "silhouette": 0.47517496949428667,
      "dunn": 0.011136813177157699,
      "dbi": 2.253548490805204
    },
    "LOF": {
      "silhouette": 0.3624560063998374,
      "dunn": 0.021788461157840684,
      "dbi": 4.319342360995147
    },
    "AE": {
      "silhouette": 0.1906803417069782,
      "dunn": 0.016385295111920727,
      "dbi": 3.5108888305013526
    },
    "PPCA_MAH": {
      "silhouette": 0.4713800963912117,
      "dunn": 0.03933818420133353,
      "dbi": 1.4109359821444252
    },
    "FUSED": {
      "silhouette": 0.39143140831898404,
      "dunn": 0.02571018061438337,
      "dbi": 2.9306329333019048
    }
  },
  "weights": {},
  "use_pca": false,
  "use_fa": true,
  "pca_components": 13
}