{
  "bootstrap": {
    "spearman_rho_mean": 0.9596443304234061,
    "spearman_rho_std": 0.005364508450596863,
    "jaccard_at_k_mean": 0.48415216836269465,
    "jaccard_at_k_std": 0.032257846040494274,
    "ari_mean": 0.6454828770332047,
    "ari_std": 0.03610147050328229,
    "silhouette_std": 0.01742711465903109,
    "dunn_std": 0.011468377472299455,
    "dbi_std": 0.306875451962493,
    "B": 4,
    "subsample": 0.8
  },
  "seed_sensitivity": {
    "spearman_rho_mean": 0.9568822057971167,
    "spearman_rho_std": 0.0,
    "trials": 1
  },
  "noise_robustness": {
    "spearman_rho_mean": 0.7775103946596386,
    "spearman_rho_std": 0.0,
    "sigma": 0.01,
    "trials": 1
  },
  "k_top": 35,
  "n_samples": 704,
  "contamination": 0.05
}