{
  "contamination": 0.06,
  "methods": [
    "IF",
    "LOF",
    "AE",
    "PPCA_MAH",
    "HDBSCAN"
  ],
  "thresholds": {
    "IF": 0.5211318325371992,
    "LOF": 1.2699970962847362,
    "AE": 0.19101174491510847,
    "PPCA_MAH": 96.88734057148959,
    "HDBSCAN": 0.3827449640134271
  },
  "fused_threshold": 0.8619545454545453,
  "evals": {
    "IF": {
      "silhouette": 0.5246989895191491,
      "dunn": 0.016422393907890555,
      "dbi": 1.6927412352162883
    },
    "LOF": {
      "silhouette": 0.3339123005190193,
      "dunn": 0.010395113533678736,
      "dbi": 3.2355967040782447
    },
    "AE": {
      "silhouette": 0.18605941257499045,
      "dunn": 0.021067717419737314,
      "dbi": 4.576188932256609
    },
    "PPCA_MAH": {
      "silhouette": 0.5095556747862364,
      "dunn": 0.008049974607112716,
      "dbi": 1.7175121937792557
    },
    "HDBSCAN": {
      "silhouette": 0.5182136484764488,
      "dunn": 0.016422393907890555,
      "dbi": 1.4205056405297813
    },
    "FUSED": {
      "silhouette": 0.4725843176397528,
      "dunn": 0.02063443754014825,
      "dbi": 1.9568989830172119
    }
  },
  "weights": {},
  "use_pca": true,
  "use_fa": true,
  "pca_components": 7
}