{
  "contamination": 0.04,
  "methods": [
    "IF",
    "LOF",
    "AE",
    "PPCA_MAH"
  ],
  "thresholds": {
    "IF": 0.5671113008855769,
    "LOF": 1.3567741756719487,
    "AE": 0.22698621834838795,
    "PPCA_MAH": 1193.1999799243265
  },
  "fused_threshold": 0.9026704545454544,
  "evals": {
    "IF": {
      "silhouette": 0.5757462735278551,
      "dunn": 0.04043486683687491,
      "dbi": 1.6637948559682918
    },
    "LOF": {
      "silhouette": 0.48943994916402656,
      "dunn": 0.03071255223967093,
      "dbi": 1.9460824142050643
    },
    "AE": {
      "silhouette": 0.3204690021470373,
      "dunn": 0.022928434788426526,
      "dbi": 3.0248971990026816
    },
    "PPCA_MAH": {
      "silhouette": 0.5699113979328891,
      "dunn": 0.02001694943057684,
      "dbi": 1.2709062230894916
    },
    "FUSED": {
      "silhouette": 0.5335771336508505,
      "dunn": 0.02335513963334371,
      "dbi": 1.6874689768500994
    }
  },
  "weights": {},
  "use_pca": false,
  "use_fa": false,
  "pca_components": null
}