{
  "contamination": 0.02,
  "methods": [
    "IF",
    "LOF",
    "AE",
    "PPCA_MAH",
    "OCSVM",
    "HDBSCAN"
  ],
  "thresholds": {
    "IF": 0.6082518976995087,
    "LOF": 1.4109198643502339,
    "AE": 0.3132358502326715,
    "PPCA_MAH": 2246.217306953997,
    "OCSVM": 6.66196924958393e-05,
    "HDBSCAN": 0.6374007052720507
  },
  "fused_threshold": 0.9393939393939394,
  "evals": {
    "IF": {
      "silhouette": 0.6504063608367754,
      "dunn": 0.049211051890267976,
      "dbi": 1.2243385337337798
    },
    "LOF": {
      "silhouette": 0.4815783070248464,
      "dunn": 0.04077577425469534,
      "dbi": 2.594829533296192
    },
    "AE": {
      "silhouette": 0.4042264244365455,
      "dunn": 0.0234038939500265,
      "dbi": 2.3162519955615712
    },
    "PPCA_MAH": {
      "silhouette": 0.6377275902777626,
      "dunn": 0.05175870108837764,
      "dbi": 1.196863181322686
    },
    "OCSVM": {
      "silhouette": 0.5158639933280411,
      "dunn": 0.02877972551910836,
      "dbi": 2.092434821623551
    },
    "HDBSCAN": {
      "silhouette": 0.659727817243656,
      "dunn": 0.057509197038712705,
      "dbi": 0.8822134562764132
    },
    "FUSED": {
      "silhouette": 0.6106665093482967,
      "dunn": 0.031818453678612295,
      "dbi": 1.4677451799214158
    }
  },
  "weights": {},
  "use_pca": false,
  "use_fa": false,
  "pca_components": null
}