{
  "contamination": 0.05,
  "methods": [
    "IF",
    "LOF",
    "AE",
    "PPCA_MAH",
    "HDBSCAN"
  ],
  "thresholds": {
    "IF": 0.5340027960492758,
    "LOF": 1.4396470067080334,
    "AE": 0.5027731550794002,
    "PPCA_MAH": 105.0427339178678,
    "HDBSCAN": 0.6422495961591029
  },
  "fused_threshold": 0.90724039829303,
  "evals": {
    "IF": {
      "silhouette": 0.48378448558091414,
      "dunn": 0.018575417022873505,
      "dbi": 1.6520180090150602
    },
    "LOF": {
      "silhouette": 0.4745985798427599,
      "dunn": 0.018199993077845335,
      "dbi": 1.883095118663007
    },
    "AE": {
      "silhouette": 0.38900314460512375,
      "dunn": 0.026957870156118193,
      "dbi": 2.050076063655219
    },
    "PPCA_MAH": {
      "silhouette": 0.4963162703732571,
      "dunn": 0.029934879077704844,
      "dbi": 1.6860255669541717
    },
    "HDBSCAN": {
      "silhouette": 0.5276268165765169,
      "dunn": 0.04436568622544537,
      "dbi": 1.346719267466637
    },
    "FUSED": {
      "silhouette": 0.5010408760365798,
      "dunn": 0.018880077496542694,
      "dbi": 1.263928716914409
    }
  },
  "weights": {},
  "use_pca": true,
  "use_fa": false,
  "pca_components": 7
}