{
  "bootstrap": {
    "spearman_rho_mean": 0.9659630053245802,
    "spearman_rho_std": 0.004043544898420067,
    "jaccard_at_k_mean": 0.6419281827563561,
    "jaccard_at_k_std": 0.10373215947299769,
    "ari_mean": 0.72014573454499,
    "ari_std": 0.12844119726642814,
    "silhouette_std": 0.03614842783063568,
    "dunn_std": 0.020158813042031636,
    "dbi_std": 0.49844506956847706,
    "B": 4,
    "subsample": 0.8
  },
  "seed_sensitivity": {
    "spearman_rho_mean": 0.9712998245755594,
    "spearman_rho_std": 0.0,
    "trials": 1
  },
  "noise_robustness": {
    "spearman_rho_mean": 0.9830362722973919,
    "spearman_rho_std": 0.0,
    "sigma": 0.01,
    "trials": 1
  },
  "k_top": 35,
  "n_samples": 704,
  "contamination": 0.05
}