{
  "bootstrap": {
    "spearman_rho_mean": 0.9400444713295463,
    "spearman_rho_std": 0.011100595944470116,
    "jaccard_at_k_mean": 0.5432808039194609,
    "jaccard_at_k_std": 0.06895823159821826,
    "ari_mean": 0.6623854391369243,
    "ari_std": 0.06077883974327869,
    "silhouette_std": 0.020553528372875763,
    "dunn_std": 0.003413118748377871,
    "dbi_std": 0.27959983579319914,
    "B": 12,
    "subsample": 0.8
  },
  "seed_sensitivity": {
    "spearman_rho_mean": 0.9719972410493124,
    "spearman_rho_std": 0.012444195793061493,
    "trials": 3
  },
  "noise_robustness": {
    "spearman_rho_mean": 0.862561175393394,
    "spearman_rho_std": 0.003159338266117342,
    "sigma": 0.01,
    "trials": 3
  },
  "k_top": 105,
  "n_samples": 1761,
  "contamination": 0.06
}