{
  "bootstrap": {
    "spearman_rho_mean": 0.9570175375202915,
    "spearman_rho_std": 0.006899711679151684,
    "jaccard_at_k_mean": 0.6007104290991759,
    "jaccard_at_k_std": 0.11843281549066574,
    "ari_mean": 0.7194202634565589,
    "ari_std": 0.10123629621434,
    "silhouette_std": 0.029270495804020007,
    "dunn_std": 0.00770896909260026,
    "dbi_std": 0.6214795697721115,
    "B": 4,
    "subsample": 0.8
  },
  "seed_sensitivity": {
    "spearman_rho_mean": 0.9590705775309101,
    "spearman_rho_std": 0.0,
    "trials": 1
  },
  "noise_robustness": {
    "spearman_rho_mean": 0.975910634478981,
    "spearman_rho_std": 0.0,
    "sigma": 0.01,
    "trials": 1
  },
  "k_top": 49,
  "n_samples": 704,
  "contamination": 0.07
}