{
  "contamination": 0.07,
  "methods": [
    "IF",
    "LOF",
    "AE",
    "PPCA_MAH"
  ],
  "thresholds": {
    "IF": 0.5147432568066658,
    "LOF": 1.2993017466448376,
    "AE": 0.41174192026275724,
    "PPCA_MAH": 98.68889250832855
  },
  "fused_threshold": 0.8760775248933146,
  "evals": {
    "IF": {
      "silhouette": 0.4459309032917791,
      "dunn": 0.03762110640465045,
      "dbi": 2.1293080209052953
    },
    "LOF": {
      "silhouette": 0.35498605937068767,
      "dunn": 0.02687508119925931,
      "dbi": 2.9272627597532392
    },
    "AE": {
      "silhouette": 0.3426742266119424,
      "dunn": 0.018880077496542694,
      "dbi": 2.315773427704125
    },
    "PPCA_MAH": {
      "silhouette": 0.440011068287598,
      "dunn": 0.02137780424431333,
      "dbi": 1.8196386621436853
    },
    "FUSED": {
      "silhouette": 0.4184920018578625,
      "dunn": 0.038310204839555065,
      "dbi": 1.7850366301879956
    }
  },
  "weights": {},
  "use_pca": true,
  "use_fa": false,
  "pca_components": 7
}