{
  "bootstrap": {
    "spearman_rho_mean": 0.9556632014715735,
    "spearman_rho_std": 0.0039187916440534985,
    "jaccard_at_k_mean": 0.61322695035461,
    "jaccard_at_k_std": 0.08975952061295205,
    "ari_mean": 0.7214634839185494,
    "ari_std": 0.10286615872045107,
    "silhouette_std": 0.02794499824045249,
    "dunn_std": 0.010996985869514198,
    "dbi_std": 0.6501928785649981,
    "B": 4,
    "subsample": 0.8
  },
  "seed_sensitivity": {
    "spearman_rho_mean": 0.9595773620736231,
    "spearman_rho_std": 0.0,
    "trials": 1
  },
  "noise_robustness": {
    "spearman_rho_mean": 0.9786714919668836,
    "spearman_rho_std": 0.0,
    "sigma": 0.01,
    "trials": 1
  },
  "k_top": 49,
  "n_samples": 704,
  "contamination": 0.07
}