{
  "bootstrap": {
    "spearman_rho_mean": 0.967651233577656,
    "spearman_rho_std": 0.004268896299972921,
    "jaccard_at_k_mean": 0.5491570881226053,
    "jaccard_at_k_std": 0.07051729082029742,
    "ari_mean": 0.6576680048812478,
    "ari_std": 0.04482997778619222,
    "silhouette_std": 0.014927799487297727,
    "dunn_std": 0.013286938919438464,
    "dbi_std": 0.08217853091601562,
    "B": 6,
    "subsample": 0.8
  },
  "seed_sensitivity": {
    "spearman_rho_mean": 0.9769542994378381,
    "spearman_rho_std": 0.004197467035422675,
    "trials": 2
  },
  "noise_robustness": {
    "spearman_rho_mean": 0.9733086433211844,
    "spearman_rho_std": 0.011571657184333783,
    "sigma": 0.01,
    "trials": 2
  },
  "k_top": 26,
  "n_samples": 1321,
  "contamination": 0.02
}