{
  "contamination": 0.02,
  "methods": [
    "IF",
    "LOF",
    "AE",
    "PPCA_MAH",
    "COPULA"
  ],
  "thresholds": {
    "IF": 0.5696485585936251,
    "LOF": 1.5249868037883314,
    "AE": 0.3577463044350331,
    "PPCA_MAH": 221.47439723826795,
    "COPULA": 11.964754259380813
  },
  "fused_threshold": 0.9427575757575756,
  "evals": {
    "IF": {
      "silhouette": 0.6483786486871839,
      "dunn": 0.04575355895339471,
      "dbi": 0.969019936257407
    },
    "LOF": {
      "silhouette": 0.6093231498889575,
      "dunn": 0.04597089976812143,
      "dbi": 1.138202008449939
    },
    "AE": {
      "silhouette": 0.2576643462536786,
      "dunn": 0.025011055503356885,
      "dbi": 2.7729916072813383
    },
    "PPCA_MAH": {
      "silhouette": 0.6567145509919978,
      "dunn": 0.09513026657585176,
      "dbi": 0.7129310130655019
    },
    "COPULA": {
      "silhouette": 0.6470906671437157,
      "dunn": 0.03387059971245031,
      "dbi": 0.8179098582294183
    },
    "FUSED": {
      "silhouette": 0.6174989802686244,
      "dunn": 0.028652305801743463,
      "dbi": 1.0676359361392072
    }
  },
  "weights": {},
  "use_pca": true,
  "use_fa": false,
  "pca_components": 7
}