{
  "bootstrap": {
    "spearman_rho_mean": 0.9777457106593997,
    "spearman_rho_std": 0.005042521838140193,
    "jaccard_at_k_mean": 0.8728830947435733,
    "jaccard_at_k_std": 0.043337028991656285,
    "ari_mean": 0.91907510766272,
    "ari_std": 0.032933245242225656,
    "silhouette_std": 0.010836697857946808,
    "dunn_std": 0.007002167602105593,
    "dbi_std": 0.10749863173087733,
    "B": 12,
    "subsample": 0.8
  },
  "seed_sensitivity": {
    "spearman_rho_mean": 0.9983903379911153,
    "spearman_rho_std": 0.00020184590850219692,
    "trials": 3
  },
  "noise_robustness": {
    "spearman_rho_mean": 0.9759276737749457,
    "spearman_rho_std": 0.015650524244616056,
    "sigma": 0.01,
    "trials": 3
  },
  "k_top": 70,
  "n_samples": 1761,
  "contamination": 0.04
}