{
  "contamination": 0.04,
  "methods": [
    "IF",
    "LOF",
    "PPCA_MAH",
    "HDBSCAN"
  ],
  "thresholds": {
    "IF": 0.541883987836972,
    "LOF": 1.3828718373562074,
    "PPCA_MAH": 119.47788309544305,
    "HDBSCAN": 0.5878773897634516
  },
  "fused_threshold": 0.9297727272727273,
  "evals": {
    "IF": {
      "silhouette": 0.5739622665097129,
      "dunn": 0.024208666683180155,
      "dbi": 1.4829983456516624
    },
    "LOF": {
      "silhouette": 0.5027869059243161,
      "dunn": 0.02058994565406506,
      "dbi": 1.7774041007142038
    },
    "PPCA_MAH": {
      "silhouette": 0.591734984022291,
      "dunn": 0.02324002886333166,
      "dbi": 1.0780221784663881
    },
    "HDBSCAN": {
      "silhouette": 0.5914029593222523,
      "dunn": 0.04516861915706897,
      "dbi": 1.155938620571356
    },
    "FUSED": {
      "silhouette": 0.5707240490434259,
      "dunn": 0.0319625627815565,
      "dbi": 1.4109992705735934
    }
  },
  "weights": {},
  "use_pca": true,
  "use_fa": true,
  "pca_components": 7
}