{
  "bootstrap": {
    "spearman_rho_mean": 0.9603265252277898,
    "spearman_rho_std": 0.011877332408824524,
    "jaccard_at_k_mean": 0.5133563070095578,
    "jaccard_at_k_std": 0.07060245392909194,
    "ari_mean": 0.6507480051328108,
    "ari_std": 0.0599036152731931,
    "silhouette_std": 0.017744272001649908,
    "dunn_std": 0.00924608798554016,
    "dbi_std": 0.09015781946149261,
    "B": 12,
    "subsample": 0.8
  },
  "seed_sensitivity": {
    "spearman_rho_mean": 0.9684984361951106,
    "spearman_rho_std": 0.0021168245754344343,
    "trials": 3
  },
  "noise_robustness": {
    "spearman_rho_mean": 0.9589489008668876,
    "spearman_rho_std": 0.010547231162515183,
    "sigma": 0.01,
    "trials": 3
  },
  "k_top": 35,
  "n_samples": 1761,
  "contamination": 0.02
}