{
  "bootstrap": {
    "spearman_rho_mean": 0.9904226450873762,
    "spearman_rho_std": 0.005823203126984856,
    "jaccard_at_k_mean": 0.8633466197009024,
    "jaccard_at_k_std": 0.05840181194523935,
    "ari_mean": 0.897898593620039,
    "ari_std": 0.025937637959030875,
    "silhouette_std": 0.008787680835112903,
    "dunn_std": 0.015326925445484639,
    "dbi_std": 0.05180664365835677,
    "B": 12,
    "subsample": 0.8
  },
  "seed_sensitivity": {
    "spearman_rho_mean": 0.995722324419713,
    "spearman_rho_std": 0.00048689764999180715,
    "trials": 3
  },
  "noise_robustness": {
    "spearman_rho_mean": 0.995761974689783,
    "spearman_rho_std": 0.0003367936535846693,
    "sigma": 0.01,
    "trials": 3
  },
  "k_top": 35,
  "n_samples": 1761,
  "contamination": 0.02
}