{
  "bootstrap": {
    "spearman_rho_mean": 0.9636646310489153,
    "spearman_rho_std": 0.012215495141617811,
    "jaccard_at_k_mean": 0.5610626374171267,
    "jaccard_at_k_std": 0.09362167109957971,
    "ari_mean": 0.7074447896807268,
    "ari_std": 0.08649667011053157,
    "silhouette_std": 0.0207727965674362,
    "dunn_std": 0.01120333382261765,
    "dbi_std": 0.15493247948012356,
    "B": 12,
    "subsample": 0.8
  },
  "seed_sensitivity": {
    "spearman_rho_mean": 0.9620970114921299,
    "spearman_rho_std": 0.005382973773825404,
    "trials": 3
  },
  "noise_robustness": {
    "spearman_rho_mean": 0.9600824103788582,
    "spearman_rho_std": 0.013197309479329391,
    "sigma": 0.01,
    "trials": 3
  },
  "k_top": 35,
  "n_samples": 1761,
  "contamination": 0.02
}