{
  "contamination": 0.1,
  "methods": [
    "IF",
    "LOF",
    "AE",
    "PPCA_MAH",
    "OCSVM",
    "HDBSCAN"
  ],
  "thresholds": {
    "IF": 0.5160231566349293,
    "LOF": 1.2596037484494567,
    "AE": 0.11494836941371805,
    "PPCA_MAH": 359.3025169598784,
    "OCSVM": -7.187659562646331e-06,
    "HDBSCAN": 0.3978562873494232
  },
  "fused_threshold": 0.8435606060606061,
  "evals": {
    "IF": {
      "silhouette": 0.4480105962763614,
      "dunn": 0.015756416928731275,
      "dbi": 2.665887955675867
    },
    "LOF": {
      "silhouette": 0.3478890468397964,
      "dunn": 0.015953220873634356,
      "dbi": 2.687624993029568
    },
    "AE": {
      "silhouette": 0.2306145303798012,
      "dunn": 0.015312164460485363,
      "dbi": 3.5534372420669778
    },
    "PPCA_MAH": {
      "silhouette": 0.4325633513945136,
      "dunn": 0.008550550038813732,
      "dbi": 1.651705544012536
    },
    "OCSVM": {
      "silhouette": 0.41501764511118605,
      "dunn": 0.010512031693239816,
      "dbi": 2.6477540680918548
    },
    "HDBSCAN": {
      "silhouette": 0.44808859828917097,
      "dunn": 0.02341055054390994,
      "dbi": 1.7757458528869225
    },
    "FUSED": {
      "silhouette": 0.4280247408041751,
      "dunn": 0.01908478075539944,
      "dbi": 2.0769932376814397
    }
  },
  "weights": {},
  "use_pca": false,
  "use_fa": false,
  "pca_components": null
}