{
  "contamination": 0.02,
  "methods": [
    "IF",
    "LOF",
    "PPCA_MAH",
    "OCSVM",
    "COPULA"
  ],
  "thresholds": {
    "IF": 0.576423103718669,
    "LOF": 1.450819572221769,
    "PPCA_MAH": 139.69261641875426,
    "OCSVM": 0.00014920238350381207,
    "COPULA": 10.527530170584743
  },
  "fused_threshold": 0.9612745376955902,
  "evals": {
    "IF": {
      "silhouette": 0.598326149785834,
      "dunn": 0.0598056618817088,
      "dbi": 1.0906010448031678
    },
    "LOF": {
      "silhouette": 0.48847969656490486,
      "dunn": 0.04868188799704507,
      "dbi": 2.159475516477888
    },
    "PPCA_MAH": {
      "silhouette": 0.5820397609438163,
      "dunn": 0.07554131307016601,
      "dbi": 1.1054375241177512
    },
    "OCSVM": {
      "silhouette": 0.3153672513071815,
      "dunn": 0.029125144518408176,
      "dbi": 4.1924723441547584
    },
    "COPULA": {
      "silhouette": 0.5994130564966423,
      "dunn": 0.04759024020402728,
      "dbi": 1.0776113016721083
    },
    "FUSED": {
      "silhouette": 0.5849366865385508,
      "dunn": 0.06387250003488014,
      "dbi": 1.1886782960653157
    }
  },
  "weights": {},
  "use_pca": true,
  "use_fa": false,
  "pca_components": 7
}