{
  "bootstrap": {
    "spearman_rho_mean": 0.994085569926454,
    "spearman_rho_std": 0.0013212637846473114,
    "jaccard_at_k_mean": 0.7980769230769231,
    "jaccard_at_k_std": 0.06106589385659505,
    "ari_mean": 0.8940353192183933,
    "ari_std": 0.07256506740454022,
    "silhouette_std": 0.05343275106887887,
    "dunn_std": 0.018387438804494012,
    "dbi_std": 0.18800939567181577,
    "B": 4,
    "subsample": 0.8
  },
  "seed_sensitivity": {
    "spearman_rho_mean": 0.9987721079192479,
    "spearman_rho_std": 0.0,
    "trials": 1
  },
  "noise_robustness": {
    "spearman_rho_mean": 0.9982080958204353,
    "spearman_rho_std": 0.0,
    "sigma": 0.01,
    "trials": 1
  },
  "k_top": 14,
  "n_samples": 704,
  "contamination": 0.02
}