{
  "contamination": 0.02,
  "methods": [
    "IF",
    "LOF",
    "AE",
    "PPCA_MAH"
  ],
  "thresholds": {
    "IF": 0.6076456438993049,
    "LOF": 1.4663174279458717,
    "AE": 0.22109271284077683,
    "PPCA_MAH": 2658.959656407047
  },
  "fused_threshold": 0.9309090909090908,
  "evals": {
    "IF": {
      "silhouette": 0.64874088867189,
      "dunn": 0.04680391773948386,
      "dbi": 1.0185623003359892
    },
    "LOF": {
      "silhouette": 0.5737516336562445,
      "dunn": 0.041491208118330444,
      "dbi": 1.6441696325168822
    },
    "AE": {
      "silhouette": 0.397704342092826,
      "dunn": 0.023246881709723898,
      "dbi": 2.7942640945160333
    },
    "PPCA_MAH": {
      "silhouette": 0.6398466438113423,
      "dunn": 0.0512476329058676,
      "dbi": 1.1674207501982705
    },
    "FUSED": {
      "silhouette": 0.6175036835963773,
      "dunn": 0.031026699575109576,
      "dbi": 1.4943832786046887
    }
  },
  "weights": {},
  "use_pca": false,
  "use_fa": false,
  "pca_components": null
}