{
  "bootstrap": {
    "spearman_rho_mean": 0.9696656041494802,
    "spearman_rho_std": 0.0044362379036901305,
    "jaccard_at_k_mean": 0.6244404832640127,
    "jaccard_at_k_std": 0.04513585637318352,
    "ari_mean": 0.7333419729325419,
    "ari_std": 0.05177477461259045,
    "silhouette_std": 0.01979647494706371,
    "dunn_std": 0.009982349859937038,
    "dbi_std": 0.18624566419550928,
    "B": 12,
    "subsample": 0.8
  },
  "seed_sensitivity": {
    "spearman_rho_mean": 0.9785742618800923,
    "spearman_rho_std": 0.004413202900023218,
    "trials": 3
  },
  "noise_robustness": {
    "spearman_rho_mean": 0.9750979880570041,
    "spearman_rho_std": 0.010006723676020674,
    "sigma": 0.01,
    "trials": 3
  },
  "k_top": 35,
  "n_samples": 1761,
  "contamination": 0.02
}