{
  "bootstrap": {
    "spearman_rho_mean": 0.9596383242005556,
    "spearman_rho_std": 0.011442664960930953,
    "jaccard_at_k_mean": 0.516068957136372,
    "jaccard_at_k_std": 0.07875134745263766,
    "ari_mean": 0.6355065530363349,
    "ari_std": 0.06383411260619314,
    "silhouette_std": 0.023684224858386803,
    "dunn_std": 0.005814296856243933,
    "dbi_std": 0.29275470677471754,
    "B": 12,
    "subsample": 0.8
  },
  "seed_sensitivity": {
    "spearman_rho_mean": 0.9616120303607171,
    "spearman_rho_std": 0.015114217485107198,
    "trials": 3
  },
  "noise_robustness": {
    "spearman_rho_mean": 0.837174743852756,
    "spearman_rho_std": 0.004853679535586741,
    "sigma": 0.01,
    "trials": 3
  },
  "k_top": 70,
  "n_samples": 1761,
  "contamination": 0.04
}