{
  "contamination": 0.04,
  "methods": [
    "IF",
    "LOF",
    "AE",
    "PPCA_MAH"
  ],
  "thresholds": {
    "IF": 0.5631284376606227,
    "LOF": 1.406175317800289,
    "AE": 0.0033245728336670412,
    "PPCA_MAH": 78.33344977470067
  },
  "fused_threshold": 0.9007102272727272,
  "evals": {
    "IF": {
      "silhouette": 0.5208955322160898,
      "dunn": 0.028910827717990424,
      "dbi": 2.0312982311309584
    },
    "LOF": {
      "silhouette": 0.46293450507526135,
      "dunn": 0.017174873342197628,
      "dbi": 2.00353867431791
    },
    "AE": {
      "silhouette": 0.23786904838707493,
      "dunn": 0.008842392481656497,
      "dbi": 2.904243277976956
    },
    "PPCA_MAH": {
      "silhouette": 0.5309245021081686,
      "dunn": 0.0210111231863611,
      "dbi": 1.2764990949794337
    },
    "FUSED": {
      "silhouette": 0.4812411040257801,
      "dunn": 0.023268684849253877,
      "dbi": 2.084140775118018
    }
  },
  "weights": {},
  "use_pca": false,
  "use_fa": true,
  "pca_components": 13
}