{
  "contamination": 0.04,
  "methods": [
    "IF",
    "LOF",
    "AE",
    "PPCA_MAH",
    "HDBSCAN",
    "COPULA"
  ],
  "thresholds": {
    "IF": 0.5435857274252631,
    "LOF": 1.3600072296388384,
    "AE": 0.27263507310231017,
    "PPCA_MAH": 112.01595303833507,
    "HDBSCAN": 0.5451058402314637,
    "COPULA": 8.055751343089955
  },
  "fused_threshold": 0.9063257575757574,
  "evals": {
    "IF": {
      "silhouette": 0.5735538398069716,
      "dunn": 0.03467540639776232,
      "dbi": 1.4842208538394506
    },
    "LOF": {
      "silhouette": 0.49764197591632353,
      "dunn": 0.0254484919765772,
      "dbi": 1.8359456969830952
    },
    "AE": {
      "silhouette": 0.26663531609981306,
      "dunn": 0.013520358558636411,
      "dbi": 3.708985505550518
    },
    "PPCA_MAH": {
      "silhouette": 0.5830663739743058,
      "dunn": 0.023110905573543797,
      "dbi": 1.3434379424617573
    },
    "HDBSCAN": {
      "silhouette": 0.5897326947820355,
      "dunn": 0.04463950303974757,
      "dbi": 1.1290756347830582
    },
    "COPULA": {
      "silhouette": 0.5662104952876916,
      "dunn": 0.019761494920273945,
      "dbi": 1.3945878453252634
    },
    "FUSED": {
      "silhouette": 0.5465715301352054,
      "dunn": 0.015867571975722406,
      "dbi": 1.5266195922063586
    }
  },
  "weights": {},
  "use_pca": true,
  "use_fa": true,
  "pca_components": 7
}