{
  "bootstrap": {
    "spearman_rho_mean": 0.9809112556834568,
    "spearman_rho_std": 0.0020836213171195155,
    "jaccard_at_k_mean": 0.6139719029374202,
    "jaccard_at_k_std": 0.11918070190732415,
    "ari_mean": 0.7462162083192315,
    "ari_std": 0.07928398442747911,
    "silhouette_std": 0.024942459974605757,
    "dunn_std": 0.01081172176765221,
    "dbi_std": 0.22818625018573419,
    "B": 6,
    "subsample": 0.8
  },
  "seed_sensitivity": {
    "spearman_rho_mean": 0.9952520799380726,
    "spearman_rho_std": 0.002013272700235824,
    "trials": 2
  },
  "noise_robustness": {
    "spearman_rho_mean": 0.9932166871825788,
    "spearman_rho_std": 0.0012703037622014968,
    "sigma": 0.01,
    "trials": 2
  },
  "k_top": 26,
  "n_samples": 1321,
  "contamination": 0.02
}