{
  "bootstrap": {
    "spearman_rho_mean": 0.9896724686288715,
    "spearman_rho_std": 0.004517505400499352,
    "jaccard_at_k_mean": 0.8093715239154615,
    "jaccard_at_k_std": 0.07392624219260717,
    "ari_mean": 0.870022725050385,
    "ari_std": 0.024547779420427563,
    "silhouette_std": 0.020314257842227946,
    "dunn_std": 0.0066536063526981964,
    "dbi_std": 0.15542724623413562,
    "B": 4,
    "subsample": 0.8
  },
  "seed_sensitivity": {
    "spearman_rho_mean": 0.9982588760970421,
    "spearman_rho_std": 0.0,
    "trials": 1
  },
  "noise_robustness": {
    "spearman_rho_mean": 0.9784695539677322,
    "spearman_rho_std": 0.0,
    "sigma": 0.01,
    "trials": 1
  },
  "k_top": 35,
  "n_samples": 704,
  "contamination": 0.05
}