{
  "contamination": 0.05,
  "methods": [
    "IF",
    "LOF",
    "PPCA_MAH",
    "COPULA"
  ],
  "thresholds": {
    "IF": 0.559156262735656,
    "LOF": 1.408186937546294,
    "PPCA_MAH": 840.0511952891911,
    "COPULA": 4.923806631733219
  },
  "fused_threshold": 0.916020625889047,
  "evals": {
    "IF": {
      "silhouette": 0.5095164894583909,
      "dunn": 0.03118972019555963,
      "dbi": 2.124875635733895
    },
    "LOF": {
      "silhouette": 0.41975544099472245,
      "dunn": 0.05034284322049256,
      "dbi": 2.679536724734744
    },
    "PPCA_MAH": {
      "silhouette": 0.4926363208818037,
      "dunn": 0.037628905507702363,
      "dbi": 1.4521564112395193
    },
    "COPULA": {
      "silhouette": 0.4391438611840685,
      "dunn": 0.027694054097493363,
      "dbi": 3.098075755447942
    },
    "FUSED": {
      "silhouette": 0.49336491868191473,
      "dunn": 0.02191969415389566,
      "dbi": 2.1628482744320494
    }
  },
  "weights": {},
  "use_pca": false,
  "use_fa": false,
  "pca_components": null
}