{
  "contamination": 0.02,
  "methods": [
    "IF",
    "LOF",
    "PPCA_MAH",
    "OCSVM",
    "COPULA"
  ],
  "thresholds": {
    "IF": 0.6049891386843959,
    "LOF": 1.4300605419088024,
    "PPCA_MAH": 143.96624924930592,
    "OCSVM": 8.771936772231488e-05,
    "COPULA": -4.150478023881205
  },
  "fused_threshold": 0.9597727272727272,
  "evals": {
    "IF": {
      "silhouette": 0.5858325520148158,
      "dunn": 0.03336245022843252,
      "dbi": 1.4830337874668977
    },
    "LOF": {
      "silhouette": 0.4486399396364999,
      "dunn": 0.026273621293247264,
      "dbi": 2.656704220764813
    },
    "PPCA_MAH": {
      "silhouette": 0.6005097932531946,
      "dunn": 0.0344843461383672,
      "dbi": 0.9431278633563037
    },
    "OCSVM": {
      "silhouette": 0.42293746405000376,
      "dunn": 0.01672880745187555,
      "dbi": 3.1333286471085477
    },
    "COPULA": {
      "silhouette": 0.5811008847402305,
      "dunn": 0.0210111231863611,
      "dbi": 1.2104605385984155
    },
    "FUSED": {
      "silhouette": 0.5766441915964006,
      "dunn": 0.0344843461383672,
      "dbi": 1.327513848919966
    }
  },
  "weights": {},
  "use_pca": false,
  "use_fa": true,
  "pca_components": 13
}