{
  "bootstrap": {
    "spearman_rho_mean": 0.992559569620733,
    "spearman_rho_std": 0.0012741380073771058,
    "jaccard_at_k_mean": 0.8385381905821283,
    "jaccard_at_k_std": 0.06748209927814007,
    "ari_mean": 0.8898970605893941,
    "ari_std": 0.034546424413611325,
    "silhouette_std": 0.02168002841686763,
    "dunn_std": 0.009013801347703168,
    "dbi_std": 0.10942635146256612,
    "B": 4,
    "subsample": 0.8
  },
  "seed_sensitivity": {
    "spearman_rho_mean": 0.9984460225903066,
    "spearman_rho_std": 0.0,
    "trials": 1
  },
  "noise_robustness": {
    "spearman_rho_mean": 0.8029996736916891,
    "spearman_rho_std": 0.0,
    "sigma": 0.01,
    "trials": 1
  },
  "k_top": 35,
  "n_samples": 704,
  "contamination": 0.05
}