{
  "contamination": 0.05,
  "methods": [
    "IF",
    "LOF",
    "PPCA_MAH"
  ],
  "thresholds": {
    "IF": 0.5474455877582644,
    "LOF": 1.3621600056521423,
    "PPCA_MAH": 36.12085983459367
  },
  "fused_threshold": 0.9269796111901375,
  "evals": {
    "IF": {
      "silhouette": 0.473374645018632,
      "dunn": 0.02390834707839845,
      "dbi": 2.2618581676752396
    },
    "LOF": {
      "silhouette": 0.40133219215471366,
      "dunn": 0.022347727819056196,
      "dbi": 3.4379202049132926
    },
    "PPCA_MAH": {
      "silhouette": 0.47654041589329554,
      "dunn": 0.03933818420133353,
      "dbi": 1.36650713820745
    },
    "FUSED": {
      "silhouette": 0.4655305097717679,
      "dunn": 0.02431234858753655,
      "dbi": 2.2285757504665162
    }
  },
  "weights": {},
  "use_pca": false,
  "use_fa": true,
  "pca_components": 13
}