{
  "contamination": 0.02,
  "methods": [
    "IF",
    "LOF",
    "AE",
    "PPCA_MAH",
    "OCSVM"
  ],
  "thresholds": {
    "IF": 0.5856580826499133,
    "LOF": 1.4639810726997486,
    "AE": 0.3577463044350331,
    "PPCA_MAH": 221.47439723826795,
    "OCSVM": 6.765578206944047e-05
  },
  "fused_threshold": 0.9344545454545454,
  "evals": {
    "IF": {
      "silhouette": 0.6518923411646601,
      "dunn": 0.04830471326452664,
      "dbi": 0.8471000706965695
    },
    "LOF": {
      "silhouette": 0.5447351866372568,
      "dunn": 0.04834132078917115,
      "dbi": 1.6519357738095384
    },
    "AE": {
      "silhouette": 0.2576643462536786,
      "dunn": 0.025011055503356885,
      "dbi": 2.7729916072813383
    },
    "PPCA_MAH": {
      "silhouette": 0.6567145509919978,
      "dunn": 0.09513026657585176,
      "dbi": 0.7129310130655019
    },
    "OCSVM": {
      "silhouette": 0.5243489061728213,
      "dunn": 0.028982565651028212,
      "dbi": 2.0316097253456453
    },
    "FUSED": {
      "silhouette": 0.5780917679404165,
      "dunn": 0.028652305801743463,
      "dbi": 1.436979441425812
    }
  },
  "weights": {},
  "use_pca": true,
  "use_fa": false,
  "pca_components": 7
}