{
  "bootstrap": {
    "spearman_rho_mean": 0.9956891542279251,
    "spearman_rho_std": 0.0010993883808468423,
    "jaccard_at_k_mean": 0.9171576190124816,
    "jaccard_at_k_std": 0.029236440416085217,
    "ari_mean": 0.9381197662322013,
    "ari_std": 0.019226782571642398,
    "silhouette_std": 0.010507805722954362,
    "dunn_std": 0.001314492436588555,
    "dbi_std": 0.16525753076976202,
    "B": 12,
    "subsample": 0.8
  },
  "seed_sensitivity": {
    "spearman_rho_mean": 0.997370248484577,
    "spearman_rho_std": 0.0005839898766787879,
    "trials": 3
  },
  "noise_robustness": {
    "spearman_rho_mean": 0.9977309804377678,
    "spearman_rho_std": 0.0002840585021290715,
    "sigma": 0.01,
    "trials": 3
  },
  "k_top": 176,
  "n_samples": 1761,
  "contamination": 0.1
}