{
  "bootstrap": {
    "spearman_rho_mean": 0.9705121295189538,
    "spearman_rho_std": 0.0020878941122848198,
    "jaccard_at_k_mean": 0.6026518181690597,
    "jaccard_at_k_std": 0.0652606548423705,
    "ari_mean": 0.7197020028591387,
    "ari_std": 0.05395845993528776,
    "silhouette_std": 0.021186956070126526,
    "dunn_std": 0.007615405754588195,
    "dbi_std": 0.10503264026482417,
    "B": 4,
    "subsample": 0.8
  },
  "seed_sensitivity": {
    "spearman_rho_mean": 0.9779291866180762,
    "spearman_rho_std": 0.0,
    "trials": 1
  },
  "noise_robustness": {
    "spearman_rho_mean": 0.8062013998201708,
    "spearman_rho_std": 0.0,
    "sigma": 0.01,
    "trials": 1
  },
  "k_top": 28,
  "n_samples": 704,
  "contamination": 0.04
}