{
  "bootstrap": {
    "spearman_rho_mean": 0.9696061118385564,
    "spearman_rho_std": 0.0037617046277638963,
    "jaccard_at_k_mean": 0.519047619047619,
    "jaccard_at_k_std": 0.05238095238095236,
    "ari_mean": 0.6721396248995151,
    "ari_std": 0.04140203517774561,
    "silhouette_std": 0.017407655922550874,
    "dunn_std": 0.003582500295219441,
    "dbi_std": 0.32205429475204417,
    "B": 4,
    "subsample": 0.8
  },
  "seed_sensitivity": {
    "spearman_rho_mean": 0.9798888815929024,
    "spearman_rho_std": 0.0,
    "trials": 1
  },
  "noise_robustness": {
    "spearman_rho_mean": 0.8042909271532561,
    "spearman_rho_std": 0.0,
    "sigma": 0.01,
    "trials": 1
  },
  "k_top": 28,
  "n_samples": 704,
  "contamination": 0.04
}