{
  "contamination": 0.04,
  "methods": [
    "IF",
    "LOF",
    "AE",
    "PPCA_MAH",
    "OCSVM",
    "COPULA"
  ],
  "thresholds": {
    "IF": 0.5646629808788586,
    "LOF": 1.3847278590233674,
    "AE": 0.021890693502282142,
    "PPCA_MAH": 38.87569777872239,
    "OCSVM": 3.737019405924962e-05,
    "COPULA": -7.7522378587158505
  },
  "fused_threshold": 0.9020578473210052,
  "evals": {
    "IF": {
      "silhouette": 0.49117941250377994,
      "dunn": 0.030690406371781664,
      "dbi": 2.1701330966081698
    },
    "LOF": {
      "silhouette": 0.42844712187532574,
      "dunn": 0.01117373010730428,
      "dbi": 3.2280622291662273
    },
    "AE": {
      "silhouette": 0.22965847783482216,
      "dunn": 0.016874574583679827,
      "dbi": 2.998374256328034
    },
    "PPCA_MAH": {
      "silhouette": 0.5031841737772165,
      "dunn": 0.05062330705850511,
      "dbi": 1.1514921172512744
    },
    "OCSVM": {
      "silhouette": 0.4159715663006209,
      "dunn": 0.020562617083415582,
      "dbi": 3.0350901715917025
    },
    "COPULA": {
      "silhouette": 0.470416802341214,
      "dunn": 0.005949858912026055,
      "dbi": 2.103728107709484
    },
    "FUSED": {
      "silhouette": 0.4469915243237168,
      "dunn": 0.035619569364172626,
      "dbi": 2.6487045326560295
    }
  },
  "weights": {},
  "use_pca": false,
  "use_fa": true,
  "pca_components": 13
}