{
  "bootstrap": {
    "spearman_rho_mean": 0.9685482854346171,
    "spearman_rho_std": 0.0043361918132948625,
    "jaccard_at_k_mean": 0.688076923076923,
    "jaccard_at_k_std": 0.13721584708644347,
    "ari_mean": 0.7566755991517862,
    "ari_std": 0.10334399998764132,
    "silhouette_std": 0.034614271635528084,
    "dunn_std": 0.010241028240590956,
    "dbi_std": 0.4809799126173919,
    "B": 4,
    "subsample": 0.8
  },
  "seed_sensitivity": {
    "spearman_rho_mean": 0.9806334026400769,
    "spearman_rho_std": 0.0,
    "trials": 1
  },
  "noise_robustness": {
    "spearman_rho_mean": 0.9882389562173932,
    "spearman_rho_std": 0.0,
    "sigma": 0.01,
    "trials": 1
  },
  "k_top": 28,
  "n_samples": 704,
  "contamination": 0.04
}