{
  "contamination": 0.04,
  "methods": [
    "IF",
    "LOF",
    "AE",
    "PPCA_MAH",
    "HDBSCAN",
    "COPULA"
  ],
  "thresholds": {
    "IF": 0.5431686851951545,
    "LOF": 1.3698516131573095,
    "AE": 0.5739035030768048,
    "PPCA_MAH": 110.06252194481392,
    "HDBSCAN": 0.5091864570956107,
    "COPULA": 7.811525334260253
  },
  "fused_threshold": 0.9126979611190138,
  "evals": {
    "IF": {
      "silhouette": 0.5282723637245015,
      "dunn": 0.018880077496542694,
      "dbi": 1.4255394140316393
    },
    "LOF": {
      "silhouette": 0.40753762319990455,
      "dunn": 0.04436568622544537,
      "dbi": 2.5055048691248265
    },
    "AE": {
      "silhouette": 0.4159326309543154,
      "dunn": 0.04681833466575661,
      "dbi": 1.9696068960020348
    },
    "PPCA_MAH": {
      "silhouette": 0.530050382042549,
      "dunn": 0.0342563007203361,
      "dbi": 1.2684079778566424
    },
    "HDBSCAN": {
      "silhouette": 0.5427004010681785,
      "dunn": 0.04436568622544537,
      "dbi": 1.43724386428818
    },
    "COPULA": {
      "silhouette": 0.5133149964545901,
      "dunn": 0.018498496121144146,
      "dbi": 1.6497459911764305
    },
    "FUSED": {
      "silhouette": 0.5085488459510902,
      "dunn": 0.018880077496542694,
      "dbi": 1.332778153240423
    }
  },
  "weights": {},
  "use_pca": true,
  "use_fa": false,
  "pca_components": 7
}