{
  "bootstrap": {
    "spearman_rho_mean": 0.9943229310987071,
    "spearman_rho_std": 0.002175840441046868,
    "jaccard_at_k_mean": 0.8296998067437444,
    "jaccard_at_k_std": 0.08068139743955502,
    "ari_mean": 0.8903715991055271,
    "ari_std": 0.0342134641057056,
    "silhouette_std": 0.008656469320233428,
    "dunn_std": 0.007913620087203936,
    "dbi_std": 0.09215505536247744,
    "B": 12,
    "subsample": 0.8
  },
  "seed_sensitivity": {
    "spearman_rho_mean": 0.9987380666508666,
    "spearman_rho_std": 0.0002127897432221077,
    "trials": 3
  },
  "noise_robustness": {
    "spearman_rho_mean": 0.9975365144746929,
    "spearman_rho_std": 0.0007529691480165262,
    "sigma": 0.01,
    "trials": 3
  },
  "k_top": 35,
  "n_samples": 1761,
  "contamination": 0.02
}