{
  "contamination": 0.08,
  "methods": [
    "IF",
    "LOF",
    "AE",
    "PPCA_MAH",
    "OCSVM",
    "HDBSCAN",
    "COPULA"
  ],
  "thresholds": {
    "IF": 0.513182383257582,
    "LOF": 1.291120074608239,
    "AE": 0.16715457844471535,
    "PPCA_MAH": 89.74651558546566,
    "OCSVM": 4.6682991163394616e-05,
    "HDBSCAN": 0.4893327987492574,
    "COPULA": 6.65932814500379
  },
  "fused_threshold": 0.8583603896103897,
  "evals": {
    "IF": {
      "silhouette": 0.46222176768938544,
      "dunn": 0.016422393907890555,
      "dbi": 2.257034978718302
    },
    "LOF": {
      "silhouette": 0.3823766081429189,
      "dunn": 0.02350556947523262,
      "dbi": 2.440862525293802
    },
    "AE": {
      "silhouette": 0.20162756065534215,
      "dunn": 0.01133018591062536,
      "dbi": 4.281151786079796
    },
    "PPCA_MAH": {
      "silhouette": 0.45214910918564033,
      "dunn": 0.012307833423467533,
      "dbi": 1.9979754335631021
    },
    "OCSVM": {
      "silhouette": 0.4503584302149845,
      "dunn": 0.01464135757384162,
      "dbi": 2.420739850696323
    },
    "HDBSCAN": {
      "silhouette": 0.49429358806450474,
      "dunn": 0.016422393907890555,
      "dbi": 1.6276967006939917
    },
    "COPULA": {
      "silhouette": 0.45833590888879716,
      "dunn": 0.00776086095418653,
      "dbi": 2.1894791253771033
    },
    "FUSED": {
      "silhouette": 0.4644855862291569,
      "dunn": 0.02050834230534556,
      "dbi": 1.9119599590082126
    }
  },
  "weights": {},
  "use_pca": true,
  "use_fa": false,
  "pca_components": 7
}