{
  "bootstrap": {
    "spearman_rho_mean": 0.9953577192976063,
    "spearman_rho_std": 0.0011907695766088116,
    "jaccard_at_k_mean": 0.8814255490028197,
    "jaccard_at_k_std": 0.0564488122429429,
    "ari_mean": 0.9034060082574005,
    "ari_std": 0.028399037966788415,
    "silhouette_std": 0.0086564401663106,
    "dunn_std": 0.010916634398265946,
    "dbi_std": 0.10233486098543153,
    "B": 12,
    "subsample": 0.8
  },
  "seed_sensitivity": {
    "spearman_rho_mean": 0.9984089471848129,
    "spearman_rho_std": 9.82224672348175e-05,
    "trials": 3
  },
  "noise_robustness": {
    "spearman_rho_mean": 0.9952018101924831,
    "spearman_rho_std": 0.0003705883761789799,
    "sigma": 0.01,
    "trials": 3
  },
  "k_top": 70,
  "n_samples": 1761,
  "contamination": 0.04
}