{
  "contamination": 0.04,
  "methods": [
    "IF",
    "LOF",
    "PPCA_MAH",
    "OCSVM"
  ],
  "thresholds": {
    "IF": 0.5623156008042187,
    "LOF": 1.3557255227418987,
    "PPCA_MAH": 1254.6426227860238,
    "OCSVM": 2.5057068044986252e-05
  },
  "fused_threshold": 0.9160795454545455,
  "evals": {
    "IF": {
      "silhouette": 0.5785197771583425,
      "dunn": 0.043143084207138735,
      "dbi": 1.7644009263815335
    },
    "LOF": {
      "silhouette": 0.4904092116047208,
      "dunn": 0.02842943716477528,
      "dbi": 1.945379010133322
    },
    "PPCA_MAH": {
      "silhouette": 0.5744563297710933,
      "dunn": 0.01908478075539944,
      "dbi": 1.2497359856112906
    },
    "OCSVM": {
      "silhouette": 0.5129413544229285,
      "dunn": 0.01908478075539944,
      "dbi": 2.0936838677438896
    },
    "FUSED": {
      "silhouette": 0.5527449885691664,
      "dunn": 0.01908478075539944,
      "dbi": 1.8071118439349703
    }
  },
  "weights": {},
  "use_pca": false,
  "use_fa": false,
  "pca_components": null
}