{
  "contamination": 0.08,
  "methods": [
    "IF",
    "LOF",
    "AE",
    "PPCA_MAH",
    "OCSVM",
    "HDBSCAN"
  ],
  "thresholds": {
    "IF": 0.513360864173404,
    "LOF": 1.2433687631974153,
    "AE": 0.16715457844471535,
    "PPCA_MAH": 89.74651558546566,
    "OCSVM": 4.6682991163394616e-05,
    "HDBSCAN": 0.34024632603045846
  },
  "fused_threshold": 0.8375378787878788,
  "evals": {
    "IF": {
      "silhouette": 0.47479847873662645,
      "dunn": 0.010854229509860324,
      "dbi": 2.2741335908928284
    },
    "LOF": {
      "silhouette": 0.31072783642405416,
      "dunn": 0.01036223148903153,
      "dbi": 3.262259146503717
    },
    "AE": {
      "silhouette": 0.20162756065534215,
      "dunn": 0.01133018591062536,
      "dbi": 4.281151786079796
    },
    "PPCA_MAH": {
      "silhouette": 0.45214910918564033,
      "dunn": 0.012307833423467533,
      "dbi": 1.9979754335631021
    },
    "OCSVM": {
      "silhouette": 0.4503584302149845,
      "dunn": 0.01464135757384162,
      "dbi": 2.420739850696323
    },
    "HDBSCAN": {
      "silhouette": 0.479096725483947,
      "dunn": 0.016203986436416563,
      "dbi": 1.5884916360166126
    },
    "FUSED": {
      "silhouette": 0.4440106856143018,
      "dunn": 0.02020337218942071,
      "dbi": 2.059742971732547
    }
  },
  "weights": {},
  "use_pca": true,
  "use_fa": false,
  "pca_components": 7
}