{
  "bootstrap": {
    "spearman_rho_mean": 0.9552943010081211,
    "spearman_rho_std": 0.0077128467960623235,
    "jaccard_at_k_mean": 0.7181029258050088,
    "jaccard_at_k_std": 0.06646473362796178,
    "ari_mean": 0.796570737589278,
    "ari_std": 0.054830280441753816,
    "silhouette_std": 0.013292973629882247,
    "dunn_std": 0.002714052070260258,
    "dbi_std": 0.17341669125270676,
    "B": 12,
    "subsample": 0.8
  },
  "seed_sensitivity": {
    "spearman_rho_mean": 0.9827631103096778,
    "spearman_rho_std": 0.0016795274437628248,
    "trials": 3
  },
  "noise_robustness": {
    "spearman_rho_mean": 0.9687472005181945,
    "spearman_rho_std": 0.004202296435232932,
    "sigma": 0.01,
    "trials": 3
  },
  "k_top": 140,
  "n_samples": 1761,
  "contamination": 0.08
}