{
  "contamination": 0.07,
  "methods": [
    "IF",
    "LOF",
    "PPCA_MAH",
    "HDBSCAN",
    "COPULA"
  ],
  "thresholds": {
    "IF": 0.545869324269816,
    "LOF": 1.286437283687152,
    "PPCA_MAH": 556.733871703488,
    "HDBSCAN": 0.5988587104335608,
    "COPULA": 3.384443214748655
  },
  "fused_threshold": 0.8718435277382647,
  "evals": {
    "IF": {
      "silhouette": 0.47743512276287026,
      "dunn": 0.024776854412108643,
      "dbi": 2.4514298786450706
    },
    "LOF": {
      "silhouette": 0.30104831012910993,
      "dunn": 0.031083782037577324,
      "dbi": 4.290658773472555
    },
    "PPCA_MAH": {
      "silhouette": 0.46473213852096457,
      "dunn": 0.05191639516716484,
      "dbi": 1.4113855018392958
    },
    "HDBSCAN": {
      "silhouette": 0.4878539866286624,
      "dunn": 0.021215705950494775,
      "dbi": 1.663885693168893
    },
    "COPULA": {
      "silhouette": 0.3930354153627451,
      "dunn": 0.02691997328136976,
      "dbi": 3.5447817464499813
    },
    "FUSED": {
      "silhouette": 0.43683004060465475,
      "dunn": 0.02191969415389566,
      "dbi": 2.49195721880495
    }
  },
  "weights": {},
  "use_pca": false,
  "use_fa": false,
  "pca_components": null
}