{
  "bootstrap": {
    "spearman_rho_mean": 0.9859781004481727,
    "spearman_rho_std": 0.0033536444218297116,
    "jaccard_at_k_mean": 0.814444276653579,
    "jaccard_at_k_std": 0.02984945116187776,
    "ari_mean": 0.8819917817356685,
    "ari_std": 0.01992101540529349,
    "silhouette_std": 0.02679855893277999,
    "dunn_std": 0.02534149064278191,
    "dbi_std": 0.29160973674018903,
    "B": 4,
    "subsample": 0.8
  },
  "seed_sensitivity": {
    "spearman_rho_mean": 0.997544396652831,
    "spearman_rho_std": 0.0,
    "trials": 1
  },
  "noise_robustness": {
    "spearman_rho_mean": 0.9825593144309579,
    "spearman_rho_std": 0.0,
    "sigma": 0.01,
    "trials": 1
  },
  "k_top": 49,
  "n_samples": 704,
  "contamination": 0.07
}