{
  "bootstrap": {
    "spearman_rho_mean": 0.9875208325572836,
    "spearman_rho_std": 0.0007651503137788785,
    "jaccard_at_k_mean": 0.8252416188462699,
    "jaccard_at_k_std": 0.03507333904698539,
    "ari_mean": 0.8450068714103035,
    "ari_std": 0.011968366191926424,
    "silhouette_std": 0.024504910597860138,
    "dunn_std": 0.01092443119399021,
    "dbi_std": 0.28012877121686436,
    "B": 4,
    "subsample": 0.8
  },
  "seed_sensitivity": {
    "spearman_rho_mean": 0.9974699021395041,
    "spearman_rho_std": 0.0,
    "trials": 1
  },
  "noise_robustness": {
    "spearman_rho_mean": 0.9891096541025711,
    "spearman_rho_std": 0.0,
    "sigma": 0.01,
    "trials": 1
  },
  "k_top": 49,
  "n_samples": 704,
  "contamination": 0.07
}