{
  "contamination": 0.04,
  "methods": [
    "IF",
    "LOF",
    "PPCA_MAH",
    "OCSVM",
    "HDBSCAN"
  ],
  "thresholds": {
    "IF": 0.5638749858957335,
    "LOF": 1.3557255227418987,
    "PPCA_MAH": 1254.6426227860238,
    "OCSVM": 2.5057068044986252e-05,
    "HDBSCAN": 0.538477478400442
  },
  "fused_threshold": 0.9169318181818182,
  "evals": {
    "IF": {
      "silhouette": 0.5737162862591108,
      "dunn": 0.038089468606442745,
      "dbi": 1.827516951901719
    },
    "LOF": {
      "silhouette": 0.4904092116047208,
      "dunn": 0.02842943716477528,
      "dbi": 1.945379010133322
    },
    "PPCA_MAH": {
      "silhouette": 0.5744563297710933,
      "dunn": 0.01908478075539944,
      "dbi": 1.2497359856112906
    },
    "OCSVM": {
      "silhouette": 0.5129413544229285,
      "dunn": 0.01908478075539944,
      "dbi": 2.0936838677438896
    },
    "HDBSCAN": {
      "silhouette": 0.586769233184407,
      "dunn": 0.03823333466661124,
      "dbi": 1.146427121285147
    },
    "FUSED": {
      "silhouette": 0.5583548888709304,
      "dunn": 0.041721745933339854,
      "dbi": 1.6898371643549228
    }
  },
  "weights": {},
  "use_pca": false,
  "use_fa": false,
  "pca_components": null
}