{
  "bootstrap": {
    "spearman_rho_mean": 0.9814955996625447,
    "spearman_rho_std": 0.005091440958534726,
    "jaccard_at_k_mean": 0.8920670745862352,
    "jaccard_at_k_std": 0.05734280148048129,
    "ari_mean": 0.9205917190644896,
    "ari_std": 0.029980556635713605,
    "silhouette_std": 0.009963447709593514,
    "dunn_std": 0.011495733633584007,
    "dbi_std": 0.12561875911154569,
    "B": 12,
    "subsample": 0.8
  },
  "seed_sensitivity": {
    "spearman_rho_mean": 0.9992128819450338,
    "spearman_rho_std": 7.64856824205933e-05,
    "trials": 3
  },
  "noise_robustness": {
    "spearman_rho_mean": 0.9924144377862122,
    "spearman_rho_std": 0.0019234538872175955,
    "sigma": 0.01,
    "trials": 3
  },
  "k_top": 70,
  "n_samples": 1761,
  "contamination": 0.04
}