{
  "contamination": 0.03,
  "methods": [
    "IF",
    "LOF",
    "AE",
    "PPCA_MAH",
    "OCSVM",
    "HDBSCAN",
    "COPULA"
  ],
  "thresholds": {
    "IF": 0.5549424261387272,
    "LOF": 1.3701025025229663,
    "AE": 0.6245458490959294,
    "PPCA_MAH": 122.03422683068318,
    "OCSVM": 7.762990740658799e-05,
    "HDBSCAN": 0.3011203851778423,
    "COPULA": 8.570908146056633
  },
  "fused_threshold": 0.8909916683600893,
  "evals": {
    "IF": {
      "silhouette": 0.5503929924911777,
      "dunn": 0.038310204839555065,
      "dbi": 1.6021451808381908
    },
    "LOF": {
      "silhouette": 0.41573690225997645,
      "dunn": 0.053698950261734046,
      "dbi": 2.620350066603465
    },
    "AE": {
      "silhouette": 0.43388831871285605,
      "dunn": 0.04868188799704507,
      "dbi": 1.9075608766791632
    },
    "PPCA_MAH": {
      "silhouette": 0.5570322079351896,
      "dunn": 0.04703393309996374,
      "dbi": 1.255227849627813
    },
    "OCSVM": {
      "silhouette": 0.44045063461208883,
      "dunn": 0.022424212856614483,
      "dbi": 2.488584042590307
    },
    "HDBSCAN": {
      "silhouette": 0.480593725658585,
      "dunn": 0.016518255662292564,
      "dbi": 1.7738902606692428
    },
    "COPULA": {
      "silhouette": 0.555498311350058,
      "dunn": 0.06387250003488014,
      "dbi": 1.2366651977894911
    },
    "FUSED": {
      "silhouette": 0.5474922519029899,
      "dunn": 0.04054492375304665,
      "dbi": 1.1717198776969653
    }
  },
  "weights": {},
  "use_pca": true,
  "use_fa": false,
  "pca_components": 7
}