{
  "bootstrap": {
    "spearman_rho_mean": 0.9624290311382766,
    "spearman_rho_std": 0.002514717275187061,
    "jaccard_at_k_mean": 0.6274018379281537,
    "jaccard_at_k_std": 0.10874613263340337,
    "ari_mean": 0.7239429375703366,
    "ari_std": 0.05811193007598149,
    "silhouette_std": 0.047741809011461245,
    "dunn_std": 0.010909802074159394,
    "dbi_std": 0.35436080839908135,
    "B": 4,
    "subsample": 0.8
  },
  "seed_sensitivity": {
    "spearman_rho_mean": 0.9828991027051761,
    "spearman_rho_std": 0.0,
    "trials": 1
  },
  "noise_robustness": {
    "spearman_rho_mean": 0.9812857660501952,
    "spearman_rho_std": 0.0,
    "sigma": 0.01,
    "trials": 1
  },
  "k_top": 21,
  "n_samples": 704,
  "contamination": 0.03
}