{
  "bootstrap": {
    "spearman_rho_mean": 0.9565056935108114,
    "spearman_rho_std": 0.005050645191156107,
    "jaccard_at_k_mean": 0.6133231629799136,
    "jaccard_at_k_std": 0.14277622312829677,
    "ari_mean": 0.6860990237953779,
    "ari_std": 0.08247610221457843,
    "silhouette_std": 0.04335890906445587,
    "dunn_std": 0.014511571276663408,
    "dbi_std": 0.4554391643599258,
    "B": 4,
    "subsample": 0.8
  },
  "seed_sensitivity": {
    "spearman_rho_mean": 0.9808838289000492,
    "spearman_rho_std": 0.0,
    "trials": 1
  },
  "noise_robustness": {
    "spearman_rho_mean": 0.9818452728306912,
    "spearman_rho_std": 0.0,
    "sigma": 0.01,
    "trials": 1
  },
  "k_top": 21,
  "n_samples": 704,
  "contamination": 0.03
}