{
  "contamination": 0.02,
  "methods": [
    "IF",
    "LOF",
    "PPCA_MAH",
    "OCSVM"
  ],
  "thresholds": {
    "IF": 0.6046636765857991,
    "LOF": 1.5535355087545102,
    "PPCA_MAH": 155.8435895102638,
    "OCSVM": 7.419301288624737e-05
  },
  "fused_threshold": 0.9579261363636363,
  "evals": {
    "IF": {
      "silhouette": 0.5774376453787902,
      "dunn": 0.023314964145398596,
      "dbi": 1.6419245801816604
    },
    "LOF": {
      "silhouette": 0.533779217858381,
      "dunn": 0.04076871190587538,
      "dbi": 1.7501492245085573
    },
    "PPCA_MAH": {
      "silhouette": 0.6020905243931871,
      "dunn": 0.045724965004390515,
      "dbi": 0.933826620998381
    },
    "OCSVM": {
      "silhouette": 0.49370159088043686,
      "dunn": 0.024711887787251547,
      "dbi": 2.294429391637242
    },
    "FUSED": {
      "silhouette": 0.5783539646049173,
      "dunn": 0.0322626506482669,
      "dbi": 1.3886118957732838
    }
  },
  "weights": {},
  "use_pca": false,
  "use_fa": true,
  "pca_components": 13
}