{
  "contamination": 0.08,
  "methods": [
    "IF",
    "LOF",
    "PPCA_MAH",
    "HDBSCAN",
    "COPULA"
  ],
  "thresholds": {
    "IF": 0.5105544124830235,
    "LOF": 1.2982531747822277,
    "PPCA_MAH": 87.7061965745973,
    "HDBSCAN": 0.4618747549359807,
    "COPULA": 6.65932814500379
  },
  "fused_threshold": 0.8880681818181817,
  "evals": {
    "IF": {
      "silhouette": 0.47667592750177484,
      "dunn": 0.01708219202792265,
      "dbi": 2.0705878506924082
    },
    "LOF": {
      "silhouette": 0.3973743240874845,
      "dunn": 0.015969714814848494,
      "dbi": 2.370788039945375
    },
    "PPCA_MAH": {
      "silhouette": 0.4580889996557089,
      "dunn": 0.012307833423467533,
      "dbi": 1.8502919753135745
    },
    "HDBSCAN": {
      "silhouette": 0.5043954906645173,
      "dunn": 0.01809737407994018,
      "dbi": 1.5666201023592572
    },
    "COPULA": {
      "silhouette": 0.45833590888879716,
      "dunn": 0.00776086095418653,
      "dbi": 2.1894791253771033
    },
    "FUSED": {
      "silhouette": 0.48672566649570276,
      "dunn": 0.019571902412915475,
      "dbi": 1.7577017893376157
    }
  },
  "weights": {},
  "use_pca": true,
  "use_fa": false,
  "pca_components": 7
}